city,date,pm25,pm10,o3,no2,so2,co
bangkok,10/1/2024,51,19, , , , 
bangkok,10/2/2024,44,24, , , , 
bangkok,10/3/2024,51,19, , , , 
bangkok,10/4/2024,52,34, , , , 
bangkok,10/5/2024,77,45, , , , 
bangkok,10/6/2024,88,39, , , , 
bangkok,10/7/2024,71,56, , , , 
bangkok,10/8/2024,55,22, , , , 
bangkok,10/9/2024,63,37, , , , 
bangkok,10/10/2024,83,30, , , , 
bangkok,10/11/2024,74,40, , , , 
bangkok,10/12/2024,91,23, , , , 
bangkok,10/13/2024,66,27, , , , 
bangkok,10/14/2024,74,33, , , , 
bangkok,10/15/2024,92,30, , , , 
bangkok,10/16/2024,80,31, , , , 
bangkok,10/17/2024,92,45, , , , 
bangkok,10/18/2024,66,51, , , , 
bangkok,10/19/2024,44,44, , , , 
bangkok,10/20/2024,33,23, , , , 
bangkok,10/21/2024,60,30, , , , 
bangkok,10/22/2024,73,28, , , , 
bangkok,10/23/2024,69,41, , , , 
bangkok,10/24/2024,93,45, , , , 
bangkok,10/25/2024,122,38, , , , 
bangkok,10/26/2024,77, , , , , 
bangkok,7/1/2024,46,23,7,1, , 
bangkok,7/2/2024,54,23,7, , , 
bangkok,7/3/2024,56,23,9, , , 
bangkok,7/4/2024,59,17,1, , , 
bangkok,7/5/2024,43,31,6, , , 
bangkok,7/6/2024,61,20,10, , , 
bangkok,7/7/2024,53,19,11, , , 
bangkok,7/8/2024,53,22,4, , , 
bangkok,7/9/2024,59,20,6, , , 
bangkok,7/10/2024,54,25,5, , , 
bangkok,7/11/2024,56,23,6, , , 
bangkok,7/12/2024,51,27,8, , , 
bangkok,7/13/2024,62,24,9, , , 
bangkok,7/14/2024,56,26,8, , , 
bangkok,7/15/2024,59,24,6,1, , 
bangkok,7/16/2024,56,24,6, , , 
bangkok,7/17/2024,50,20,6, , , 
bangkok,7/18/2024,50,16,6, , , 
bangkok,7/19/2024,48,19,7, , , 
bangkok,7/20/2024,50,22,8, , , 
bangkok,7/21/2024,59,34,8, , , 
bangkok,7/22/2024,67,33,8, , , 
bangkok,7/23/2024,69,17,8, , , 
bangkok,7/24/2024,44,21,9, , , 
bangkok,7/25/2024,51,25,9, , , 
bangkok,7/26/2024,58,22,8, , , 
bangkok,7/27/2024,54,15,9, , , 
bangkok,7/28/2024,45,12,7, , , 
bangkok,7/29/2024,25,17,6, , , 
bangkok,7/30/2024,50,17,8, , , 
bangkok,7/31/2024,50,21,6, , , 
bangkok,8/1/2024,52,28,7, , , 
bangkok,8/2/2024,67,24,6, , , 
bangkok,8/3/2024,60,29, , , , 
bangkok,8/4/2024,57,19,9, , , 
bangkok,8/5/2024,48,25,11, , , 
bangkok,8/6/2024,61,18,11, , , 
bangkok,8/7/2024,53,26,11, , , 
bangkok,8/8/2024,65,24,10, , , 
bangkok,8/9/2024,57,21,8, ,1, 
bangkok,8/10/2024,51,19,7, ,2, 
bangkok,8/11/2024,46,16,9, ,3, 
bangkok,8/12/2024,44,20,8, ,3, 
bangkok,8/13/2024,52,28,10, ,5, 
bangkok,8/14/2024,67,24,10, ,5, 
bangkok,8/15/2024,54,21,8, ,7, 
bangkok,8/16/2024,53,17,6,1,8, 
bangkok,8/17/2024,46,20,11, ,9, 
bangkok,8/18/2024,51,19,10, ,10, 
bangkok,8/19/2024,48,21,6, ,11, 
bangkok,8/20/2024,56,33,6, ,12, 
bangkok,8/21/2024,52,28,10, ,12, 
bangkok,8/22/2024,58,26,9, ,27, 
bangkok,8/23/2024,51,25,8, ,19, 
bangkok,8/24/2024,59,19,10, ,17, 
bangkok,8/25/2024,53,21,10, ,18, 
bangkok,8/26/2024,51,16,10, ,21, 
bangkok,8/27/2024,52,18,10, ,23, 
bangkok,8/28/2024,47,20,12, ,25, 
bangkok,8/29/2024,49,23,8, ,28, 
bangkok,8/30/2024,57,14,10, ,30, 
bangkok,8/31/2024,30,13,9, ,32, 
bangkok,9/1/2024,47,19,13, ,32, 
bangkok,9/2/2024,51,29,10, ,34, 
bangkok,9/3/2024,54,20,8, ,36, 
bangkok,9/4/2024,57,25,10, ,37, 
bangkok,9/5/2024,60,29,5, ,39, 
bangkok,9/6/2024,66,28,10, ,40, 
bangkok,9/7/2024,66,27,12, ,41, 
bangkok,9/8/2024,51,23,8, ,42, 
bangkok,9/9/2024,50,30,8, ,43, 
bangkok,9/10/2024,54,25,11, ,44, 
bangkok,9/11/2024,52,25,9, ,46, 
bangkok,9/12/2024,57,28,8, ,47, 
bangkok,9/13/2024,62,22,6, ,48, 
bangkok,9/14/2024,61,25,9, ,49, 
bangkok,9/15/2024,57,44,10, ,49, 
bangkok,9/16/2024,71,10,18, ,50, 
bangkok,9/17/2024,84,13,11, ,50, 
bangkok,9/18/2024,61,11,10, ,50, 
bangkok,9/19/2024,73,13,8,1,50, 
bangkok,9/20/2024,54,4,10, ,51, 
bangkok,9/21/2024,11,8,11, , , 
bangkok,9/22/2024,13,21,9,1, , 
bangkok,9/23/2024,62,21,12,1, , 
bangkok,9/24/2024,59,29,11, , , 
bangkok,9/25/2024,72,31, , , , 
bangkok,9/26/2024,85,33, , , , 
bangkok,9/27/2024,95,36, , , , 
bangkok,9/28/2024,78,20, , , , 
bangkok,9/29/2024,56,22, , , , 
bangkok,9/30/2024,52,18, , , , 
bangkok,4/1/2024,99,56,32,2, , 
bangkok,4/2/2024,95,51,30,3, , 
bangkok,4/3/2024,94,53,30,3, , 
bangkok,4/4/2024,88,54,30,3, , 
bangkok,4/5/2024,94,56,31,2, , 
bangkok,4/6/2024,91,49,26,2, , 
bangkok,4/7/2024,81,42,25,2, , 
bangkok,4/8/2024,76,38,26,2, , 
bangkok,4/9/2024,61,41,20,1, , 
bangkok,4/10/2024,77,60,24,1, , 
bangkok,4/11/2024,145,51,25,2, , 
bangkok,4/12/2024,97,48,23,2, , 
bangkok,4/13/2024,92,50,22,3, , 
bangkok,4/14/2024,91,44,22,3, , 
bangkok,4/15/2024,88,38,24,1, , 
bangkok,4/16/2024,82,43,21,2, , 
bangkok,4/17/2024,82,47,22,1, , 
bangkok,4/18/2024,87,52,25,2, , 
bangkok,4/19/2024,105,60,22,2, , 
bangkok,4/20/2024,123,64,24,2, , 
bangkok,4/21/2024,130,61,27,2, , 
bangkok,4/22/2024,114,56,27,2, , 
bangkok,4/23/2024,98,49,25,2,1, 
bangkok,4/24/2024,79,40,26,1, , 
bangkok,4/25/2024,64,48,25,2, , 
bangkok,4/26/2024,69,53,26,2, , 
bangkok,4/27/2024,71,47,27,2, , 
bangkok,4/28/2024,63,44,26,3, , 
bangkok,4/29/2024,58,61,28,2, , 
bangkok,4/30/2024,95,64,27,2, , 
bangkok,5/1/2024,123,66,26,2, , 
bangkok,5/2/2024,122,59,28,2,23, 
bangkok,5/3/2024,113,54,22,2,5, 
bangkok,5/4/2024,102,57,24,2, , 
bangkok,5/5/2024,126,55,23,2, , 
bangkok,5/6/2024,114,41,18,1, , 
bangkok,5/7/2024,82,39,22,1, , 
bangkok,5/8/2024,83,36,19,1, , 
bangkok,5/9/2024,73,31,22,1, , 
bangkok,5/10/2024,73,31,20, , , 
bangkok,5/11/2024,71,42,17,1, , 
bangkok,5/12/2024,97,40,21, , , 
bangkok,5/13/2024,75,38,19, , , 
bangkok,5/14/2024,82,43,19,3, , 
bangkok,5/15/2024,112,35,18,1, , 
bangkok,5/16/2024,78,31,17, , , 
bangkok,5/17/2024,69,27,14, , , 
bangkok,5/18/2024,65,30,20, , , 
bangkok,5/19/2024,59,26,81, , , 
bangkok,5/20/2024,64,26,23, , , 
bangkok,5/21/2024,56,26,11, , , 
bangkok,5/22/2024,53,23,9, ,25, 
bangkok,5/23/2024,50,18,20,1,5, 
bangkok,5/24/2024,46,21,11,1,1, 
bangkok,5/25/2024,50,24,11, , , 
bangkok,5/26/2024,42,26,11, ,1, 
bangkok,5/27/2024,52,27,9, , , 
bangkok,5/28/2024,59,32,9, , , 
bangkok,5/29/2024,59,30,10, , , 
bangkok,5/30/2024,58,24,15, , , 
bangkok,5/31/2024,52,21,12, , , 
bangkok,6/1/2024,44,21,10, , , 
bangkok,6/2/2024,39,24,10, , , 
bangkok,6/3/2024,52,32,12, , , 
bangkok,6/4/2024,67,26,11, , , 
bangkok,6/5/2024,55,25,11, , , 
bangkok,6/6/2024,53,27,11, ,2, 
bangkok,6/7/2024,60,25,13, , , 
bangkok,6/8/2024,63,28,14, , , 
bangkok,6/9/2024,47,20,11, , , 
bangkok,6/10/2024,40,21,10, , , 
bangkok,6/11/2024,49,23,11, , , 
bangkok,6/12/2024,46,29,9, , , 
bangkok,6/13/2024,63,29,9, , , 
bangkok,6/14/2024,58,30,9, , , 
bangkok,6/15/2024,64,22,10,1, , 
bangkok,6/16/2024,59,23,10, ,19, 
bangkok,6/17/2024,57,30,15, , , 
bangkok,6/18/2024,63,28,27, , , 
bangkok,6/19/2024,62,21,8, , , 
bangkok,6/20/2024,52,22,15, ,4, 
bangkok,6/21/2024,51,23,10,1,1, 
bangkok,6/22/2024,47,20,8, , , 
bangkok,6/23/2024,46,21,7, , , 
bangkok,6/24/2024,50,20,7, , , 
bangkok,6/25/2024,44,22,6, , , 
bangkok,6/26/2024,49,29,7, , , 
bangkok,6/27/2024,63,20,7, ,2, 
bangkok,6/28/2024,58,26,9, ,4, 
bangkok,6/29/2024,57,21,6, ,2, 
bangkok,6/30/2024,50,20,4, , , 
bangkok,1/1/2024,98,43,20,2,2, 
bangkok,1/2/2024,101,41,24,2,1, 
bangkok,1/3/2024,85,49,19,1,1, 
bangkok,1/4/2024,100,46,22,1,1, 
bangkok,1/5/2024,97,50,30,1,2, 
bangkok,1/6/2024,108,54,24,2,3, 
bangkok,1/7/2024,108,51,29,1,2, 
bangkok,1/8/2024,116,64,37,2,1, 
bangkok,1/9/2024,160,55,37,2,1, 
bangkok,1/10/2024,130,48,22,1, , 
bangkok,1/11/2024,108,47,20,1,1, 
bangkok,1/12/2024,100,45,23,1, , 
bangkok,1/13/2024,100,48,23,1,1, 
bangkok,1/14/2024,110,47,21,1,2, 
bangkok,1/15/2024,107,47,22,1,1, 
bangkok,1/16/2024,95,60,25,1,1, 
bangkok,1/17/2024,128,69,34,1, , 
bangkok,1/18/2024,143,65,35,1, , 
bangkok,1/19/2024,155,59,28,2, , 
bangkok,1/20/2024,141,61,27,2, , 
bangkok,1/21/2024,119,58,31,1, , 
bangkok,1/22/2024,127,60,20,1, , 
bangkok,1/23/2024,140,55,19,1, , 
bangkok,1/24/2024,101,48,19,2, , 
bangkok,1/25/2024,97,48,25,2, , 
bangkok,1/26/2024,113,56,26,1, , 
bangkok,1/27/2024,135,65,25,1, , 
bangkok,1/28/2024,148,55,25,1, , 
bangkok,1/29/2024,126,65,31,2, , 
bangkok,1/30/2024,160,63,39,2, , 
bangkok,1/31/2024,160,43,20,2, , 
bangkok,2/1/2024,108,35,19,2, , 
bangkok,2/2/2024,89,37,18,3, , 
bangkok,2/3/2024,92,42,23,2, , 
bangkok,2/4/2024,96,49,35,3, , 
bangkok,2/5/2024,111,50,22,2, , 
bangkok,2/6/2024,100,45,20,3, , 
bangkok,2/7/2024,94,51,21,2, , 
bangkok,2/8/2024,89,52,27,1, , 
bangkok,2/9/2024,87,44,18, , , 
bangkok,2/10/2024,113,51,26,1, , 
bangkok,2/11/2024,123,65,25,2, , 
bangkok,2/12/2024,151,79,32,2, , 
bangkok,2/13/2024,156,81,39,2, , 
bangkok,2/14/2024,165,69,39,3, , 
bangkok,2/15/2024,154,58,27,2, , 
bangkok,2/16/2024,108,63,28,3, , 
bangkok,2/17/2024,92,53,23,2, , 
bangkok,2/18/2024,79,49,21,2, , 
bangkok,2/19/2024,75,37,18,1, , 
bangkok,2/20/2024,63,35,19,2, , 
bangkok,2/21/2024,69,36,18,2, , 
bangkok,2/22/2024,71,43,20,2, , 
bangkok,2/23/2024,72,47,21,2, , 
bangkok,2/24/2024,75,50,24,1, , 
bangkok,2/25/2024,75,50,29,1, , 
bangkok,2/26/2024,94,61,30,1, , 
bangkok,2/27/2024,116,60,28,1, , 
bangkok,2/28/2024,89,55,24,2, , 
bangkok,2/29/2024,80,56,22,1, , 
bangkok,3/1/2024,82,48,22,1, , 
bangkok,3/2/2024,95,56,23,2, , 
bangkok,3/3/2024,95,57,23,2, , 
bangkok,3/4/2024,90,59,28,2, , 
bangkok,3/5/2024,86,61,31,4, , 
bangkok,3/6/2024,83,64,33,3, , 
bangkok,3/7/2024,97,54,23,2, , 
bangkok,3/8/2024,88,58,16,1, , 
bangkok,3/9/2024,85,50,24,1, , 
bangkok,3/10/2024,73,60,24,1, , 
bangkok,3/11/2024,113,57,15, , , 
bangkok,3/12/2024,99,52,19,1, , 
bangkok,3/13/2024,88,51,23,1, , 
bangkok,3/14/2024,82,49,28,3, , 
bangkok,3/15/2024,78,51,28,2, , 
bangkok,3/16/2024,78,44,21,2, , 
bangkok,3/17/2024,81,51,27,1, , 
bangkok,3/18/2024,92,47,17,2, , 
bangkok,3/19/2024,97,40,12, , , 
bangkok,3/20/2024,104,59,19,1, , 
bangkok,3/21/2024,135,57,22,1, , 
bangkok,3/22/2024,141,44,21,2, , 
bangkok,3/23/2024,79,37,18,2, , 
bangkok,3/24/2024,79,44,26,3, , 
bangkok,3/25/2024,88,41,27,2, , 
bangkok,3/26/2024,77,36,21, , , 
bangkok,3/27/2024,75,32,22,1, , 
bangkok,3/28/2024,76,36,22,1, , 
bangkok,3/29/2024,87,35,19,1, , 
bangkok,3/30/2024,71,44,23,2, , 
bangkok,3/31/2024,70,60,27,2, , 
bangkok,10/1/2023,58,21,10,12, , 
bangkok,10/2/2023,33,24,12,11, , 
bangkok,10/3/2023,47,19,7,14, , 
bangkok,10/4/2023,66,31,14,18, , 
bangkok,10/5/2023,71,18,9,12, , 
bangkok,10/6/2023,43,24,9, , , 
bangkok,10/7/2023,45,18,10,9, , 
bangkok,10/8/2023,55,31,17,15, , 
bangkok,10/9/2023,72,35,12,21, , 
bangkok,10/10/2023,61,25,9,18, , 
bangkok,10/11/2023,43,32,17,21, , 
bangkok,10/12/2023,61,37,18,22, , 
bangkok,10/13/2023,86,33,25,22, , 
bangkok,10/14/2023,68,29,22,20, , 
bangkok,10/15/2023,76,31,22,24, , 
bangkok,10/16/2023,87,46,25,25, , 
bangkok,10/17/2023,111,54,28,27, , 
bangkok,10/18/2023,124,36,14,27, , 
bangkok,10/19/2023,94,56,23,29, , 
bangkok,10/20/2023,117,44,14,22, , 
bangkok,10/21/2023,87,28,16,17, , 
bangkok,10/22/2023,68,35,26,22, , 
bangkok,10/23/2023,93,46,21,27, , 
bangkok,10/24/2023,105,33,20,25, , 
bangkok,10/25/2023,89,27,19,19, , 
bangkok,10/26/2023,78,21,12,17, , 
bangkok,10/27/2023,69,34,10,15, , 
bangkok,10/28/2023,77,36,17,17, , 
bangkok,10/29/2023,83,31,14,17, , 
bangkok,10/30/2023,69,25,14,16, , 
bangkok,10/31/2023,58,35,21,24, , 
bangkok,11/1/2023,72,32,20,17, , 
bangkok,11/2/2023,84,42,27,22, , 
bangkok,11/3/2023,97,48,16,28, , 
bangkok,11/4/2023,117,36,16,15, , 
bangkok,11/5/2023,88,36,15,20, , 
bangkok,11/6/2023,87,27,16,22, , 
bangkok,11/7/2023,64,32,22,21, , 
bangkok,11/8/2023,76,34,11,21, , 
bangkok,11/9/2023,79,46,13,15, , 
bangkok,11/10/2023,89,33,12,10, , 
bangkok,11/11/2023,77,29,11,15, , 
bangkok,11/12/2023,70,32,12,19, , 
bangkok,11/13/2023,71,26,16,15, , 
bangkok,11/14/2023,59,25,17,16, , 
bangkok,11/15/2023,60,26,15,14, , 
bangkok,11/16/2023,56,25,19,18, , 
bangkok,11/17/2023,53,46,23,14, , 
bangkok,11/18/2023,84,50,27,6, , 
bangkok,11/19/2023,102,50,27,5, , 
bangkok,11/20/2023,104,53,31,7, , 
bangkok,11/21/2023,103,54,29,15, , 
bangkok,11/22/2023,119,54,21,23, , 
bangkok,11/23/2023,111,55,5,19, , 
bangkok,11/24/2023,110,42,25,4, , 
bangkok,11/25/2023,84,49,26,13, , 
bangkok,11/26/2023,100,30,18,9, , 
bangkok,11/27/2023,74,51,26,2, , 
bangkok,11/28/2023,105,62,23,1, , 
bangkok,11/29/2023,133,57,19,1, , 
bangkok,11/30/2023,119,42,18,4, , 
bangkok,12/1/2023,84,39,15,1, , 
bangkok,12/2/2023,69,34,20, , , 
bangkok,12/3/2023,72,30,18,6, , 
bangkok,12/4/2023,73,41,22, , , 
bangkok,12/5/2023,100,40,24,17, , 
bangkok,12/6/2023,90,34,17,17, , 
bangkok,12/7/2023,58,41,23,26, , 
bangkok,12/8/2023,64,49,35,30, , 
bangkok,12/9/2023,110,59,34,13, , 
bangkok,12/10/2023,145,46,28,1, , 
bangkok,12/11/2023,111,56,23,1, , 
bangkok,12/12/2023,131,45,16,1, , 
bangkok,12/13/2023,111,45,16,1, , 
bangkok,12/14/2023,80,53,20,1, , 
bangkok,12/15/2023,111,58,21,1, , 
bangkok,12/16/2023,116,47,16,1,1, 
bangkok,12/17/2023,101,37,21,1,2, 
bangkok,12/18/2023,74,48,20,1,3, 
bangkok,12/19/2023,96,47,25,1,2, 
bangkok,12/20/2023,91,36,23, ,1, 
bangkok,12/21/2023,67,45,24,1,2, 
bangkok,12/22/2023,76,54,24,1,1, 
bangkok,12/23/2023,96,54,20,1,1, 
bangkok,12/24/2023,105,55,24,1,1, 
bangkok,12/25/2023,115,60,25,2,2, 
bangkok,12/26/2023,131,56,27,1,2, 
bangkok,12/27/2023,125,53,26,1, , 
bangkok,12/28/2023,121,49,24,1,1, 
bangkok,12/29/2023,117,50,30,1, , 
bangkok,12/30/2023,124,44,25,1, , 
bangkok,12/31/2023,118,41,19,1,1, 
bangkok,7/1/2023,45,14,13,5, , 
bangkok,7/2/2023,26,20,16,10, , 
bangkok,7/3/2023,45,29,8,9, , 
bangkok,7/4/2023,62,33,13,16, , 
bangkok,7/5/2023,69,36,22,13, , 
bangkok,7/6/2023,63,22,20,11, , 
bangkok,7/7/2023,57,26,18,8, , 
bangkok,7/8/2023,53,28,9,11, , 
bangkok,7/9/2023,65,21,10,9, , 
bangkok,7/10/2023,52,21,13,11, , 
bangkok,7/11/2023,48,23,14,14, , 
bangkok,7/12/2023,59,25,15,11, , 
bangkok,7/13/2023,55,25,11,9, , 
bangkok,7/14/2023,54,34,11,9, , 
bangkok,7/15/2023,65,26,11,7, , 
bangkok,7/16/2023,63,13,13,7, , 
bangkok,7/17/2023,34,17,12,8, , 
bangkok,7/18/2023,44,22,11,7, , 
bangkok,7/19/2023,56,33,13,11, , 
bangkok,7/20/2023,73,25,14,10, , 
bangkok,7/21/2023,67,22,16,12, , 
bangkok,7/22/2023,60,18,13,11, , 
bangkok,7/23/2023,51,26,15,8,1, 
bangkok,7/24/2023,56,29,13,10,14, 
bangkok,7/25/2023,55,30,13,9,17, 
bangkok,7/26/2023,58,32,10,6,6, 
bangkok,7/27/2023,53,35,9,7,13, 
bangkok,7/28/2023,60,26,11,7,23, 
bangkok,7/29/2023,55,20,9,6,20, 
bangkok,7/30/2023,58,22,8,3,32, 
bangkok,7/31/2023,54,30,9,5,30, 
bangkok,8/1/2023,60,34,7,4,14, 
bangkok,8/2/2023,67,30,10, , , 
bangkok,8/3/2023,72,42,14,8,3, 
bangkok,8/4/2023,78,29,12,7,4, 
bangkok,8/5/2023,63,28,9,6,13, 
bangkok,8/6/2023,62,31,9,8, , 
bangkok,8/7/2023,60,29,8,7, , 
bangkok,8/8/2023,61,28,11,6, , 
bangkok,8/9/2023,64,31,17,6, , 
bangkok,8/10/2023,70,35,16,8, , 
bangkok,8/11/2023,60,44,11,9, , 
bangkok,8/12/2023,73,42,15,7, , 
bangkok,8/13/2023,66,43,13,8, , 
bangkok,8/14/2023,67,34,13,9, , 
bangkok,8/15/2023,68,27,15,10, , 
bangkok,8/16/2023,63,27,16,11, , 
bangkok,8/17/2023,61,30,13,11, , 
bangkok,8/18/2023,63,36,16,11, , 
bangkok,8/19/2023,67,31,15,10, , 
bangkok,8/20/2023,68,25,12,12, , 
bangkok,8/21/2023,55,30,19,11, , 
bangkok,8/22/2023,61,28,13,11, , 
bangkok,8/23/2023,63,26,10,8, , 
bangkok,8/24/2023,66,24,14,10, , 
bangkok,8/25/2023,62,27,10,9, , 
bangkok,8/26/2023,66,26,11,9, , 
bangkok,8/27/2023,54,32,13,6, , 
bangkok,8/28/2023,54,28,15,7, , 
bangkok,8/29/2023,53,22,14,10,1, 
bangkok,8/30/2023,55,36,15,12, , 
bangkok,8/31/2023,70,29,11,11, , 
bangkok,9/1/2023,66,36,14,11, , 
bangkok,9/2/2023,73,28,17,8, , 
bangkok,9/3/2023,64,20,16,10, , 
bangkok,9/4/2023,52,19,11,8, , 
bangkok,9/5/2023,41,22,12,12, , 
bangkok,9/6/2023,52,31,11,6, , 
bangkok,9/7/2023,64,26,12,2, , 
bangkok,9/8/2023,51,19,15,2, , 
bangkok,9/9/2023,54,15,9,2, , 
bangkok,9/10/2023,43,17,8,3, , 
bangkok,9/11/2023,33,15,8, ,29, 
bangkok,9/12/2023,33,12,9, , , 
bangkok,9/13/2023,40,12,8,1, , 
bangkok,9/14/2023,23,10,11,1, , 
bangkok,9/15/2023,27,9,10,1, , 
bangkok,9/16/2023,20,11,14, , , 
bangkok,9/17/2023,28,13,12,6, , 
bangkok,9/18/2023,43,33,20,20, , 
bangkok,9/19/2023,72,24,16,18, , 
bangkok,9/20/2023,70,27,18,16, , 
bangkok,9/21/2023,54,28,27,20, , 
bangkok,9/22/2023,68,30,19,24, , 
bangkok,9/23/2023,74,28,18,22, , 
bangkok,9/24/2023,79,32,14,24, , 
bangkok,9/25/2023,62,22,17,17, , 
bangkok,9/26/2023,47,21,8,10, , 
bangkok,9/27/2023,36,15,6,9, , 
bangkok,9/28/2023,72,23,8,8, , 
bangkok,9/29/2023,43,20,12,12, , 
bangkok,9/30/2023,59,24,13,10, , 
bangkok,4/1/2023,76,42,82,2, , 
bangkok,4/2/2023,90,72,31,6, , 
bangkok,4/3/2023,112,60,43,4, , 
bangkok,4/4/2023,130,75,36,3, , 
bangkok,4/5/2023,139,60,32,2, , 
bangkok,4/6/2023,133,55,14,5, , 
bangkok,4/7/2023,95,41,18,4, , 
bangkok,4/8/2023,76,44,67, , , 
bangkok,4/9/2023,79,37,19,2, , 
bangkok,4/10/2023,70,40,24,4, , 
bangkok,4/11/2023,99,50,18,6, , 
bangkok,4/12/2023,107,55,23,3, , 
bangkok,4/13/2023,129,66,23,3, , 
bangkok,4/14/2023,146,74,22,3, , 
bangkok,4/15/2023,155,71,17,2, , 
bangkok,4/16/2023,154,67,21,2, , 
bangkok,4/17/2023,152,64,18,3, , 
bangkok,4/18/2023,147,68,29,5, , 
bangkok,4/19/2023,151,68,28,13, , 
bangkok,4/20/2023,147,73,21,12, , 
bangkok,4/21/2023,142,74,19,11, , 
bangkok,4/22/2023,149,64,9,6, , 
bangkok,4/23/2023,118,46,10,15, , 
bangkok,4/24/2023,125,44,15,14, , 
bangkok,4/25/2023,89,39,10,21, , 
bangkok,4/26/2023,79,53,41,17, , 
bangkok,4/27/2023,118,43,25,13, , 
bangkok,4/28/2023,90,49,16,6, , 
bangkok,4/29/2023,93,33,14,15, , 
bangkok,4/30/2023,74,35,32,17, , 
bangkok,5/1/2023,83,36,18,10, , 
bangkok,5/2/2023,88,40,21,10, , 
bangkok,5/3/2023,73,37,18,7, , 
bangkok,5/4/2023,69,49,31,9, , 
bangkok,5/5/2023,100,44,30,12, , 
bangkok,5/6/2023,86,39,24,9, , 
bangkok,5/7/2023,86,37,15,11, , 
bangkok,5/8/2023,77,35,26,14, , 
bangkok,5/9/2023,78,28,27,20, , 
bangkok,5/10/2023,72,32,14,21, , 
bangkok,5/11/2023,76,27,14,10, , 
bangkok,5/12/2023,62,26,18,11, , 
bangkok,5/13/2023,63,25,15,6, , 
bangkok,5/14/2023,51,40,15,6, , 
bangkok,5/15/2023,83,48,29,15, , 
bangkok,5/16/2023,108,49,25,14, , 
bangkok,5/17/2023,96,55,20,8, , 
bangkok,5/18/2023,95,51,23,12, , 
bangkok,5/19/2023,87,51,25,11, , 
bangkok,5/20/2023,94,51,23,8, , 
bangkok,5/21/2023,96,45,28,7, , 
bangkok,5/22/2023,88,48,18,3, , 
bangkok,5/23/2023,91,44,19,9, , 
bangkok,5/24/2023,85,46,17,5, , 
bangkok,5/25/2023,84,51,19,8, , 
bangkok,5/26/2023,94,46,19,8, , 
bangkok,5/27/2023,87,35,21,11, , 
bangkok,5/28/2023,77,27,16,13, , 
bangkok,5/29/2023,68,28,27,12, , 
bangkok,5/30/2023,72,29,20,7, , 
bangkok,5/31/2023,76,37,23,8, , 
bangkok,6/1/2023,81,36,24,10, , 
bangkok,6/2/2023,82,39,18,5, , 
bangkok,6/3/2023,75,27,19,4, , 
bangkok,6/4/2023,54,26,19,6, , 
bangkok,6/5/2023,50,33,17,9, , 
bangkok,6/6/2023,78,31,19,6, , 
bangkok,6/7/2023,67,28,16,7, , 
bangkok,6/8/2023,59,25,15,6, , 
bangkok,6/9/2023,52,32,16,8, , 
bangkok,6/10/2023,52,26,18,6, , 
bangkok,6/11/2023,51,19,22,7, , 
bangkok,6/12/2023,54,23,15,6, , 
bangkok,6/13/2023,52,23,11,7, , 
bangkok,6/14/2023,58,23,18,7,12, 
bangkok,6/15/2023,46,23,14,7, , 
bangkok,6/16/2023,49,22,14,6, , 
bangkok,6/17/2023,47,19,12,8, , 
bangkok,6/18/2023,41,17,17,10, , 
bangkok,6/19/2023,37,24,19,7, , 
bangkok,6/20/2023,67,26,17,10, , 
bangkok,6/21/2023,59,28,14,13, , 
bangkok,6/22/2023,70,33,13,13, , 
bangkok,6/23/2023,70,21,11,10, , 
bangkok,6/24/2023,59,16,13,9, , 
bangkok,6/25/2023,52,17,12,6, , 
bangkok,6/26/2023,50,16,17,9, , 
bangkok,6/27/2023,57,23,17,3,1, 
bangkok,6/28/2023,60,27,20,4,1, 
bangkok,6/29/2023,64,21,13,7,2, 
bangkok,6/30/2023,55,20,19,10,1, 
bangkok,1/2/2023,103,40,24,4,1, 
bangkok,1/3/2023,98,99,24,3,2, 
bangkok,1/4/2023,78,83,23,13,2, 
bangkok,1/5/2023,82,200,19,11,1, 
bangkok,1/6/2023,63,212,20,10,1, 
bangkok,1/7/2023,69,174,18,15,2, 
bangkok,1/8/2023,86,267,32,16,2, 
bangkok,1/9/2023,107,270,17,11,1, 
bangkok,1/10/2023,97,60,10,9, , 
bangkok,1/11/2023,64,29,22,11,1, 
bangkok,1/12/2023,75,33,24,10,1, 
bangkok,1/13/2023,71,29,28,9, , 
bangkok,1/14/2023,67,32,39,11, , 
bangkok,1/15/2023,74,35,31,15, , 
bangkok,1/16/2023,81,40,27,23,1, 
bangkok,1/17/2023,90,79,22,20,1, 
bangkok,1/18/2023,78,39,26,15,2, 
bangkok,1/19/2023,78,76,28,15,2, 
bangkok,1/20/2023,82,148,80,21,1, 
bangkok,1/21/2023,74,58,32,22,2, 
bangkok,1/22/2023,81,64,39,25,2, 
bangkok,1/23/2023,124,55,22,26,2, 
bangkok,1/24/2023,113,54,25,10,1, 
bangkok,1/25/2023,74,70,42,18,1, 
bangkok,1/26/2023,117,61,21,22,1, 
bangkok,1/27/2023,121,388,16,13,1, 
bangkok,1/28/2023,79,528,18,10,1, 
bangkok,1/29/2023,96,480,21,24,2, 
bangkok,1/30/2023,116,378,63,15,2, 
bangkok,1/31/2023,167,312,55,35,3, 
bangkok,2/1/2023,182,91,58,32,2, 
bangkok,2/2/2023,174,46,23,15, , 
bangkok,2/3/2023,121,34,22,10,1, 
bangkok,2/4/2023,87,31,18,11, , 
bangkok,2/5/2023,77,26,13,10,1, 
bangkok,2/6/2023,74,30,9,11,1, 
bangkok,2/7/2023,67,27,11,10, , 
bangkok,2/8/2023,67,29,9,8,1, 
bangkok,2/9/2023,75,34,7,8,1, 
bangkok,2/10/2023,73,48,8,9,1, 
bangkok,2/11/2023,109,26,9,8,1, 
bangkok,2/12/2023,90,24,8,10, , 
bangkok,2/13/2023,73,33,16,11, , 
bangkok,2/14/2023,79,29,5,14, , 
bangkok,2/15/2023,103,40,16,13,1, 
bangkok,2/16/2023,86,56,23,19,1, 
bangkok,2/17/2023,115,65,23,16,2, 
bangkok,2/18/2023,126,63,45,22,2, 
bangkok,2/19/2023,139,52,21,16,1, 
bangkok,2/20/2023,108,44,28,21,1, 
bangkok,2/21/2023,113,50,31,20,1, 
bangkok,2/22/2023,129,66,37,24,1, 
bangkok,2/23/2023,146,58,33,39,2, 
bangkok,2/24/2023,153,76,19,21, , 
bangkok,2/25/2023,135,57,32,13, , 
bangkok,2/26/2023,95,63,24,14, , 
bangkok,2/27/2023,116,77,36,25,1, 
bangkok,2/28/2023,149,76,33,23,1, 
bangkok,3/1/2023,156,79,32,13,1, 
bangkok,3/2/2023,145,68,31,5, , 
bangkok,3/3/2023,120,77,28,11, , 
bangkok,3/4/2023,160,71,31,12, , 
bangkok,3/5/2023,158,73,31,12, , 
bangkok,3/6/2023,163,88,37,18, , 
bangkok,3/7/2023,178,86,41,14, , 
bangkok,3/8/2023,179,77,31,10, , 
bangkok,3/9/2023,138,74,33,12, , 
bangkok,3/10/2023,136,63,24,10, , 
bangkok,3/11/2023,125,64,20,3, , 
bangkok,3/12/2023,112,66,12,6, , 
bangkok,3/13/2023,133,68,20,6,1, 
bangkok,3/14/2023,132,73,14,5, , 
bangkok,3/15/2023,149,67,13,1, , 
bangkok,3/16/2023,118,59,23,2, , 
bangkok,3/17/2023,112,51,23,5, , 
bangkok,3/18/2023,110,44,18,2, , 
bangkok,3/19/2023,82,42,18,3, , 
bangkok,3/20/2023,78,44,15,3, , 
bangkok,3/21/2023,89,44,16,3, , 
bangkok,3/22/2023,90,37,13,2, , 
bangkok,3/23/2023,76,41,24,2, , 
bangkok,3/24/2023,78,35,18,1, , 
bangkok,3/25/2023,78,35,16,2, , 
bangkok,3/26/2023,76,30,16,3, , 
bangkok,3/27/2023,70,30,15,3, , 
bangkok,3/28/2023,71,26,13,2, , 
bangkok,3/29/2023,65,28,14,3, , 
bangkok,3/30/2023,69,34,17,3, , 
bangkok,3/31/2023,71,40,20,3, , 
bangkok,10/1/2022,27,20,15,6, , 
bangkok,10/2/2022,54,20,5,4, , 
bangkok,10/3/2022,52,22,7,6, , 
bangkok,10/4/2022,62,31,3,6, , 
bangkok,10/5/2022,65,33,9,4, , 
bangkok,10/6/2022,79,27,7,5, , 
bangkok,10/7/2022,61,29,7,5, , 
bangkok,10/8/2022,57,23,9,3, , 
bangkok,10/9/2022,57,20,6,2, , 
bangkok,10/10/2022,47,23,12,8, , 
bangkok,10/11/2022,57,40,10,6, , 
bangkok,10/12/2022,83,45,14,6, , 
bangkok,10/13/2022,79,52,15,6, , 
bangkok,10/14/2022,96,47,9,6,1, 
bangkok,10/15/2022,102,36,13,7, , 
bangkok,10/16/2022,85,50,23,11, , 
bangkok,10/17/2022,102,48,25,13,1, 
bangkok,10/18/2022,123,53,28,12,1, 
bangkok,10/19/2022,124,50,24,4, , 
bangkok,10/20/2022,115,36,15,6, , 
bangkok,10/21/2022,86,36,83,4, , 
bangkok,10/22/2022,93,40,25,6, , 
bangkok,10/23/2022,78,56,27,2, , 
bangkok,10/24/2022,124,61,33,6, , 
bangkok,10/25/2022,125,53,22,5, , 
bangkok,10/26/2022,94,32,6,4, , 
bangkok,10/27/2022,57,38,7,3, , 
bangkok,10/28/2022,65,37,12,2,1, 
bangkok,10/29/2022,66,44,25,4, , 
bangkok,10/30/2022,72,51,28,4,1, 
bangkok,10/31/2022,87,49,18,5, , 
bangkok,11/1/2022,90,38,25,8,1, 
bangkok,11/2/2022,76,34,26,6,1, 
bangkok,11/3/2022,88,38,22,10, , 
bangkok,11/4/2022,82,49,20,11, , 
bangkok,11/5/2022,105,51,24,13, , 
bangkok,11/6/2022,97,44,24,5, , 
bangkok,11/7/2022,102,49,31,6, , 
bangkok,11/8/2022,112,48,28,6, , 
bangkok,11/9/2022,105,51,22,5, , 
bangkok,11/10/2022,91,34,22,5, , 
bangkok,11/11/2022,85,29,27,6, , 
bangkok,11/12/2022,78,28,15,3, , 
bangkok,11/13/2022,74,20,10,4, , 
bangkok,11/14/2022,51,33,14,5, , 
bangkok,11/15/2022,53,25,12,8, , 
bangkok,11/16/2022,70,28,18,3, , 
bangkok,11/17/2022,74,29,14,5, , 
bangkok,11/18/2022,69,34,21,5, , 
bangkok,11/19/2022,81,26,9,7, , 
bangkok,11/20/2022,57,26,15,4, , 
bangkok,11/21/2022,59,41,20,4, , 
bangkok,11/22/2022,69,46,16,5, , 
bangkok,11/23/2022,79,31,5,3, , 
bangkok,11/24/2022,60,15,11,3, , 
bangkok,11/25/2022,42,26,6,2, , 
bangkok,11/26/2022,51,37,13,4, , 
bangkok,11/27/2022,63,35,10,3, , 
bangkok,11/28/2022,62,241,14,5,1, 
bangkok,11/29/2022,80,375,16,4,1, 
bangkok,11/30/2022,94,173,8,6,1, 
bangkok,12/1/2022,78,32,6,6,1, 
bangkok,12/2/2022,76,36,17,4,2, 
bangkok,12/3/2022,67,34,11,6,1, 
bangkok,12/4/2022,67,47,14,5,1, 
bangkok,12/5/2022,65,28,9,3,1, 
bangkok,12/6/2022,58,26,14,5,1, 
bangkok,12/7/2022,78,40,21,8,2, 
bangkok,12/8/2022,96,47,15,4,2, 
bangkok,12/9/2022,89,50,25,3,2, 
bangkok,12/10/2022,79,37,14,3,1, 
bangkok,12/11/2022,74,32,18,4,1, 
bangkok,12/12/2022,87,121,10,3,1, 
bangkok,12/13/2022,85,42,13,7,1, 
bangkok,12/14/2022,101,118,15,10,1, 
bangkok,12/15/2022,109,62,1,23,1, 
bangkok,12/16/2022,138,61,5,12,2, 
bangkok,12/17/2022,110,218,16,3,1, 
bangkok,12/18/2022,76,102,23,8,1, 
bangkok,12/19/2022,91,55,25,7,2, 
bangkok,12/20/2022,103,51,30,4,2, 
bangkok,12/21/2022,124,54,35,6,1, 
bangkok,12/22/2022,117,112,27,9,1, 
bangkok,12/23/2022,112,51,22,11,2, 
bangkok,12/24/2022,102,71,21,6,1, 
bangkok,12/25/2022,88,212,24,9,1, 
bangkok,12/26/2022,91,88,21,13,1, 
bangkok,12/27/2022,100,95,24,10,1, 
bangkok,12/28/2022,122,28,22,13,1, 
bangkok,12/29/2022,115,91,24,9,1, 
bangkok,12/30/2022,85,57,26,3,1, 
bangkok,12/31/2022,91,33,27,2,1, 
bangkok,1/1/2023,86,41,24,3,1, 
bangkok,7/1/2022,42,22,7,1, , 
bangkok,7/2/2022,44,23,8,2,1, 
bangkok,7/3/2022,49,16,9,1, , 
bangkok,7/4/2022,44,17,9,2, , 
bangkok,7/5/2022,48,21,12,4, , 
bangkok,7/6/2022,56,14,10,2,1, 
bangkok,7/7/2022,55,21,9,2, , 
bangkok,7/8/2022,53,22,6,2, , 
bangkok,7/9/2022,54,21,7,3, , 
bangkok,7/10/2022,49,23,7,2, , 
bangkok,7/11/2022,49,27,8,2, , 
bangkok,7/12/2022,58,26,6,2, , 
bangkok,7/13/2022,59,27,10,4, , 
bangkok,7/14/2022,55,31,11,3, , 
bangkok,7/15/2022,71,26,12,4, , 
bangkok,7/16/2022,60,19,10,3, , 
bangkok,7/17/2022,47,24,10,2, , 
bangkok,7/18/2022,57,28,10,1, , 
bangkok,7/19/2022,53,26,8,2, , 
bangkok,7/20/2022,54,17,3,3, , 
bangkok,7/21/2022,44,21,6,2, , 
bangkok,7/22/2022,48,20,5,4, , 
bangkok,7/23/2022,45,31,8,5, , 
bangkok,7/24/2022,63,32,14,5, , 
bangkok,7/25/2022,56,27,9,4, , 
bangkok,7/26/2022,59,26,10,3, , 
bangkok,7/27/2022,54,23,7,2, , 
bangkok,7/28/2022,51,24,8,2, , 
bangkok,7/29/2022,54,20,14,4, , 
bangkok,7/30/2022,53,19,11,2, , 
bangkok,7/31/2022,52,20,4,4, , 
bangkok,8/1/2022,52,17,4,3, , 
bangkok,8/2/2022,45,19,6,2, , 
bangkok,8/3/2022,44,24,12,2, , 
bangkok,8/4/2022,53,24,7,2, , 
bangkok,8/5/2022,53,29,7,5, , 
bangkok,8/6/2022,58,14,8,2, , 
bangkok,8/7/2022,31,17,7,2, , 
bangkok,8/8/2022,37,21,10,2, , 
bangkok,8/9/2022,56,25,8,5, , 
bangkok,8/10/2022,58,31,7,3, , 
bangkok,8/11/2022,55,26,6,2, , 
bangkok,8/12/2022,55,23,7,3, , 
bangkok,8/13/2022,56,27,13,5, , 
bangkok,8/14/2022,50,23,9,2, , 
bangkok,8/15/2022,53,22,8,2, , 
bangkok,8/16/2022,51,17,6,3, , 
bangkok,8/17/2022,53,10,9,3, , 
bangkok,8/18/2022,55,11,9,3, , 
bangkok,8/19/2022,57,19,6,1, , 
bangkok,8/20/2022,59,21,7,2, , 
bangkok,8/21/2022,60,19,7,3, , 
bangkok,8/22/2022,56,32,15,4,1, 
bangkok,8/23/2022,64,31,14,3, , 
bangkok,8/24/2022,67,22,8,4, , 
bangkok,8/25/2022,55,25,4,2, , 
bangkok,8/26/2022,47,28,8,3, , 
bangkok,8/27/2022,51,25,10,5, , 
bangkok,8/28/2022,50,26,14,4, , 
bangkok,8/29/2022,62,32,19,7, , 
bangkok,8/30/2022,76,32,8,4, , 
bangkok,8/31/2022,69,38,16,5, , 
bangkok,9/1/2022,83,53,20,7, , 
bangkok,9/2/2022,92,44,9,4, , 
bangkok,9/3/2022,60,21,12,4, , 
bangkok,9/4/2022,44,14,8,2, , 
bangkok,9/5/2022,29,13,10,2,1, 
bangkok,9/6/2022,31,21,20,2, , 
bangkok,9/7/2022,50,19,13,1, , 
bangkok,9/8/2022,49,10,6,1,1, 
bangkok,9/9/2022,47,5,5,2, , 
bangkok,9/10/2022,21,13,13,3, , 
bangkok,9/11/2022,43,23,10,3,1, 
bangkok,9/12/2022,60,32,15,5, , 
bangkok,9/13/2022,81,27,10,3, , 
bangkok,9/14/2022,68,26,8,1, , 
bangkok,9/15/2022,59,25,10,1, , 
bangkok,9/16/2022,60,22,8,2, , 
bangkok,9/17/2022,52,22,5,3, , 
bangkok,9/18/2022,56,21,7,5, , 
bangkok,9/19/2022,54,25,6,2, , 
bangkok,9/20/2022,55,24,13,2, , 
bangkok,9/21/2022,58,27,25,2, , 
bangkok,9/22/2022,63,31,11,4, , 
bangkok,9/23/2022,76,27,10,4, , 
bangkok,9/24/2022,64,21,5,5, , 
bangkok,9/25/2022,48,11,8,2, , 
bangkok,9/26/2022,27,19,14,3, , 
bangkok,9/27/2022,41,25,8,2, , 
bangkok,9/28/2022,60,20,8,2, , 
bangkok,9/29/2022,48,9,9, ,1, 
bangkok,9/30/2022,16,12,7,1, , 
bangkok,4/1/2022,80,21,15,3, , 
bangkok,4/2/2022,44,23,14,4, , 
bangkok,4/3/2022,50,40,23,9, , 
bangkok,4/4/2022,80,50,25,15,1, 
bangkok,4/5/2022,96,56,26,15, , 
bangkok,4/6/2022,115,49,18,13, , 
bangkok,4/7/2022,114,65,29,16, , 
bangkok,4/8/2022,153,72,36,14,1, 
bangkok,4/9/2022,173,58,29,9, , 
bangkok,4/10/2022,163,48,18,6, , 
bangkok,4/11/2022,135,57,16,5, , 
bangkok,4/12/2022,137,46,22,6, , 
bangkok,4/13/2022,99,48,21,2, , 
bangkok,4/14/2022,100,52,19,1, , 
bangkok,4/15/2022,108,52,16,3, , 
bangkok,4/16/2022,101,50,11,3, , 
bangkok,4/17/2022,93,44,10,5, , 
bangkok,4/18/2022,93,42,12,4, , 
bangkok,4/19/2022,83,55,23,6,1, 
bangkok,4/20/2022,99,57,14,3, , 
bangkok,4/21/2022,89,60,10,6, , 
bangkok,4/22/2022,67,54,8,3, , 
bangkok,4/23/2022,56,49,8,4, , 
bangkok,4/24/2022,63,57,7,3, , 
bangkok,4/25/2022,59,57,7,3, , 
bangkok,4/26/2022,60,46,18,7, , 
bangkok,4/27/2022,72,29,11,7, , 
bangkok,4/28/2022,72,29,22,5, , 
bangkok,4/29/2022,60,48,64,8, , 
bangkok,4/30/2022,97,38,17,9, , 
bangkok,5/1/2022,75,31,19,4, , 
bangkok,5/2/2022,63,24,11,4,2, 
bangkok,5/3/2022,56,32,10,5, , 
bangkok,5/4/2022,68,36,16,5, , 
bangkok,5/5/2022,79,42,20,2, , 
bangkok,5/6/2022,95,34,9,4, , 
bangkok,5/7/2022,79,30,11,5, , 
bangkok,5/8/2022,70,30,6,9, , 
bangkok,5/9/2022,65,20,3,2, , 
bangkok,5/10/2022,45,21,5,3, , 
bangkok,5/11/2022,57,28,9,3, , 
bangkok,5/12/2022,64,30,5,3, , 
bangkok,5/13/2022,66,36,4,3, , 
bangkok,5/14/2022,79,36,4,2, , 
bangkok,5/15/2022,74,24,4,3, , 
bangkok,5/16/2022,53,26,13,6,1, 
bangkok,5/17/2022,57,25,8,4, , 
bangkok,5/18/2022,58,24,5,2, , 
bangkok,5/19/2022,51,19,8,4, , 
bangkok,5/20/2022,33,18,9,4, , 
bangkok,5/21/2022,39,20,10,4, , 
bangkok,5/22/2022,59,25,11,1, , 
bangkok,5/23/2022,56,29,8,2,1, 
bangkok,5/24/2022,59,27,14,3, , 
bangkok,5/25/2022,60,42,5,9, , 
bangkok,5/26/2022,58,43,8,4,1, 
bangkok,5/27/2022,73,42,10,3, , 
bangkok,5/28/2022,73,50,14,2, , 
bangkok,5/29/2022,92,38,14,2, , 
bangkok,5/30/2022,73,37,15,3, , 
bangkok,5/31/2022,78,43,16,3, , 
bangkok,6/1/2022,83,34,10,3, , 
bangkok,6/2/2022,65,22,6,3, , 
bangkok,6/3/2022,48,20,8,3, , 
bangkok,6/4/2022,43,22,12,3, , 
bangkok,6/5/2022,50,21,10,3, , 
bangkok,6/6/2022,44,27,10,6, , 
bangkok,6/7/2022,57,26,10,4,1, 
bangkok,6/8/2022,55,27,9,3, , 
bangkok,6/9/2022,63,30,13,1,1, 
bangkok,6/10/2022,66,31,12,3, , 
bangkok,6/11/2022,61,33,15,3, , 
bangkok,6/12/2022,63,31,14,3, , 
bangkok,6/13/2022,77,34,7,2, , 
bangkok,6/14/2022,70,29,5,2, , 
bangkok,6/15/2022,66,25,3,2, , 
bangkok,6/16/2022,59,30,4,10, , 
bangkok,6/17/2022,65,23,2,3, , 
bangkok,6/18/2022,64,21,1,4, , 
bangkok,6/19/2022,60,22,6,4, , 
bangkok,6/20/2022,49,24,8,1, , 
bangkok,6/21/2022,54,28,15,3, , 
bangkok,6/22/2022,66,27,13,3, , 
bangkok,6/23/2022,54,25,13,7, , 
bangkok,6/24/2022,55,22,10,5, , 
bangkok,6/25/2022,51,18,7,2, , 
bangkok,6/26/2022,42,20,6,4, , 
bangkok,6/27/2022,44,26,18,7,1, 
bangkok,6/28/2022,57,29,14,5, , 
bangkok,6/29/2022,76,26,9,2, , 
bangkok,6/30/2022,68,23,10,3,1, 
bangkok,1/3/2022,82,51,18,13, , 
bangkok,1/4/2022,101,59,21,21,1, 
bangkok,1/5/2022,112,56,23,23,1, 
bangkok,1/6/2022,113,64,20,21,1, 
bangkok,1/7/2022,129,58,19,20,1, 
bangkok,1/8/2022,103,56,20,19,1, 
bangkok,1/9/2022,117,76,23,22,1, 
bangkok,1/10/2022,117,61,21,20,1, 
bangkok,1/11/2022,104,52,19,13, , 
bangkok,1/12/2022,99,49,22,12, , 
bangkok,1/13/2022,94,46,21,12, , 
bangkok,1/14/2022,85,48,25,12, , 
bangkok,1/15/2022,94,52,23,10,1, 
bangkok,1/16/2022,101,58,20,19, , 
bangkok,1/17/2022,120,59,18,17,1, 
bangkok,1/18/2022,110,48,19,15, , 
bangkok,1/19/2022,85,55,25,16, , 
bangkok,1/20/2022,102,35,12,6, , 
bangkok,1/21/2022,67,26,7,6, , 
bangkok,1/22/2022,57,24,15,6, , 
bangkok,1/23/2022,64,28,15,10, , 
bangkok,1/24/2022,74,31,19,16, , 
bangkok,1/25/2022,82,32,14,7, , 
bangkok,1/26/2022,81,37,12,11, , 
bangkok,1/27/2022,87,46,11,7, , 
bangkok,1/28/2022,83,41,16,7, , 
bangkok,1/29/2022,86,36,12,5, , 
bangkok,1/30/2022,78,36,9,3, , 
bangkok,1/31/2022,76,38,10,4, , 
bangkok,2/1/2022,70,33,9,5, , 
bangkok,2/2/2022,60,39,10,7, , 
bangkok,2/3/2022,74,42,14,11, , 
bangkok,2/4/2022,78,48,14,13, , 
bangkok,2/5/2022,94,54,22,14, , 
bangkok,2/6/2022,112,62,27,18,1, 
bangkok,2/7/2022,146,62,19,23,1, 
bangkok,2/8/2022,144,39,20,7, , 
bangkok,2/9/2022,88,37,18,8, , 
bangkok,2/10/2022,77,37,17,6, , 
bangkok,2/11/2022,69,43,14,10,1, 
bangkok,2/12/2022,80,45,11,6, , 
bangkok,2/13/2022,95,36,7,4, , 
bangkok,2/14/2022,71,42,8,10, , 
bangkok,2/15/2022,83,60,12,12, , 
bangkok,2/16/2022,119,62,6,10, , 
bangkok,2/17/2022,119,34,7,6, , 
bangkok,2/18/2022,62,23,4,5, , 
bangkok,2/19/2022,47,22,4,3, , 
bangkok,2/20/2022,40,30,9,8, , 
bangkok,2/21/2022,59,41,11,14, , 
bangkok,2/22/2022,75,56,22,14,1, 
bangkok,2/23/2022,105,55,18,15, , 
bangkok,2/24/2022,103,61,20,13,1, 
bangkok,2/25/2022,118,58,24,15,1, 
bangkok,2/26/2022,122,58,24,14,1, 
bangkok,2/27/2022,98,64,36,16,1, 
bangkok,2/28/2022,150,50,16,7, , 
bangkok,3/1/2022,107,41,14,5, , 
bangkok,3/2/2022,83,37,12,4, , 
bangkok,3/3/2022,69,42,14,3, , 
bangkok,3/4/2022,81,48,11,5, , 
bangkok,3/5/2022,86,39,10,4, , 
bangkok,3/6/2022,78,35,11,4, , 
bangkok,3/7/2022,71,45,17,10, , 
bangkok,3/8/2022,89,70,41,17, , 
bangkok,3/9/2022,147,46,14,5, , 
bangkok,3/10/2022,93,48,11,4, , 
bangkok,3/11/2022,86,50,14,5, , 
bangkok,3/12/2022,93,49,15,4, , 
bangkok,3/13/2022,93,38,11,6, , 
bangkok,3/14/2022,79,30,11,7, , 
bangkok,3/15/2022,59,23,8,2, , 
bangkok,3/16/2022,50,23,9,1, , 
bangkok,3/17/2022,54,36,8,4, , 
bangkok,3/18/2022,72,36,27,4, , 
bangkok,3/19/2022,85,36,5,6, , 
bangkok,3/20/2022,76,27,4,5, , 
bangkok,3/21/2022,56,31,2,6, , 
bangkok,3/22/2022,56,58,5,5, , 
bangkok,3/23/2022,74,57,4,6, , 
bangkok,3/24/2022,70,60,4,4, , 
bangkok,3/25/2022,66,31,6,3, , 
bangkok,3/26/2022,59,26,7,3, , 
bangkok,3/27/2022,55,32,10,5, , 
bangkok,3/28/2022,71,30,11,5, , 
bangkok,3/29/2022,64,34,18,5, , 
bangkok,3/30/2022,69,42,27,9, , 
bangkok,3/31/2022,84,42,13,4, , 
bangkok,10/1/2021,58,24,11,6,1, 
bangkok,10/2/2021,57,36,18,7,1, 
bangkok,10/3/2021,72,33,17,10,1, 
bangkok,10/4/2021,73,43,19,11,2, 
bangkok,10/5/2021,83,26,14,7, , 
bangkok,10/6/2021,64,34,11,10,1, 
bangkok,10/7/2021,69,51,20,12,1, 
bangkok,10/8/2021,100,25,5,5, , 
bangkok,10/9/2021,54,22,12,3, , 
bangkok,10/10/2021,48,22,8,4, , 
bangkok,10/11/2021,43,21,7,4, , 
bangkok,10/12/2021,47,19,13,2, , 
bangkok,10/13/2021,39,23,8,5, , 
bangkok,10/14/2021,49,25,5,7, , 
bangkok,10/15/2021,57,31,6,4, , 
bangkok,10/16/2021,57,17,6,6, , 
bangkok,10/17/2021,38,23,8,9, , 
bangkok,10/18/2021,48,38,9,11,1, 
bangkok,10/19/2021,72,45,20,11, , 
bangkok,10/20/2021,87,50,21,13,1, 
bangkok,10/21/2021,97,37,15,11,1, 
bangkok,10/22/2021,75,29,9,5, , 
bangkok,10/23/2021,58,28,17,5, , 
bangkok,10/24/2021,56,30,20,6, , 
bangkok,10/25/2021,64,40,26,6, , 
bangkok,10/26/2021,80,46,25,8,1, 
bangkok,10/27/2021,86,50,10,9,1, 
bangkok,10/28/2021,92,35,17,8, , 
bangkok,10/29/2021,76,45,13,10, , 
bangkok,10/30/2021,90,28,9,7, , 
bangkok,10/31/2021,61,31,11,6, , 
bangkok,11/1/2021,62,36,8,7, , 
bangkok,11/2/2021,69,35,11,7, , 
bangkok,11/3/2021,66,39,13,7, , 
bangkok,11/4/2021,67,34,13,9, , 
bangkok,11/5/2021,71,43,12,10, , 
bangkok,11/6/2021,81,31,13,7, , 
bangkok,11/7/2021,72,39,7,8, , 
bangkok,11/8/2021,71,35,11,7, , 
bangkok,11/9/2021,61,39,18,8, , 
bangkok,11/10/2021,74,52,22,7, , 
bangkok,11/11/2021,88,48,20,9, , 
bangkok,11/12/2021,81,45,14,9, , 
bangkok,11/13/2021,84,44,17,6, , 
bangkok,11/14/2021,90,45,18,8,1, 
bangkok,11/15/2021,92,33,11,8, , 
bangkok,11/16/2021,69,26,14,7, , 
bangkok,11/17/2021,55,30,9,6, , 
bangkok,11/18/2021,63,35,19,9, , 
bangkok,11/19/2021,70,39,18,9, , 
bangkok,11/20/2021,79,40,23,11, , 
bangkok,11/21/2021,79,41,8,14, , 
bangkok,11/22/2021,83,30,5,7, , 
bangkok,11/23/2021,58,32,14,9, , 
bangkok,11/24/2021,59,45,22,12,1, 
bangkok,11/25/2021,81,50,21,12, , 
bangkok,11/26/2021,89,43,20,8, , 
bangkok,11/27/2021,88,51,24,7, , 
bangkok,11/28/2021,96,44,20,7, , 
bangkok,11/29/2021,87,50,16,9, , 
bangkok,11/30/2021,94,54,16,9, , 
bangkok,12/1/2021,105,55,19,8, , 
bangkok,12/2/2021,105,56,24,15, , 
bangkok,12/3/2021,102,56,24,12, , 
bangkok,12/4/2021,103,59,24,8, , 
bangkok,12/5/2021,109,58,25,11, , 
bangkok,12/6/2021,111,64,13,16, , 
bangkok,12/7/2021,126,61,18,14,1, 
bangkok,12/8/2021,122,55,21,14, , 
bangkok,12/9/2021,100,54,20,15, , 
bangkok,12/10/2021,96,54,29,15, , 
bangkok,12/11/2021,98,47,23,10, , 
bangkok,12/12/2021,81,43,19,6, , 
bangkok,12/13/2021,79,65,23,14,1, 
bangkok,12/14/2021,123,63,29,16,1, 
bangkok,12/15/2021,129,62,29,12, , 
bangkok,12/16/2021,131,57,17,12,1, 
bangkok,12/17/2021,117,48,18,6, , 
bangkok,12/18/2021,90,43,21,8, , 
bangkok,12/19/2021,87,61,24,12, , 
bangkok,12/20/2021,128,75,27,16,1, 
bangkok,12/21/2021,159,79,31,20,1, 
bangkok,12/22/2021,166,74,23,24,1, 
bangkok,12/23/2021,146,65,18,15, , 
bangkok,12/24/2021,131,39,14,8, , 
bangkok,12/25/2021,78,37,13,8, , 
bangkok,12/26/2021,74,49,12,17, , 
bangkok,12/27/2021,89,35,18,8, , 
bangkok,12/28/2021,62,35,18,7, , 
bangkok,12/29/2021,64,35,16,8, , 
bangkok,12/30/2021,70,37,18,8, , 
bangkok,12/31/2021,69,34,18,7, , 
bangkok,1/1/2022,75,35,22,6, , 
bangkok,1/2/2022,75,40,17,8, , 
bangkok,7/1/2021,47,26,15,10,1, 
bangkok,7/2/2021,44,25,11,5, , 
bangkok,7/3/2021,47,19,14,3, , 
bangkok,7/4/2021,42,25,12,3, , 
bangkok,7/5/2021,41,39,9,4, , 
bangkok,7/6/2021,43,40,8,4,1, 
bangkok,7/7/2021,42,46,10,4,1, 
bangkok,7/8/2021,51,28,6,7, , 
bangkok,7/9/2021,48,20,4,6, , 
bangkok,7/10/2021,47,15,6,4, , 
bangkok,7/11/2021,34,17,7,5,1, 
bangkok,7/12/2021,33,25,13,5, , 
bangkok,7/13/2021,54,33,5,8, , 
bangkok,7/14/2021,67,24,6,4, , 
bangkok,7/15/2021,53,24,7,5,1, 
bangkok,7/16/2021,50,23,11,4,1, 
bangkok,7/17/2021,54,20,7,2,1, 
bangkok,7/18/2021,43,17,7,3,1, 
bangkok,7/19/2021,31,17,7,3, , 
bangkok,7/20/2021,35,18,6,2,1, 
bangkok,7/21/2021,36,30,6,2, , 
bangkok,7/22/2021,55,25,6,4,2, 
bangkok,7/23/2021,51,30,3,4,3, 
bangkok,7/24/2021,56,21,4,3,7, 
bangkok,7/25/2021,44,22,7,4, , 
bangkok,7/26/2021,48,21,8,3,4, 
bangkok,7/27/2021,40,22,5,4,6, 
bangkok,7/28/2021,45,23,9,3,4, 
bangkok,7/29/2021,44,26,9,4,3, 
bangkok,7/30/2021,53,30,7,3,1, 
bangkok,7/31/2021,61,24,7,3,5, 
bangkok,8/1/2021,52,23,8,3,3, 
bangkok,8/2/2021,42,20,7,3,1, 
bangkok,8/3/2021,40,25,11,2,1, 
bangkok,8/4/2021,52,29,10,2,3, 
bangkok,8/5/2021,60,24,12,2, , 
bangkok,8/6/2021,53,26,13,2,1, 
bangkok,8/7/2021,54,28,15,1,1, 
bangkok,8/8/2021,57,29,15,1,1, 
bangkok,8/9/2021,56,29,8,2, , 
bangkok,8/10/2021,56,21,4,3,1, 
bangkok,8/11/2021,42,18,5,2, , 
bangkok,8/12/2021,33,18,7,4,1, 
bangkok,8/13/2021,37,23,4,4,1, 
bangkok,8/14/2021,43,17,4,2, , 
bangkok,8/15/2021,37,16,7,4, , 
bangkok,8/16/2021,32,28,20,6,1, 
bangkok,8/17/2021,60,26,13,2,1, 
bangkok,8/18/2021,54,26,16,5,1, 
bangkok,8/19/2021,49,30,14,8,1, 
bangkok,8/20/2021,61,27,9,5, , 
bangkok,8/21/2021,55,25,11,2, , 
bangkok,8/22/2021,55,21,11,2, , 
bangkok,8/23/2021,42,22,11,2, , 
bangkok,8/24/2021,45,25,8,5, , 
bangkok,8/25/2021,51,18,4,4,1, 
bangkok,8/26/2021,36,22,2,7,1, 
bangkok,8/27/2021,52,19,2,4, , 
bangkok,8/28/2021,42,14,5,3, , 
bangkok,8/29/2021,33,24,7,6, , 
bangkok,8/30/2021,50,27,6,7,1, 
bangkok,8/31/2021,61,29,8,7,1, 
bangkok,9/1/2021,62,25,5,6,1, 
bangkok,9/2/2021,45,20,3,4,1, 
bangkok,9/3/2021,39,22,4,4,1, 
bangkok,9/4/2021,45,23,1,2,1, 
bangkok,9/5/2021,53,32,10,4,1, 
bangkok,9/6/2021,59,29,4,11,1, 
bangkok,9/7/2021,58,21,9,12,1, 
bangkok,9/8/2021,53,29,5,7, , 
bangkok,9/9/2021,62,19,6,7,1, 
bangkok,9/10/2021,44,23,8,10, , 
bangkok,9/11/2021,47,22,7,8,1, 
bangkok,9/12/2021,46,23,7,1, , 
bangkok,9/13/2021,45,25,12,2, , 
bangkok,9/14/2021,53,23,5,4, , 
bangkok,9/15/2021,50,19,6,4,1, 
bangkok,9/16/2021,37,22,7,4, , 
bangkok,9/17/2021,44,31,18,6, , 
bangkok,9/18/2021,59,25,13,5, , 
bangkok,9/19/2021,52,27,9,4, , 
bangkok,9/20/2021,54,16,7,2,1, 
bangkok,9/21/2021,33,9,7,4,1, 
bangkok,9/22/2021,23,10,5,3, , 
bangkok,9/23/2021,18,12,5,4,1, 
bangkok,9/24/2021,30,11,6,2, , 
bangkok,9/25/2021,19,9,6,3, , 
bangkok,9/26/2021,25,18,8,6,1, 
bangkok,9/27/2021,35,34,7,9,1, 
bangkok,9/28/2021,66,50,22,13,1, 
bangkok,9/29/2021,98,38,14,10,2, 
bangkok,9/30/2021,79,28,8,4,1, 
bangkok,4/1/2021,79,22,7,5, , 
bangkok,4/2/2021,47,28,15,6,1, 
bangkok,4/3/2021,55,30,6,7, , 
bangkok,4/4/2021,59,47,6,16, , 
bangkok,4/5/2021,91,46,8,15,2, 
bangkok,4/6/2021,86,47,15,16,1, 
bangkok,4/7/2021,89,46,17,10,1, 
bangkok,4/8/2021,86,38,15,10,1, 
bangkok,4/9/2021,74,49,17,11,1, 
bangkok,4/10/2021,90,42,19,11, , 
bangkok,4/11/2021,85,44,14,11,1, 
bangkok,4/12/2021,86,34,10,6,1, 
bangkok,4/13/2021,70,28,8,4,1, 
bangkok,4/14/2021,61,35,22,5,1, 
bangkok,4/15/2021,74,28,10,5,1, 
bangkok,4/16/2021,66,27,19,6,1, 
bangkok,4/17/2021,64,28,15,4,1, 
bangkok,4/18/2021,61,25,13,4,1, 
bangkok,4/19/2021,47,27,24,10,1, 
bangkok,4/20/2021,51,30,9,10,1, 
bangkok,4/21/2021,58,39,17,9,1, 
bangkok,4/22/2021,83,42,15,7, , 
bangkok,4/23/2021,77,43,9,8, , 
bangkok,4/24/2021,75,40,13,6, , 
bangkok,4/25/2021,84,39,13,11, , 
bangkok,4/26/2021,79,32,12,11,1, 
bangkok,4/27/2021,66,41,15,13,1, 
bangkok,4/28/2021,82,30,11,9, , 
bangkok,4/29/2021,62,33,16,10, , 
bangkok,4/30/2021,67,32,11,10, , 
bangkok,5/1/2021,70,38,19,9, , 
bangkok,5/2/2021,73,35,17,15, , 
bangkok,5/3/2021,69,42,22,9,1, 
bangkok,5/4/2021,80,44,29,10,1, 
bangkok,5/5/2021,90,35,16,12, , 
bangkok,5/6/2021,69,28,15,9, , 
bangkok,5/7/2021,48,42,28,9,1, 
bangkok,5/8/2021,83,34,23,8, , 
bangkok,5/9/2021,71,31,13,4, , 
bangkok,5/10/2021,67,30,15,6, , 
bangkok,5/11/2021,62,26,13,4, , 
bangkok,5/12/2021,59,27,15,5, , 
bangkok,5/13/2021,61,23,8,5, , 
bangkok,5/14/2021,50,25,12,5, , 
bangkok,5/15/2021,53,21,9,4, , 
bangkok,5/16/2021,46,24,10,5,1, 
bangkok,5/17/2021,56,21,9,4, , 
bangkok,5/18/2021,45,27,14,6,1, 
bangkok,5/19/2021,54,26,10,9, , 
bangkok,5/20/2021,48,20,7,7, , 
bangkok,5/21/2021,43,23,16,5, , 
bangkok,5/22/2021,49,22,13,4, , 
bangkok,5/23/2021,44,25,13,4, , 
bangkok,5/24/2021,48,26,13,6, , 
bangkok,5/25/2021,43,25,19,7,1, 
bangkok,5/26/2021,56,30,17,6,1, 
bangkok,5/27/2021,66,23,7,6, , 
bangkok,5/28/2021,49,20,6,5,1, 
bangkok,5/29/2021,45,17,7,4,1, 
bangkok,5/30/2021,36,23,8,5, , 
bangkok,5/31/2021,47,24,12,5, , 
bangkok,6/1/2021,58,28,6,4,1, 
bangkok,6/2/2021,60,23,11,4,1, 
bangkok,6/3/2021,53,27,13,4,1, 
bangkok,6/4/2021,55,26,10,4,1, 
bangkok,6/5/2021,56,23,6,5,1, 
bangkok,6/6/2021,49,21,11,4, , 
bangkok,6/7/2021,45,21,14,6,2, 
bangkok,6/8/2021,46,16,9,5, , 
bangkok,6/9/2021,35,14,8,5,1, 
bangkok,6/10/2021,29,25,9,6,2, 
bangkok,6/11/2021,51,36,9,8,2, 
bangkok,6/12/2021,72,33,6,6,2, 
bangkok,6/13/2021,61,27,6,6,1, 
bangkok,6/14/2021,51,32,5,7, , 
bangkok,6/15/2021,62,26,8,5, , 
bangkok,6/16/2021,46,22,15,6,1, 
bangkok,6/17/2021,46,25,5,6,1, 
bangkok,6/18/2021,50,25,14,3, , 
bangkok,6/19/2021,50,27,13,5, , 
bangkok,6/20/2021,45,44,13,4,1, 
bangkok,6/21/2021,74,54,12,8, , 
bangkok,6/22/2021,94,41,13,5,1, 
bangkok,6/23/2021,68,25,12,3, , 
bangkok,6/24/2021,46,35,13,4, , 
bangkok,6/25/2021,67,28,6,4,1, 
bangkok,6/26/2021,54,19,9,1, , 
bangkok,6/27/2021,36,25,13,6,1, 
bangkok,6/28/2021,48,32,12,7,1, 
bangkok,6/29/2021,61,25,11,5, , 
bangkok,6/30/2021,49,24,9,4, , 
bangkok,1/4/2021,119,57,17,25,3, 
bangkok,1/5/2021,108,55,20,22,1, 
bangkok,1/6/2021,116,50,20,18,1, 
bangkok,1/7/2021,100,44,12,9, , 
bangkok,1/8/2021,87,40,18,10,1, 
bangkok,1/9/2021,74,49,19,15,1, 
bangkok,1/10/2021,89,51,17,14,1, 
bangkok,1/11/2021,97,56,17,18,1, 
bangkok,1/12/2021,96,73,24,22,2, 
bangkok,1/13/2021,143,85,28,35,3, 
bangkok,1/14/2021,168,91,29,28,3, 
bangkok,1/15/2021,180,81,26,20,1, 
bangkok,1/16/2021,167,62,23,11,2, 
bangkok,1/17/2021,134,53,20,12,1, 
bangkok,1/18/2021,101,67,24,25,1, 
bangkok,1/19/2021,149,79,34,26,1, 
bangkok,1/20/2021,169,82,27,32,1, 
bangkok,1/21/2021,170,93,42,36,3, 
bangkok,1/22/2021,187,83,26,22,1, 
bangkok,1/23/2021,165,49,14,13,1, 
bangkok,1/24/2021,105,47,13,11,1, 
bangkok,1/25/2021,90,51,14,12,1, 
bangkok,1/26/2021,95,55,11,15,1, 
bangkok,1/27/2021,110,56,20,15,2, 
bangkok,1/28/2021,110,61,20,16,1, 
bangkok,1/29/2021,120,61,19,16,1, 
bangkok,1/30/2021,131,67,24,16,1, 
bangkok,1/31/2021,138,78,26,27,2, 
bangkok,2/1/2021,159,76,24,28,1, 
bangkok,2/2/2021,149,70,20,22,1, 
bangkok,2/3/2021,150,68,16,23,1, 
bangkok,2/4/2021,142,70,20,26,1, 
bangkok,2/5/2021,141,66,23,22,2, 
bangkok,2/6/2021,139,74,34,21,3, 
bangkok,2/7/2021,160,59,14,8,2, 
bangkok,2/8/2021,111,68,8,13,1, 
bangkok,2/9/2021,114,56,21,15,1, 
bangkok,2/10/2021,107,51,4,19,1, 
bangkok,2/11/2021,98,65,20,25,1, 
bangkok,2/12/2021,123,59,26,12,1, 
bangkok,2/13/2021,121,46,18,10,1, 
bangkok,2/14/2021,95,53,15,11,1, 
bangkok,2/15/2021,93,46,16,10,1, 
bangkok,2/16/2021,93,51,20,15,1, 
bangkok,2/17/2021,107,62,16,14,1, 
bangkok,2/18/2021,131,57,17,15,1, 
bangkok,2/19/2021,121,61,24,17,1, 
bangkok,2/20/2021,128,71,32,23,1, 
bangkok,2/21/2021,154,66,20,13, , 
bangkok,2/22/2021,147,60,18,13,1, 
bangkok,2/23/2021,125,63,16,11,1, 
bangkok,2/24/2021,129,64,28,20,1, 
bangkok,2/25/2021,141,65,9,16,1, 
bangkok,2/26/2021,143,61,6,11,1, 
bangkok,2/27/2021,142,65,8,7,2, 
bangkok,2/28/2021,126,46,10,10,2, 
bangkok,3/1/2021,83,32,8,8,1, 
bangkok,3/2/2021,67,27,7,6,2, 
bangkok,3/3/2021,58,37,13,10,1, 
bangkok,3/4/2021,74,35,14,6, , 
bangkok,3/5/2021,71,39,13,5,1, 
bangkok,3/6/2021,80,39,13,3,1, 
bangkok,3/7/2021,77,42,13,9,1, 
bangkok,3/8/2021,86,46,12,12,1, 
bangkok,3/9/2021,89,52,15,16,1, 
bangkok,3/10/2021,105,61,15,16,1, 
bangkok,3/11/2021,120,56,16,14,5, 
bangkok,3/12/2021,104,48,16,11,1, 
bangkok,3/13/2021,94,45,14,7, , 
bangkok,3/14/2021,88,43,12,8, , 
bangkok,3/15/2021,86,51,12,7, , 
bangkok,3/16/2021,93,54,11,7, , 
bangkok,3/17/2021,104,59,15,10, , 
bangkok,3/18/2021,121,54,16,7, , 
bangkok,3/19/2021,104,55,14,5,1, 
bangkok,3/20/2021,103,42,11,4, , 
bangkok,3/21/2021,84,60,8,13, , 
bangkok,3/22/2021,117,60,23,17, , 
bangkok,3/23/2021,119,68,30,17, , 
bangkok,3/24/2021,140,63,23,9,1, 
bangkok,3/25/2021,119,39,15,5, , 
bangkok,3/26/2021,73,34,9,4, , 
bangkok,3/27/2021,62,35,12,4,1, 
bangkok,3/28/2021,71,34,12,4,1, 
bangkok,3/29/2021,70,39,14,6,1, 
bangkok,3/30/2021,75,44,17,7, , 
bangkok,3/31/2021,93,36,13,7, , 
bangkok,10/1/2020,56,21,7,12, , 
bangkok,10/2/2020,48,25,12,14, , 
bangkok,10/3/2020,57,18,11,12, , 
bangkok,10/4/2020,43,23,10,9, , 
bangkok,10/5/2020,58,26,12,12, , 
bangkok,10/6/2020,68,28,12,9, , 
bangkok,10/7/2020,67,20,5,10, , 
bangkok,10/8/2020,57,20,4,18, , 
bangkok,10/9/2020,53,26,2,16, , 
bangkok,10/10/2020,52,27,6,16, , 
bangkok,10/11/2020,58,42,12,20, , 
bangkok,10/12/2020,77,31,3,16, , 
bangkok,10/13/2020,69,32,11,16, , 
bangkok,10/14/2020,63,55,11,12,1, 
bangkok,10/15/2020,79,26,11,13, , 
bangkok,10/16/2020,49,20,4,15, , 
bangkok,10/17/2020,46,19,5,7, , 
bangkok,10/18/2020,42,34,4,7, , 
bangkok,10/19/2020,71,41,8,7, , 
bangkok,10/20/2020,67,31,9,12, , 
bangkok,10/21/2020,65,28,6,9,1, 
bangkok,10/22/2020,75,38,16,8, , 
bangkok,10/23/2020,83,59,22,12,1, 
bangkok,10/24/2020,99,64,29,25,1, 
bangkok,10/25/2020,128,59,22,25,1, 
bangkok,10/26/2020,116,42,11,21,1, 
bangkok,10/27/2020,82,46,16,20, , 
bangkok,10/28/2020,94,33,3,15, , 
bangkok,10/29/2020,76,25,2,12, , 
bangkok,10/30/2020,57,29,8,14, , 
bangkok,10/31/2020,58,32,7,12, , 
bangkok,11/1/2020,56,42,15,12, , 
bangkok,11/2/2020,77,38,13,9, , 
bangkok,11/3/2020,79,42,18,13, , 
bangkok,11/4/2020,94,39,23,14,1, 
bangkok,11/5/2020,85,49,20,18,2, 
bangkok,11/6/2020,94,34,16,10, , 
bangkok,11/7/2020,74,49,21,11, , 
bangkok,11/8/2020,103,49,22,14, , 
bangkok,11/9/2020,102,53,23,18,1, 
bangkok,11/10/2020,108,52,19,15,1, 
bangkok,11/11/2020,101,42,12,15, , 
bangkok,11/12/2020,87,53,21,15, , 
bangkok,11/13/2020,106,62,31,16,1, 
bangkok,11/14/2020,120,65,34,16,1, 
bangkok,11/15/2020,138,37,23,13,1, 
bangkok,11/16/2020,77,47,18,20,1, 
bangkok,11/17/2020,89,50,15,23,1, 
bangkok,11/18/2020,100,57,20,21,1, 
bangkok,11/19/2020,119,53,12,21, , 
bangkok,11/20/2020,107,43,5,17, , 
bangkok,11/21/2020,80,35,11,19, , 
bangkok,11/22/2020,77,49,7,21,1, 
bangkok,11/23/2020,92,36,11,15, , 
bangkok,11/24/2020,72,39,12,14, , 
bangkok,11/25/2020,73,37,14,15, , 
bangkok,11/26/2020,67,30,12,15, , 
bangkok,11/27/2020,59,40,20,10, , 
bangkok,11/28/2020,71,35,24,11, , 
bangkok,11/29/2020,71,27,21,9, , 
bangkok,11/30/2020,60,37,17,12,1, 
bangkok,12/1/2020,66,33,18,10,1, 
bangkok,12/2/2020,67,32,18,9,1, 
bangkok,12/3/2020,68,39,20,10,1, 
bangkok,12/4/2020,80,42,21,11, , 
bangkok,12/5/2020,83,51,23,16,1, 
bangkok,12/6/2020,91,56,20,20,1, 
bangkok,12/7/2020,109,54,22,17,1, 
bangkok,12/8/2020,104,53,22,16,1, 
bangkok,12/9/2020,103,64,25,22,2, 
bangkok,12/10/2020,132,71,28,15,2, 
bangkok,12/11/2020,148,65,22,17,1, 
bangkok,12/12/2020,140,70,16,23,2, 
bangkok,12/13/2020,143,71,15,25,1, 
bangkok,12/14/2020,161,76,7,24,3, 
bangkok,12/15/2020,149,51,10,15,2, 
bangkok,12/16/2020,107,44,13,16,2, 
bangkok,12/17/2020,83,50,24,25,1, 
bangkok,12/18/2020,93,43,20,17,1, 
bangkok,12/19/2020,79,42,21,15,1, 
bangkok,12/20/2020,81,47,19,25,1, 
bangkok,12/21/2020,88,60,20,26,2, 
bangkok,12/22/2020,116,64,19,28,2, 
bangkok,12/23/2020,128,63,19,31,2, 
bangkok,12/24/2020,138,57,9,25,2, 
bangkok,12/25/2020,120,55,14,28,2, 
bangkok,12/26/2020,106,51,20,18,1, 
bangkok,12/27/2020,101,42,15,17,1, 
bangkok,12/28/2020,81,55,16,24,1, 
bangkok,12/29/2020,105,51,11,18,2, 
bangkok,12/30/2020,98,38,19,5,1, 
bangkok,12/31/2020,76,42,24,8,1, 
bangkok,1/1/2021,82,46,25,11,1, 
bangkok,1/2/2021,93,58,26,14,2, 
bangkok,1/3/2021,130,56,21,17,2, 
bangkok,7/1/2020,46,21,3,5, , 
bangkok,7/2/2020,46,22,5,6, , 
bangkok,7/3/2020,55,29,8,5, , 
bangkok,7/4/2020,60,23,7,3, , 
bangkok,7/5/2020,55,23,10,3, , 
bangkok,7/6/2020,50,23,14,3, , 
bangkok,7/7/2020,53,19,6,5,1, 
bangkok,7/8/2020,47,23,12,5,2, 
bangkok,7/9/2020,50,22,5,6,2, 
bangkok,7/10/2020,53,26,7,7,1, 
bangkok,7/11/2020,50,24,13,7,2, 
bangkok,7/12/2020,50,27,9,9,1, 
bangkok,7/13/2020,42,24,6,8,1, 
bangkok,7/14/2020,53,27,8,8,2, 
bangkok,7/15/2020,57,25,94,7,1, 
bangkok,7/16/2020,51,26,13,6,2, 
bangkok,7/17/2020,53,26,15,7,1, 
bangkok,7/18/2020,65,18,6,4,2, 
bangkok,7/19/2020,42,29,2,10,2, 
bangkok,7/20/2020,61,28,3,16,1, 
bangkok,7/21/2020,60,26,8,12,2, 
bangkok,7/22/2020,63,21,5,7,1, 
bangkok,7/23/2020,56,25,3,11,2, 
bangkok,7/24/2020,58,26,8,10,1, 
bangkok,7/25/2020,59,22,7,5,1, 
bangkok,7/26/2020,51,15,6,4,2, 
bangkok,7/27/2020,40,18,7,5,1, 
bangkok,7/28/2020,44,23,12,7,2, 
bangkok,7/29/2020,49,20,10,5,2, 
bangkok,7/30/2020,48,18,8,5,2, 
bangkok,7/31/2020,43,17,6,4,1, 
bangkok,8/1/2020,41,14,5,4,2, 
bangkok,8/2/2020,32,17,5,4,1, 
bangkok,8/3/2020,37,19,5,4, , 
bangkok,8/4/2020,44,21,8,5, , 
bangkok,8/5/2020,48,27,7,7,1, 
bangkok,8/6/2020,57,28,5,8, , 
bangkok,8/7/2020,57,25,4,6, , 
bangkok,8/8/2020,49,19,5,6, , 
bangkok,8/9/2020,42,18,5,5, , 
bangkok,8/10/2020,42,25,5,6, , 
bangkok,8/11/2020,45,17,4,4, , 
bangkok,8/12/2020,41,21,4,6, , 
bangkok,8/13/2020,51,25,5,8, , 
bangkok,8/14/2020,56,31,4,7, , 
bangkok,8/15/2020,61,28,8,5, , 
bangkok,8/16/2020,57,32,8,7, , 
bangkok,8/17/2020,63,40,13,6,1, 
bangkok,8/18/2020,73,32,8,7, , 
bangkok,8/19/2020,65,38,5,7, , 
bangkok,8/20/2020,76,29,7,6, , 
bangkok,8/21/2020,60,23,17,5, , 
bangkok,8/22/2020,55,23,7,6, , 
bangkok,8/23/2020,52,27,8,6, , 
bangkok,8/24/2020,58,28,11,8, , 
bangkok,8/25/2020,57,26,10,5, , 
bangkok,8/26/2020,53,26,5,4, , 
bangkok,8/27/2020,51,28,4,5, , 
bangkok,8/28/2020,60,27,16,8, , 
bangkok,8/29/2020,62,31,13,8, , 
bangkok,8/30/2020,68,23,7,5, , 
bangkok,8/31/2020,52,24,11,9, , 
bangkok,9/1/2020,52,36,9,10, , 
bangkok,9/2/2020,71,29,6,8, , 
bangkok,9/3/2020,63,26,7,7, , 
bangkok,9/4/2020,60,24,6,6, , 
bangkok,9/5/2020,54,17,12,2, , 
bangkok,9/6/2020,44,16,7,3, , 
bangkok,9/7/2020,40,22,9,4, , 
bangkok,9/8/2020,50,29,3,5, , 
bangkok,9/9/2020,67,26,16,7, , 
bangkok,9/10/2020,57,19,8,6, , 
bangkok,9/11/2020,41,20,3,7, , 
bangkok,9/12/2020,42,18,2,6, , 
bangkok,9/13/2020,44,17,7,6,1, 
bangkok,9/14/2020,39,24,12,10, , 
bangkok,9/15/2020,47,26,16,11, , 
bangkok,9/16/2020,52,28,14,10, , 
bangkok,9/17/2020,50,24,5,9, , 
bangkok,9/18/2020,50,16,5,4, , 
bangkok,9/19/2020,39,16,4,3, , 
bangkok,9/20/2020,26,31,11,4, , 
bangkok,9/21/2020,55,39,12,9, , 
bangkok,9/22/2020,62,42,15,13, , 
bangkok,9/23/2020,77,21,9,3, , 
bangkok,9/24/2020,37,32,13,4, , 
bangkok,9/25/2020,46,33,6,6, , 
bangkok,9/26/2020,83,20,8,7, , 
bangkok,9/27/2020,49,27,6,7, , 
bangkok,9/28/2020,49,18,7,8, , 
bangkok,9/29/2020,38,25,11,11,1, 
bangkok,9/30/2020,57,26,6,9,1, 
bangkok,4/1/2020,73,31,1,2,4, 
bangkok,4/2/2020,62,27,5,3, , 
bangkok,4/3/2020,54,27,4,2, , 
bangkok,4/4/2020,62,28,8,2, , 
bangkok,4/5/2020,63,28,6,2, , 
bangkok,4/6/2020,61,39,9,4,10, 
bangkok,4/7/2020,74,37,6,6, , 
bangkok,4/8/2020,70,30,9,4, , 
bangkok,4/9/2020,61,29,13,4, , 
bangkok,4/10/2020,69,30,9,5, , 
bangkok,4/11/2020,73,19,9,2, , 
bangkok,4/12/2020,68,40,12,12, , 
bangkok,4/13/2020,89,50,23,7, , 
bangkok,4/14/2020,110,44,21,7, , 
bangkok,4/15/2020,90,27,12,4, , 
bangkok,4/16/2020,69,23,11,3,8, 
bangkok,4/17/2020,56,23,14,4, , 
bangkok,4/18/2020,53,26,11,6, , 
bangkok,4/19/2020,57,23,11,4, , 
bangkok,4/20/2020,60,22,10,3,6, 
bangkok,4/21/2020,53,31,14,5, , 
bangkok,4/22/2020,68,34,18,4, , 
bangkok,4/23/2020,70,31,18,8, , 
bangkok,4/24/2020,72,34,10,8, , 
bangkok,4/25/2020,75,47,29,13, , 
bangkok,4/26/2020,90,52,20,13, , 
bangkok,4/27/2020,114,46,33,7, , 
bangkok,4/28/2020,97,51,23,9, , 
bangkok,4/29/2020,108,40,18,7, , 
bangkok,4/30/2020,87,30,16,4, , 
bangkok,5/1/2020,62,33,12,2, , 
bangkok,5/2/2020,60,27,10,1, , 
bangkok,5/3/2020,58,30,15,3, , 
bangkok,5/4/2020,68,32,16,5, , 
bangkok,5/5/2020,70,28,11,3, , 
bangkok,5/6/2020,65,24,10,2, , 
bangkok,5/7/2020,56,25,5,3, , 
bangkok,5/8/2020,52,17,7,3, , 
bangkok,5/9/2020,37,16,8,4, , 
bangkok,5/10/2020,34,25,5,4, , 
bangkok,5/11/2020,49,37,22,7, , 
bangkok,5/12/2020,76,23,11,3, , 
bangkok,5/13/2020,57,25,12,3, , 
bangkok,5/14/2020,54,22,9,3, , 
bangkok,5/15/2020,53,24,9,2, , 
bangkok,5/16/2020,58,23,9,3, , 
bangkok,5/17/2020,57,25,10,4, , 
bangkok,5/18/2020,55,20,9,4, , 
bangkok,5/19/2020,49,24,9,3, , 
bangkok,5/20/2020,56,28,10,3, , 
bangkok,5/21/2020,61,40,17,5, , 
bangkok,5/22/2020,85,47,11,5, , 
bangkok,5/23/2020,85,46,9,5, , 
bangkok,5/24/2020,87,39,6,7, , 
bangkok,5/25/2020,91,39,10,8, , 
bangkok,5/26/2020,92,24,10,7, , 
bangkok,5/27/2020,53,23,12,6, , 
bangkok,5/28/2020,50,26,15,7, , 
bangkok,5/29/2020,54,18,10,6, , 
bangkok,5/30/2020,42,18,8,4, , 
bangkok,5/31/2020,47,23,11,4, , 
bangkok,6/1/2020,48,18,9,3, , 
bangkok,6/2/2020,43,20,8,5, , 
bangkok,6/3/2020,48,24,9,7, , 
bangkok,6/4/2020,53,22,4,7, , 
bangkok,6/5/2020,48,20,8,5, , 
bangkok,6/6/2020,39,17,7,4, , 
bangkok,6/7/2020,32,16,6,4, , 
bangkok,6/8/2020,34,21,4,5, , 
bangkok,6/9/2020,45,18,5,5, , 
bangkok,6/10/2020,40,23,12,6, , 
bangkok,6/11/2020,54,22,13,7, , 
bangkok,6/12/2020,46,21,16,5, , 
bangkok,6/13/2020,47,21,13,4, , 
bangkok,6/14/2020,52,18,5,5, , 
bangkok,6/15/2020,42,17,6,5, , 
bangkok,6/16/2020,42,21,4,7, , 
bangkok,6/17/2020,49,25,8,9, , 
bangkok,6/18/2020,61,23,6,7, , 
bangkok,6/19/2020,59,23,13,6, , 
bangkok,6/20/2020,52,22,15,5, , 
bangkok,6/21/2020,52,26,8,8, , 
bangkok,6/22/2020,60,25,16,9, , 
bangkok,6/23/2020,60,26,15,7, , 
bangkok,6/24/2020,61,25,12,7, , 
bangkok,6/25/2020,54,20,7,6, , 
bangkok,6/26/2020,48,22,12,8, , 
bangkok,6/27/2020,54,19,11,6, , 
bangkok,6/28/2020,50,21,11,5, , 
bangkok,6/29/2020,48,20,9,7, , 
bangkok,6/30/2020,48,21,8,5, , 
bangkok,1/1/2020,74,46,11,15,1, 
bangkok,1/2/2020,93,52,12,18,1, 
bangkok,1/3/2020,102,56,16,18, , 
bangkok,1/4/2020,121,61,15,17, , 
bangkok,1/5/2020,130,66,14,27,1, 
bangkok,1/6/2020,135,69,15,22,1, 
bangkok,1/7/2020,139,71,13,22,1, 
bangkok,1/8/2020,149,70,18,21,1, 
bangkok,1/9/2020,140,93,13,30,2, 
bangkok,1/10/2020,180,64,16,14,1, 
bangkok,1/11/2020,138,56,15,10,2, 
bangkok,1/12/2020,120,56,12,12, , 
bangkok,1/13/2020,116,56,11,12, , 
bangkok,1/14/2020,112,61,13,15, , 
bangkok,1/15/2020,122,67,15,13, , 
bangkok,1/16/2020,127,70,19,15, , 
bangkok,1/17/2020,143,74,12,11,1, 
bangkok,1/18/2020,162,72,18,11, , 
bangkok,1/19/2020,159,76,17,16, , 
bangkok,1/20/2020,163,67,16,14, , 
bangkok,1/21/2020,147,63,12,16, , 
bangkok,1/22/2020,124,58,9,10, , 
bangkok,1/23/2020,115,48,7,8, , 
bangkok,1/24/2020,84,39,10,5, , 
bangkok,1/25/2020,69,33,7,7, , 
bangkok,1/26/2020,62,40,10,10,1, 
bangkok,1/27/2020,81,47,13,12,1, 
bangkok,1/28/2020,101,49,20,16, , 
bangkok,1/29/2020,104,56,21,15,1, 
bangkok,1/30/2020,110,68,19,13, , 
bangkok,1/31/2020,138,88,27,17, , 
bangkok,2/1/2020,161,85,25,14,1, 
bangkok,2/2/2020,162,80,22,13, , 
bangkok,2/3/2020,159,71,17,10,1, 
bangkok,2/4/2020,145,58,17,10, , 
bangkok,2/5/2020,109,48,14,8, , 
bangkok,2/6/2020,91,59,18,13, , 
bangkok,2/7/2020,108,59,22,11,1, 
bangkok,2/8/2020,118,72,16,14, , 
bangkok,2/9/2020,138,75,19,13, , 
bangkok,2/10/2020,138,71,22,15,1, 
bangkok,2/11/2020,154,58,13,9,1, 
bangkok,2/12/2020,126,32,7,5, , 
bangkok,2/13/2020,58,29,6,5, , 
bangkok,2/14/2020,55,37,10,8, , 
bangkok,2/15/2020,75,26,8,7, , 
bangkok,2/16/2020,58,38,13,10, , 
bangkok,2/17/2020,73,62,15,11,1, 
bangkok,2/18/2020,118,81,21,17,1, 
bangkok,2/19/2020,149,86,18,19,1, 
bangkok,2/20/2020,167,79,18,14, , 
bangkok,2/21/2020,154,82,17,13,1, 
bangkok,2/22/2020,150,80,21,14,1, 
bangkok,2/23/2020,151,87,21,19,1, 
bangkok,2/24/2020,166,89,25,13,1, 
bangkok,2/25/2020,164,73,20,10,1, 
bangkok,2/26/2020,145,75,11,17,1, 
bangkok,2/27/2020,140,50,13,9, , 
bangkok,2/28/2020,104,49,12,9, , 
bangkok,2/29/2020,96,51,13,6, , 
bangkok,3/1/2020,91,47,12,6, , 
bangkok,3/2/2020,91,33,9,4, , 
bangkok,3/3/2020,66,29,4,5,1, 
bangkok,3/4/2020,56,31,5,6, , 
bangkok,3/5/2020,63,30,5,5, , 
bangkok,3/6/2020,61,32,4,6, , 
bangkok,3/7/2020,63,39,12,4, , 
bangkok,3/8/2020,75,56,24,10, , 
bangkok,3/9/2020,119,49,14,9, , 
bangkok,3/10/2020,107,54,14,10,1, 
bangkok,3/11/2020,111,44,8,6, , 
bangkok,3/12/2020,94,37,6,5, , 
bangkok,3/13/2020,80,35,7,5, , 
bangkok,3/14/2020,72,37,5,9, , 
bangkok,3/15/2020,81,57,12,15, , 
bangkok,3/16/2020,109,46,13,4, , 
bangkok,3/17/2020,79,44,9,5, , 
bangkok,3/18/2020,84,40,11,5, , 
bangkok,3/19/2020,75,36,11,5, , 
bangkok,3/20/2020,75,35,13,5, , 
bangkok,3/21/2020,79,29,13,5, , 
bangkok,3/22/2020,69,30,12,7,1, 
bangkok,3/23/2020,65,28,9,6, , 
bangkok,3/24/2020,61,31,9,4, , 
bangkok,3/25/2020,70,25,8,4, , 
bangkok,3/26/2020,59,27,7,4, , 
bangkok,3/27/2020,59,37,11,4, , 
bangkok,3/28/2020,81,30,10,3, , 
bangkok,3/29/2020,72, , , , , 
bangkok,10/1/2019,106,37,17,13,1, 
bangkok,10/2/2019,85,36,12,12,2, 
bangkok,10/3/2019,78,45,6,17,1, 
bangkok,10/4/2019,93,45,8,10,1, 
bangkok,10/5/2019,90,33,10,15,2, 
bangkok,10/6/2019,82,29,10,13,1, 
bangkok,10/7/2019,72,34,11,17, , 
bangkok,10/8/2019,72,26,9,18,1, 
bangkok,10/9/2019,83,34,15,20,1, 
bangkok,10/10/2019,101,41,14,20,2, 
bangkok,10/11/2019,96,37,14,19,2, 
bangkok,10/12/2019,88,23,5,11,2, 
bangkok,10/13/2019,79,19,9,11,4, 
bangkok,10/14/2019,65,31,9,12,2, 
bangkok,10/15/2019,73,42,6,17,3, 
bangkok,10/16/2019,73,46,10,19,1, 
bangkok,10/17/2019,75,44,17,22,2, 
bangkok,10/18/2019,75,46,18,17,2, 
bangkok,10/19/2019,83,46,15,15,1, 
bangkok,10/20/2019,82,50,23,15,1, 
bangkok,10/21/2019,92,69,27,22,1, 
bangkok,10/22/2019,148,46,19,8,1, 
bangkok,10/23/2019,94,36,12,8,1, 
bangkok,10/24/2019,80,42,18,12,1, 
bangkok,10/25/2019,84,44,16,13,2, 
bangkok,10/26/2019,90,32,15,10,3, 
bangkok,10/27/2019,68,34,18,12,1, 
bangkok,10/28/2019,73,37,13,15,1, 
bangkok,10/29/2019,79,40,19,13,1, 
bangkok,10/30/2019,78,48,21,15,1, 
bangkok,10/31/2019,86,30,12,11,1, 
bangkok,11/1/2019,62,36,8,14,1, 
bangkok,11/2/2019,75,39,14,11,1, 
bangkok,11/3/2019,85,41,22,14,2, 
bangkok,11/4/2019,81,58,24,18, , 
bangkok,11/5/2019,110,59,19,19,1, 
bangkok,11/6/2019,122,61,15,18,1, 
bangkok,11/7/2019,127,61,22,14,2, 
bangkok,11/8/2019,120,60,22,12,1, 
bangkok,11/9/2019,132,61,21,17, , 
bangkok,11/10/2019,128,69,25,27,1, 
bangkok,11/11/2019,131,62,13,24,1, 
bangkok,11/12/2019,137,54,13,16,1, 
bangkok,11/13/2019,113,41,6,15,1, 
bangkok,11/14/2019,81,46,16,15,1, 
bangkok,11/15/2019,88,54,20,18,1, 
bangkok,11/16/2019,109,56,27,16,1, 
bangkok,11/17/2019,113,55,15,20,3, 
bangkok,11/18/2019,99,51,16,16, , 
bangkok,11/19/2019,88,40,13,12, , 
bangkok,11/20/2019,78,41,18,13,1, 
bangkok,11/21/2019,85,44,16,17,1, 
bangkok,11/22/2019,87,51,18,23,2, 
bangkok,11/23/2019,107,49,20,20,2, 
bangkok,11/24/2019,99,55,15,21,1, 
bangkok,11/25/2019,111,46,15,19,2, 
bangkok,11/26/2019,90,47,10,18,1, 
bangkok,11/27/2019,87,38,10,10,3, 
bangkok,11/28/2019,72,35,17,12,1, 
bangkok,11/29/2019,74,36,8,16,1, 
bangkok,11/30/2019,73,39,14,15,2, 
bangkok,12/1/2019,79,36,11,12,1, 
bangkok,12/2/2019,66,44,15,12,2, 
bangkok,12/3/2019,84,51,20,9,1, 
bangkok,12/4/2019,104,51,24,7,2, 
bangkok,12/5/2019,107,60,23,15,2, 
bangkok,12/6/2019,119,58,21,14,4, 
bangkok,12/7/2019,103,68,23,21,4, 
bangkok,12/8/2019,134,64,17,16,3, 
bangkok,12/9/2019,129,68,22,23,1, 
bangkok,12/10/2019,137,74,18,32,1, 
bangkok,12/11/2019,149,67,16,27,1, 
bangkok,12/12/2019,138,68,16,20,1, 
bangkok,12/13/2019,142,63,13,17,1, 
bangkok,12/14/2019,128,67,3,20,1, 
bangkok,12/15/2019,123,61,14,21,1, 
bangkok,12/16/2019,113,59,12,24,1, 
bangkok,12/17/2019,115,60,14,21,1, 
bangkok,12/18/2019,116,59,16,20,1, 
bangkok,12/19/2019,117,57,13,18,1, 
bangkok,12/20/2019,114,57,15,18,1, 
bangkok,12/21/2019,113,50,13,16,2, 
bangkok,12/22/2019,99,50,14,16,1, 
bangkok,12/23/2019,97,52,15,13,1, 
bangkok,12/24/2019,103,54,15,16,1, 
bangkok,12/25/2019,108,51,14,15,1, 
bangkok,12/26/2019,102,57,14,15,1, 
bangkok,12/27/2019,119,57,15,14,1, 
bangkok,12/28/2019,115,59,17,15,1, 
bangkok,12/29/2019,127, , , , , 
bangkok,7/1/2019,66,43,5,9,1, 
bangkok,7/2/2019,76,43,3,10,1, 
bangkok,7/3/2019,71,63,3,9,1, 
bangkok,7/4/2019,69,33,4,10,1, 
bangkok,7/5/2019,66,43,1,9,1, 
bangkok,7/6/2019,74,37,3,7, , 
bangkok,7/7/2019,61,35,7,8,1, 
bangkok,7/8/2019,62,35,8,8,3, 
bangkok,7/9/2019,67,43,9,8,1, 
bangkok,7/10/2019,71,59,10,7,2, 
bangkok,7/11/2019,81,39,11,5,1, 
bangkok,7/12/2019,66,34,10,6,1, 
bangkok,7/13/2019,61,26,4,4,1, 
bangkok,7/14/2019,49,24,5,6,1, 
bangkok,7/15/2019,50,22,12,6,1, 
bangkok,7/16/2019,43,24,10,7,1, 
bangkok,7/17/2019,51,22,13,7,1, 
bangkok,7/18/2019,53,24,11,7,1, 
bangkok,7/19/2019,54,27,13,9,1, 
bangkok,7/20/2019,61,17,6,7,1, 
bangkok,7/21/2019,54,27,5,10,1, 
bangkok,7/22/2019,67,28,3,8,1, 
bangkok,7/23/2019,66,39,2,8,1, 
bangkok,7/24/2019,65,27,3,8,1, 
bangkok,7/25/2019,87,34,15,9,1, 
bangkok,7/26/2019,65,28,10,10,1, 
bangkok,7/27/2019,50,33,11,7,1, 
bangkok,7/28/2019,55,20,6,6,1, 
bangkok,7/29/2019,39,25,7,7,1, 
bangkok,7/30/2019,57,27,8,5,1, 
bangkok,7/31/2019,57,25,6,6, , 
bangkok,8/1/2019,49,24,7,8,1, 
bangkok,8/2/2019,49,23,5,7,1, 
bangkok,8/3/2019,51,18,6,7,1, 
bangkok,8/4/2019,45,22,6,8,1, 
bangkok,8/5/2019,47,24,7,8,1, 
bangkok,8/6/2019,54,25,6,8, , 
bangkok,8/7/2019,54,23,4,7,1, 
bangkok,8/8/2019,60,25,6,8,1, 
bangkok,8/9/2019,64,18,5,6,1, 
bangkok,8/10/2019,48,18,6,4,1, 
bangkok,8/11/2019,42,18,7,4,1, 
bangkok,8/12/2019,46,24,5,7,1, 
bangkok,8/13/2019,56,33,7,8,1, 
bangkok,8/14/2019,67,32,10,6,1, 
bangkok,8/15/2019,67,32,9,7,1, 
bangkok,8/16/2019,70,22,5,6,1, 
bangkok,8/17/2019,47,20,8,5,1, 
bangkok,8/18/2019,41,27,10,8,1, 
bangkok,8/19/2019,52,26,5,8,1, 
bangkok,8/20/2019,55,23,8,9, , 
bangkok,8/21/2019,43,25,5,7,1, 
bangkok,8/22/2019,50,25,2,8, , 
bangkok,8/23/2019,52,24,6,8,1, 
bangkok,8/24/2019,46,20,7,5,1, 
bangkok,8/25/2019,40,18,4,7,1, 
bangkok,8/26/2019,34,24,5,8, , 
bangkok,8/27/2019,46,22,8,8,1, 
bangkok,8/28/2019,41,21,6,9,1, 
bangkok,8/29/2019,46,25,3,9,1, 
bangkok,8/30/2019,46,21,6,7,1, 
bangkok,8/31/2019,47,18,4,6,1, 
bangkok,9/1/2019,37,25,4,8,1, 
bangkok,9/2/2019,51,23,2,9, , 
bangkok,9/3/2019,53,26,3,9,1, 
bangkok,9/4/2019,52,27,3,9,1, 
bangkok,9/5/2019,58,28,7,9,1, 
bangkok,9/6/2019,66,31,3,8,3, 
bangkok,9/7/2019,60,26,6,7,4, 
bangkok,9/8/2019,57,29,5,8,2, 
bangkok,9/9/2019,57,26,3,8,1, 
bangkok,9/10/2019,55,30,9,12,2, 
bangkok,9/11/2019,59,29,4,10,3, 
bangkok,9/12/2019,56,20,5,7,3, 
bangkok,9/13/2019,42,24,5,10,1, 
bangkok,9/14/2019,55,31,9,11,4, 
bangkok,9/15/2019,63,28,7,14,2, 
bangkok,9/16/2019,65,35,12,13,3, 
bangkok,9/17/2019,76,31,13,17,2, 
bangkok,9/18/2019,66,33,11,19,3, 
bangkok,9/19/2019,74,33,15,14,3, 
bangkok,9/20/2019,77,26,4,8,5, 
bangkok,9/21/2019,58,33,10,6,3, 
bangkok,9/22/2019,78,25,7,4,2, 
bangkok,9/23/2019,62,41,16,7,1, 
bangkok,9/24/2019,89,59,18,13,1, 
bangkok,9/25/2019,116,59,20,22,1, 
bangkok,9/26/2019,110,49,16,19,1, 
bangkok,9/27/2019,102,62,24,20,2, 
bangkok,9/28/2019,131,66,32,20,1, 
bangkok,9/29/2019,141,77,30,18,2, 
bangkok,9/30/2019,171,48,14,11,1, 
bangkok,4/1/2019,79,39,16,11, , 
bangkok,4/2/2019,77,36,9,10, , 
bangkok,4/3/2019,78,37,9,10, , 
bangkok,4/4/2019,71,27,9,6, , 
bangkok,4/5/2019,63,35,14,7,1, 
bangkok,4/6/2019,77,28,11,4,1, 
bangkok,4/7/2019,64,35,19,7, , 
bangkok,4/8/2019,75,27,11,3, , 
bangkok,4/9/2019,62,31,11,5, , 
bangkok,4/10/2019,67,32,8,5, , 
bangkok,4/11/2019,67,32,11,6, , 
bangkok,4/12/2019,69,28,11,5, , 
bangkok,4/13/2019,67,24,9,4, , 
bangkok,4/14/2019,59,20,7,4, , 
bangkok,4/15/2019,58,21,9,4, , 
bangkok,4/16/2019,59,29,6,5,1, 
bangkok,4/17/2019,68,32,11,4, , 
bangkok,4/18/2019,70,33,9,5, , 
bangkok,4/19/2019,73,48,23,8,1, 
bangkok,4/20/2019,99,55,11,5,1, 
bangkok,4/21/2019,105,34,10,5,1, 
bangkok,4/22/2019,76,39,20,11,1, 
bangkok,4/23/2019,75,37,22,9,1, 
bangkok,4/24/2019,75,39,22,9, , 
bangkok,4/25/2019,82,46,17,13, , 
bangkok,4/26/2019,94,49,9,10, , 
bangkok,4/27/2019,97,26,8,6, , 
bangkok,4/28/2019,69,24,10,7, , 
bangkok,4/29/2019,59,27,8,6, , 
bangkok,4/30/2019,56,28,14,11, , 
bangkok,5/1/2019,51,25,13,11, , 
bangkok,5/2/2019,52,28,14,9,2, 
bangkok,5/3/2019,61,25,12,6,1, 
bangkok,5/4/2019,56,31,6,5, , 
bangkok,5/5/2019,50,47,16,5, , 
bangkok,5/6/2019,79,60,15,10, , 
bangkok,5/7/2019,98,61,16,11, , 
bangkok,5/8/2019,107,61,16,8,1, 
bangkok,5/9/2019,106,55,17,12, , 
bangkok,5/10/2019,97,54,17,9, , 
bangkok,5/11/2019,98,55,15,10, , 
bangkok,5/12/2019,104,39,12,14,1, 
bangkok,5/13/2019,80,43,8,13, , 
bangkok,5/14/2019,89,55,13,9,1, 
bangkok,5/15/2019,109,51,10,10, , 
bangkok,5/16/2019,98,49,11,11,1, 
bangkok,5/17/2019,88,58,13,10,1, 
bangkok,5/18/2019,95,53,15,6, , 
bangkok,5/19/2019,84,42,15,5, , 
bangkok,5/20/2019,85,43,11,8,1, 
bangkok,5/21/2019,82,38,10,12, , 
bangkok,5/22/2019,72,34,8,11,1, 
bangkok,5/23/2019,68,35,13,9, , 
bangkok,5/24/2019,71,40,11,8,1, 
bangkok,5/25/2019,75,32,11,6,1, 
bangkok,5/26/2019,66,38,5,9,1, 
bangkok,5/27/2019,79,41,4,7,1, 
bangkok,5/28/2019,76,23,7,9,1, 
bangkok,5/29/2019,50,24,3,10,1, 
bangkok,5/30/2019,51,30,8,9,1, 
bangkok,5/31/2019,61,28,10,8,1, 
bangkok,6/1/2019,55,26,7,7, , 
bangkok,6/2/2019,56,33,9,8, , 
bangkok,6/3/2019,64,30,19,9,1, 
bangkok,6/4/2019,62,45,6,8, , 
bangkok,6/5/2019,59,36,8,16, , 
bangkok,6/6/2019,71,36,11,16,1, 
bangkok,6/7/2019,75,37,12,9,1, 
bangkok,6/8/2019,68,28,8,7, , 
bangkok,6/9/2019,57,25,7,6, , 
bangkok,6/10/2019,48,25,3,10,1,10
bangkok,6/11/2019,58,23,6,5,1, 
bangkok,6/12/2019,49,23,7,5, , 
bangkok,6/13/2019,51,24,9,4,1, 
bangkok,6/14/2019,49,27,12,5,1, 
bangkok,6/15/2019,53,30,6,7, , 
bangkok,6/16/2019,58,31,5,6, , 
bangkok,6/17/2019,48,21,5,6, , 
bangkok,6/18/2019,44,20,6,6,1, 
bangkok,6/19/2019,44,34,2,10, , 
bangkok,6/20/2019,63,37,2,6, , 
bangkok,6/21/2019,68,32,1,3, , 
bangkok,6/22/2019,64,29,1,3, , 
bangkok,6/23/2019,66,25,3,4, , 
bangkok,6/24/2019,60,26,3,9, , 
bangkok,6/25/2019,53,24,8,7, , 
bangkok,6/26/2019,63,27,4,9,1, 
bangkok,6/27/2019,62,31,6,7, , 
bangkok,6/28/2019,63,25,7,6, , 
bangkok,6/29/2019,51,21,7,6, , 
bangkok,6/30/2019,52,32,6,10,1, 
bangkok,1/1/2019,81,40,22,18, , 
bangkok,1/2/2019,88,48,13,20, , 
bangkok,1/3/2019,90,55,13,24,1, 
bangkok,1/4/2019,103,62,4,24,1, 
bangkok,1/5/2019,117,76,20,20,1, 
bangkok,1/6/2019,159,74,21,19, , 
bangkok,1/7/2019,160,47,11,11, , 
bangkok,1/8/2019,90,49,10,20, , 
bangkok,1/9/2019,92,59,22,23,1, 
bangkok,1/10/2019,121,85,22,30,1, 
bangkok,1/11/2019,172,73,23,22,1, 
bangkok,1/12/2019,153,76,23,22,1, 
bangkok,1/13/2019,152,78,23,19,1, 
bangkok,1/14/2019,162,67,17,21,1, 
bangkok,1/15/2019,146,63,20,20,1, 
bangkok,1/16/2019,124,67,22,18, , 
bangkok,1/17/2019,136,58,20,16,1, 
bangkok,1/18/2019,112,70,29,20,1, 
bangkok,1/19/2019,143,62,32,26,1, 
bangkok,1/20/2019,124,74,29,30,1, 
bangkok,1/21/2019,158,65,23,19, , 
bangkok,1/22/2019,132,64,27,22, , 
bangkok,1/23/2019,134,60,26,24, , 
bangkok,1/24/2019,136,79,33,30,1, 
bangkok,1/25/2019,163,73,28,24,1, 
bangkok,1/26/2019,146,62,27,17, , 
bangkok,1/27/2019,135,73,34,28, , 
bangkok,1/28/2019,157,82,31,38, , 
bangkok,1/29/2019,165,94,34,38,1, 
bangkok,1/30/2019,177,79,24,21, , 
bangkok,1/31/2019,167,61,23,14, , 
bangkok,2/1/2019,128,57,25,12, , 
bangkok,2/2/2019,115,44,17,9, , 
bangkok,2/3/2019,94,50,20,10,1, 
bangkok,2/4/2019,99,48,19,9, , 
bangkok,2/5/2019,95,38,11,7, , 
bangkok,2/6/2019,77,41,15,8,1, 
bangkok,2/7/2019,87,43,17,9,1, 
bangkok,2/8/2019,86,36,11,8, , 
bangkok,2/9/2019,73,40,14,6, , 
bangkok,2/10/2019,80,41,13,8, , 
bangkok,2/11/2019,87,50,19,19, , 
bangkok,2/12/2019,101,72,34,16, , 
bangkok,2/13/2019,143,50,16,7, , 
bangkok,2/14/2019,90,50,16,8, , 
bangkok,2/15/2019,92,43,15,6,1, 
bangkok,2/16/2019,82,36,14,5, , 
bangkok,2/17/2019,69,31,12,6,1, 
bangkok,2/18/2019,66,26,11,6, , 
bangkok,2/19/2019,56,26,12,7,1, 
bangkok,2/20/2019,60,34,15,8,1, 
bangkok,2/21/2019,74,31,9,7, , 
bangkok,2/22/2019,63,37,15,7, , 
bangkok,2/23/2019,77,38,14,5, , 
bangkok,2/24/2019,75,38,15,5, , 
bangkok,2/25/2019,77,38,17,6,1, 
bangkok,2/26/2019,79,50,19,8, , 
bangkok,2/27/2019,96,52,19,7, , 
bangkok,2/28/2019,104,50,14,7, , 
bangkok,3/1/2019,95,52,15,6, , 
bangkok,3/2/2019,100,47,18,4,1, 
bangkok,3/3/2019,93,40,14,5,1, 
bangkok,3/4/2019,80,46,15,7,1, 
bangkok,3/5/2019,98,46,15,9,1, 
bangkok,3/6/2019,100,29,9,6, , 
bangkok,3/7/2019,69,33,12,8, , 
bangkok,3/8/2019,76,31,12,6, , 
bangkok,3/9/2019,71,31,13,6,1, 
bangkok,3/10/2019,69,39,25,7, , 
bangkok,3/11/2019,75,51,35,12, , 
bangkok,3/12/2019,116,42,14,8, , 
bangkok,3/13/2019,83,34,12,6, , 
bangkok,3/14/2019,72,31,12,6, , 
bangkok,3/15/2019,64,47,8,13, , 
bangkok,3/16/2019,101,47,16,11,1, 
bangkok,3/17/2019,102,51,13,11, , 
bangkok,3/18/2019,109,45,12,7, , 
bangkok,3/19/2019,93,41,9,6, , 
bangkok,3/20/2019,90,36,6,8, , 
bangkok,3/21/2019,79,47,8,9,1, 
bangkok,3/22/2019,104,53,3,11, , 
bangkok,3/23/2019,111,44,4,5, , 
bangkok,3/24/2019,96,34,2,8, , 
bangkok,3/25/2019,83,38,5,10, , 
bangkok,3/26/2019,77,36,4,6, , 
bangkok,3/27/2019,74,41,7,8, , 
bangkok,3/28/2019,78,40,3,7, , 
bangkok,3/29/2019,80,38,4,7, , 
bangkok,3/30/2019,81,39,3,7, , 
bangkok,3/31/2019,86,38,13,8, , 
bangkok,10/1/2018,61,41,6,17,1, 
bangkok,10/2/2018,76,60,23,19, , 
bangkok,10/3/2018,113,58,28,15, , 
bangkok,10/4/2018,110,27,17,10,1, 
bangkok,10/5/2018,62,35,15,14,1, 
bangkok,10/6/2018,75,38,18,14,1, 
bangkok,10/7/2018,83,45,14,18,1, 
bangkok,10/8/2018,94,40,15,18,1, 
bangkok,10/9/2018,87,50,17,18,1, 
bangkok,10/10/2018,101,50,19,16,1, 
bangkok,10/11/2018,93,36,19,11, , 
bangkok,10/12/2018,69,46,16,18,1, 
bangkok,10/13/2018,101,41,23,15,1, 
bangkok,10/14/2018,90,32,16,13,1, 
bangkok,10/15/2018,73,29,10,11,1, 
bangkok,10/16/2018,62,33,11,13,1, 
bangkok,10/17/2018,70,40,12,20,1, 
bangkok,10/18/2018,78,53,20,25,1, 
bangkok,10/19/2018,97,45,5,18, , 
bangkok,10/20/2018,82,20,5,11, , 
bangkok,10/21/2018,47,31,10,14,1, 
bangkok,10/22/2018,61,33,10,15, , 
bangkok,10/23/2018,71,39,12,17,1, 
bangkok,10/24/2018,79,54,10,20,1, 
bangkok,10/25/2018,101,45,14,17,1, 
bangkok,10/26/2018,81,43,14,16,1, 
bangkok,10/27/2018,86,34,17,12,1, 
bangkok,10/28/2018,67,48,21,16,1, 
bangkok,10/29/2018,88,48,22,12, , 
bangkok,10/30/2018,87,57,27,11, , 
bangkok,10/31/2018,93,61,29,18,1, 
bangkok,11/1/2018,111,72,27,28,1, 
bangkok,11/2/2018,128,77,29,25,2, 
bangkok,11/3/2018,138,73,32,20,1, 
bangkok,11/4/2018,139,73,30,22,1, 
bangkok,11/5/2018,137,66,21,20,1, 
bangkok,11/6/2018,121,56,15,18,1, 
bangkok,11/7/2018,95,41,10,11,1, 
bangkok,11/8/2018,73,37,4,12,1, 
bangkok,11/9/2018,74,42,8,12,1, 
bangkok,11/10/2018,81,40,14,14,1, 
bangkok,11/11/2018,81,61,20,24,1, 
bangkok,11/12/2018,116,72,14,26,2, 
bangkok,11/13/2018,140,67,15,23,1, 
bangkok,11/14/2018,126,68,20,22,2, 
bangkok,11/15/2018,133,46,14,14,1, 
bangkok,11/16/2018,88,45,13,17,1, 
bangkok,11/17/2018,82,56,14,22,1, 
bangkok,11/18/2018,107,64,15,22,1, 
bangkok,11/19/2018,118,52,18,22,1, 
bangkok,11/20/2018,91,59,21,20,1, 
bangkok,11/21/2018,111,61,16,23,1, 
bangkok,11/22/2018,113,52,19,17,1, 
bangkok,11/23/2018,95,53,23,20,1, 
bangkok,11/24/2018,89,61,23,23,1, 
bangkok,11/25/2018,113,58,29,21,1, 
bangkok,11/26/2018,113,52,18,14,1, 
bangkok,11/27/2018,101,41,15,14,1, 
bangkok,11/28/2018,80,56,18,20,3, 
bangkok,11/29/2018,105,67,17,24,2, 
bangkok,11/30/2018,129,66,17,23,1, 
bangkok,12/1/2018,129,65,19,19,1, 
bangkok,12/2/2018,124,57,19,19,1, 
bangkok,12/3/2018,108,64,19,22,1, 
bangkok,12/4/2018,122,56,17,15,1, 
bangkok,12/5/2018,106,55,17,15,1, 
bangkok,12/6/2018,98,65,16,20,1, 
bangkok,12/7/2018,123,37,3,12,1, 
bangkok,12/8/2018,79,47,11,11,1, 
bangkok,12/9/2018,92,56,15,19,1, 
bangkok,12/10/2018,97,58,15,21,1, 
bangkok,12/11/2018,108,45,9,16,1, 
bangkok,12/12/2018,84,48,15,17,1, 
bangkok,12/13/2018,83,57,17,22,1, 
bangkok,12/14/2018,95,58,15,21,1, 
bangkok,12/15/2018,101,50,17,18,1, 
bangkok,12/16/2018,91,46,22,17,1, 
bangkok,12/17/2018,87,55,21,18,1, 
bangkok,12/18/2018,98,69,25,23,1, 
bangkok,12/19/2018,137,88,31,33,2, 
bangkok,12/20/2018,167,87,34,29,2, 
bangkok,12/21/2018,169,75,30,21,1, 
bangkok,12/22/2018,143,72,21,16,1, 
bangkok,12/23/2018,142,66,22,18,1, 
bangkok,12/24/2018,124,74,19,27,2, 
bangkok,12/25/2018,141,84,24,31,2, 
bangkok,12/26/2018,160,83,23,31,2, 
bangkok,12/27/2018,156,81,28,24,1, 
bangkok,12/28/2018,162,38,17,10, , 
bangkok,12/29/2018,97,37,17,12,1, 
bangkok,12/30/2018,81, , , , , 
bangkok,7/1/2018,54,22,8,9, , 
bangkok,7/2/2018,47,29,10,11, , 
bangkok,7/3/2018,58,21,9,8, , 
bangkok,7/4/2018,52,24,11,10, , 
bangkok,7/5/2018,52,27,9,10, , 
bangkok,7/6/2018,59,34,10,11, , 
bangkok,7/7/2018,67,51,9,10, , 
bangkok,7/8/2018,77,42,10,9, , 
bangkok,7/9/2018,69,42,9,12, , 
bangkok,7/10/2018,78,28,8,10, , 
bangkok,7/11/2018,56,25,10,11, , 
bangkok,7/12/2018,59,25,11,9, , 
bangkok,7/13/2018,59,34,10,11,1, 
bangkok,7/14/2018,73,34,9,9, , 
bangkok,7/15/2018,67,37,9,9, , 
bangkok,7/16/2018,69,36,5,11, , 
bangkok,7/17/2018,68,24,10,9, , 
bangkok,7/18/2018,49,28,8,8,1, 
bangkok,7/19/2018,52,35,6,7,2, 
bangkok,7/20/2018,58,39,8,9, , 
bangkok,7/21/2018,64,35,8,8, , 
bangkok,7/22/2018,64,43,8,10, , 
bangkok,7/23/2018,71,44,8,10, , 
bangkok,7/24/2018,79,46,6,8, , 
bangkok,7/25/2018,76,41,6,9, , 
bangkok,7/26/2018,69,42,8,7, , 
bangkok,7/27/2018,72,34,8,6, , 
bangkok,7/28/2018,63,35,5,7, , 
bangkok,7/29/2018,68,36,4,8, , 
bangkok,7/30/2018,67,39,8,10, , 
bangkok,7/31/2018,70,35,11,9, , 
bangkok,8/1/2018,69,37,9,10, , 
bangkok,8/2/2018,68,35,11,9, , 
bangkok,8/3/2018,66,32,11,8, , 
bangkok,8/4/2018,57,30,11,7, , 
bangkok,8/5/2018,57,29,6,10, , 
bangkok,8/6/2018,62,41,5,10, , 
bangkok,8/7/2018,70,44,9,11,2, 
bangkok,8/8/2018,77,40,9,10, , 
bangkok,8/9/2018,67,31,13,9, , 
bangkok,8/10/2018,64,25,8,7, , 
bangkok,8/11/2018,52,22,9,6, , 
bangkok,8/12/2018,48,31,6,4, , 
bangkok,8/13/2018,59,31,9,6, , 
bangkok,8/14/2018,56,28,7,7, , 
bangkok,8/15/2018,54,30,8,8, , 
bangkok,8/16/2018,59,23,8,8, , 
bangkok,8/17/2018,52,20,9,6, , 
bangkok,8/18/2018,38,19,10,5, , 
bangkok,8/19/2018,39,28,7,6, , 
bangkok,8/20/2018,54,49,9,8,1, 
bangkok,8/21/2018,76,42,11,9, , 
bangkok,8/22/2018,74,44,10,8, , 
bangkok,8/23/2018,76,32,8,9, , 
bangkok,8/24/2018,64,24,6,8, , 
bangkok,8/25/2018,56,23,5,6, , 
bangkok,8/26/2018,54,25,7,7, , 
bangkok,8/27/2018,54,35,10,8, , 
bangkok,8/28/2018,68,41,8,7,1, 
bangkok,8/29/2018,77,24,7,6, , 
bangkok,8/30/2018,50,27,8,7, , 
bangkok,8/31/2018,54,29,13,8, , 
bangkok,9/1/2018,63,32,10,7, , 
bangkok,9/2/2018,59,25,14,9, , 
bangkok,9/3/2018,55,20,9,8, , 
bangkok,9/4/2018,47,28,11,9, , 
bangkok,9/5/2018,56,35,9,9, , 
bangkok,9/6/2018,62,41,14,10, , 
bangkok,9/7/2018,75,41,10,11, , 
bangkok,9/8/2018,80,46,14,16, , 
bangkok,9/9/2018,98,49,23,16, , 
bangkok,9/10/2018,100,35,12,10, , 
bangkok,9/11/2018,63,40,7,10, , 
bangkok,9/12/2018,71,39,9,9, , 
bangkok,9/13/2018,68,31,5,9, , 
bangkok,9/14/2018,62,29,22,10, , 
bangkok,9/15/2018,57,30,19,12, , 
bangkok,9/16/2018,59,30,13,11, , 
bangkok,9/17/2018,57,21,15,8, , 
bangkok,9/18/2018,49,27,4,10, , 
bangkok,9/19/2018,59,43,20,14, , 
bangkok,9/20/2018,80,53,17,17, , 
bangkok,9/21/2018,89,39,20,14, , 
bangkok,9/22/2018,82,31,12,13,1, 
bangkok,9/23/2018,73,41,3,14, , 
bangkok,9/24/2018,76,39,15,12, , 
bangkok,9/25/2018,69,27,15,10,1, 
bangkok,9/26/2018,57,27,12,11, , 
bangkok,9/27/2018,50,37,16,16,1, 
bangkok,9/28/2018,66,45,22,15, , 
bangkok,9/29/2018,89,24,20,12, , 
bangkok,9/30/2018,57,27,13,13, , 
bangkok,4/1/2018,124,58,16,17, , 
bangkok,4/2/2018,123,55,30,17, , 
bangkok,4/3/2018,120,47,14,10, , 
bangkok,4/4/2018,91,55,16,11, , 
bangkok,4/5/2018,97,60,28,13, , 
bangkok,4/6/2018,123,30,15,9, , 
bangkok,4/7/2018,65,45,25,14, , 
bangkok,4/8/2018,83,69,28,22,1, 
bangkok,4/9/2018,121,73,39,24,2, 
bangkok,4/10/2018,141,48,23,9,1, 
bangkok,4/11/2018,90,36,16,6, , 
bangkok,4/12/2018,67,31,14,5,1, 
bangkok,4/13/2018,66,30,14,4, , 
bangkok,4/14/2018,68,29,14,5,1, 
bangkok,4/15/2018,66,36,27,8,1, 
bangkok,4/16/2018,81,28,11,11, , 
bangkok,4/17/2018,62,44,37,16,1, 
bangkok,4/18/2018,87,33,22,10,1, 
bangkok,4/19/2018,73,33,13,7,1, 
bangkok,4/20/2018,67,34,15,7,1, 
bangkok,4/21/2018,72,29,13,5,1, 
bangkok,4/22/2018,63,42,28,9,1, 
bangkok,4/23/2018,83,36,14,7,1, 
bangkok,4/24/2018,75,45,14,10,1, 
bangkok,4/25/2018,84,38,10,11,1, 
bangkok,4/26/2018,74,36,22,16,1, 
bangkok,4/27/2018,74,27,4,17,1, 
bangkok,4/28/2018,64,36,16,12,1, 
bangkok,4/29/2018,76,28,3,11,1, 
bangkok,4/30/2018,63,19,12,9,1, 
bangkok,5/1/2018,47,25,10,10, , 
bangkok,5/2/2018,46,36,12,14,1, 
bangkok,5/3/2018,64,36,19,14,2, 
bangkok,5/4/2018,69,27,14,11,1, 
bangkok,5/5/2018,56,25,9,9, , 
bangkok,5/6/2018,54,31,18,12, , 
bangkok,5/7/2018,64,38,27,15, , 
bangkok,5/8/2018,67,34,11,13, , 
bangkok,5/9/2018,62,30,18,11, , 
bangkok,5/10/2018,58,33,9,19, , 
bangkok,5/11/2018,65,46,18,19, , 
bangkok,5/12/2018,88,37,18,15, , 
bangkok,5/13/2018,77,34,18,18, , 
bangkok,5/14/2018,68,44,16,21,1, 
bangkok,5/15/2018,83,29,13,12, , 
bangkok,5/16/2018,61,24,11,10, , 
bangkok,5/17/2018,56,32,8,14, , 
bangkok,5/18/2018,62,29,15,16, , 
bangkok,5/19/2018,66,40,24,17, , 
bangkok,5/20/2018,83,39,8,19, , 
bangkok,5/21/2018,75,40,8,20, , 
bangkok,5/22/2018,79,38,23,21, , 
bangkok,5/23/2018,73,26,8,14, , 
bangkok,5/24/2018,49,26,12,14, , 
bangkok,5/25/2018,54,28,7,15,1, 
bangkok,5/26/2018,58,27,17,11, , 
bangkok,5/27/2018,62,38,19,18, , 
bangkok,5/28/2018,75,23,9,9, , 
bangkok,5/29/2018,50,26,9,11, , 
bangkok,5/30/2018,54,39,12,17, , 
bangkok,5/31/2018,72,32,10,13,2, 
bangkok,6/1/2018,63,30,14,13,1, 
bangkok,6/2/2018,60,26,15,9,1, 
bangkok,6/3/2018,52,24,17,10,1, 
bangkok,6/4/2018,52,24,13,10,2, 
bangkok,6/5/2018,47,29,14,11,1, 
bangkok,6/6/2018,60,25,8,10,1, 
bangkok,6/7/2018,54,22,8,9,2, 
bangkok,6/8/2018,48,23,5,8,2, 
bangkok,6/9/2018,52,25,5,6,2, 
bangkok,6/10/2018,48,26,5,6,3, 
bangkok,6/11/2018,48,24,7,6,1, 
bangkok,6/12/2018,43,26,7,6, , 
bangkok,6/13/2018,47,27,8,8, , 
bangkok,6/14/2018,52,29,8,8, , 
bangkok,6/15/2018,60,32,7,10,1, 
bangkok,6/16/2018,62,30,15,8, , 
bangkok,6/17/2018,60,35,14,11,4, 
bangkok,6/18/2018,71,40,15,10, , 
bangkok,6/19/2018,78,27,12,8, , 
bangkok,6/20/2018,57,31,9,8,1, 
bangkok,6/21/2018,60,49,17,11,1, 
bangkok,6/22/2018,75,54,14,8,1, 
bangkok,6/23/2018,76,42,13,8, , 
bangkok,6/24/2018,67,25,11,11,1, 
bangkok,6/25/2018,51,30,5,10,1, 
bangkok,6/26/2018,62,32,2,11,1, 
bangkok,6/27/2018,64,31,10,13, , 
bangkok,6/28/2018,65,38,20,14,1, 
bangkok,6/29/2018,72,28,10,9,1, 
bangkok,6/30/2018,57,23,16,10, , 
bangkok,1/1/2018,94,43,25,13, , 
bangkok,1/2/2018,103,56,21,19,1, 
bangkok,1/3/2018,129,63,27,20,1, 
bangkok,1/4/2018,132,70,34,26,1, 
bangkok,1/5/2018,145,66,28,23,2, 
bangkok,1/6/2018,136,29,11,10, , 
bangkok,1/7/2018,70,27,9,11,2, 
bangkok,1/8/2018,61,34,14,15, , 
bangkok,1/9/2018,72,23,8,12, , 
bangkok,1/10/2018,66,58,11,18, , 
bangkok,1/11/2018,107,59,18,19,1, 
bangkok,1/12/2018,122,65,19,21, , 
bangkok,1/13/2018,136,65,23,20,1, 
bangkok,1/14/2018,134,75,22,23,1, 
bangkok,1/15/2018,153,82,28,31,2, 
bangkok,1/16/2018,160,96,35,32,2, 
bangkok,1/17/2018,174,78,25,25,2, 
bangkok,1/18/2018,148,77,23,26,1, 
bangkok,1/19/2018,140,74,21,22,2, 
bangkok,1/20/2018,143,89,25,32,2, 
bangkok,1/21/2018,167,93,23,31,2, 
bangkok,1/22/2018,183,79,19,28,2, 
bangkok,1/23/2018,166,75,9,23,1, 
bangkok,1/24/2018,172,49,8,14,2, 
bangkok,1/25/2018,101,33,11,12, , 
bangkok,1/26/2018,76,28,7,9,1, 
bangkok,1/27/2018,73,29,6,9, , 
bangkok,1/28/2018,70,32,9,10, , 
bangkok,1/29/2018,75,31,10,9, , 
bangkok,1/30/2018,77,31,7,11, , 
bangkok,1/31/2018,82,52,24,13, , 
bangkok,2/1/2018,114,64,23,15, , 
bangkok,2/2/2018,148,70,15,18, , 
bangkok,2/3/2018,145,73,29,17, , 
bangkok,2/4/2018,160,74,29,18,1, 
bangkok,2/5/2018,163,69,30,15,1, 
bangkok,2/6/2018,153,88,38,26,1, 
bangkok,2/7/2018,173,85,34,23,2, 
bangkok,2/8/2018,170,67,22,15,3, 
bangkok,2/9/2018,143,62,23,13,4, 
bangkok,2/10/2018,138,63,20,16,5, 
bangkok,2/11/2018,141,71,26,14,4, 
bangkok,2/12/2018,153,66,30,16,3, 
bangkok,2/13/2018,145,89,40,37,5, 
bangkok,2/14/2018,170,75,31,19,6, 
bangkok,2/15/2018,156,63,17,14,4, 
bangkok,2/16/2018,141,60,14,13, , 
bangkok,2/17/2018,137,55,16,7,1, 
bangkok,2/18/2018,124,51,9,10,1, 
bangkok,2/19/2018,110,26,7,7,1, 
bangkok,2/20/2018,61,34,9,8,1, 
bangkok,2/21/2018,76,43,13,8,3, 
bangkok,2/22/2018,86,44,14,15,3, 
bangkok,2/23/2018,101,58,20,19,3, 
bangkok,2/24/2018,122,58,17,20,4, 
bangkok,2/25/2018,112,57,23,16,6, 
bangkok,2/26/2018,131,49,13,15,6, 
bangkok,2/27/2018,99,60,22,19,7, 
bangkok,2/28/2018,120,45,15,9,8, 
bangkok,3/1/2018,87,41,11,8,9, 
bangkok,3/2/2018,83,29,10,7,11, 
bangkok,3/3/2018,64,27,11,7,13, 
bangkok,3/4/2018,61,28,12,8,15, 
bangkok,3/5/2018,55,29,14,9,19, 
bangkok,3/6/2018,62,31,9,8,23, 
bangkok,3/7/2018,65,44,13,12,31, 
bangkok,3/8/2018,87,42,7,12,51, 
bangkok,3/9/2018,96,65,17,20,42, 
bangkok,3/10/2018,127,75,31,21,38, 
bangkok,3/11/2018,156,89,29,26,64, 
bangkok,3/12/2018,167,58,20,12,22, 
bangkok,3/13/2018,124,48,13,9, , 
bangkok,3/14/2018,95,42,13,9, , 
bangkok,3/15/2018,89,42,10,9, , 
bangkok,3/16/2018,88,30,12,7, , 
bangkok,3/17/2018,74,24,11,6, , 
bangkok,3/18/2018,68,26,10,7, , 
bangkok,3/19/2018,66,37,19,9, , 
bangkok,3/20/2018,83,41,14,12, , 
bangkok,3/21/2018,86,48,19,15, , 
bangkok,3/22/2018,112,60,24,14, , 
bangkok,3/23/2018,138,67,26,18, , 
bangkok,3/24/2018,143,58,19,12, , 
bangkok,3/25/2018,124,56,15,10, , 
bangkok,3/26/2018,101,58,18,17, , 
bangkok,3/27/2018,123,51,13,9, , 
bangkok,3/28/2018,101,46,12,9, , 
bangkok,3/29/2018,91,54,13,9, , 
bangkok,3/30/2018,95,52,9,13, , 
bangkok,3/31/2018,102,60,11,17, , 
bangkok,10/1/2017,108,34,3,16, , 
bangkok,10/2/2017,85,32,5,15, , 
bangkok,10/3/2017,78,30,6,11,1, 
bangkok,10/4/2017,71,31,7,12,1, 
bangkok,10/5/2017,73,40,7,12,1, 
bangkok,10/6/2017,76, , , , , 
bangkok,10/8/2017,85,31,16,13, , 
bangkok,10/9/2017,70,42,12,19,1, 
bangkok,10/10/2017,89,35,7,14,1, 
bangkok,10/11/2017,79,53,11,24,1, 
bangkok,10/12/2017,116,62,9,22,1, 
bangkok,10/13/2017,140,37,12,16, , 
bangkok,10/14/2017,88,31,10,9,1, 
bangkok,10/15/2017,71,28,10,11,1, 
bangkok,10/16/2017,62,35,9,12,1, 
bangkok,10/17/2017,68,35,5,17,1, 
bangkok,10/18/2017,81,32,7,13,1, 
bangkok,10/19/2017,79,26,11,11, , 
bangkok,10/20/2017,69,48,10,16,1, 
bangkok,10/21/2017,110,33,16,14, , 
bangkok,10/22/2017,98,22,16,10, , 
bangkok,10/23/2017,66,23,14,15, , 
bangkok,10/24/2017,70,35,17,17,1, 
bangkok,10/25/2017,86,45,21,19,1, 
bangkok,10/26/2017,107,50,21,25,1, 
bangkok,10/27/2017,130,51,23,14,1, 
bangkok,10/28/2017,119,57,22,11, , 
bangkok,10/29/2017,149,59,25,11,1, 
bangkok,10/30/2017,139,58,28,15, , 
bangkok,10/31/2017,133,61,21,18,1, 
bangkok,11/1/2017,147,58,24,19,1, 
bangkok,11/2/2017,118,59,27,19, , 
bangkok,11/3/2017,116,67,28,19,1, 
bangkok,11/4/2017,135,53,22,9,1, 
bangkok,11/5/2017,95,63,20,17,1, 
bangkok,11/6/2017,132,52,24,14,1, 
bangkok,11/7/2017,115,52,17,20,1, 
bangkok,11/8/2017,113,44,18,18,1, 
bangkok,11/9/2017,94,44,14,16,1, 
bangkok,11/10/2017,94,35,6,13,1, 
bangkok,11/11/2017,76,37,18,13,1, 
bangkok,11/12/2017,87,47,18,17,2, 
bangkok,11/13/2017,100,48,18,21,2, 
bangkok,11/14/2017,115,43,17,21,1, 
bangkok,11/15/2017,115,34,8,15,1, 
bangkok,11/16/2017,80,52,10,21,1, 
bangkok,11/17/2017,105,66,17,24,1, 
bangkok,11/18/2017,139,49,13,19,1, 
bangkok,11/19/2017,115,29,8,15,1, 
bangkok,11/20/2017,77,27,11,12,1, 
bangkok,11/21/2017,72,34,15,16,1, 
bangkok,11/22/2017,88,28,17,15,1, 
bangkok,11/23/2017,69,33,20,14, , 
bangkok,11/24/2017,78,47,23,21,1, 
bangkok,11/25/2017,95,46,24,18,1, 
bangkok,11/26/2017,97,43,19,20,1, 
bangkok,11/27/2017,93,46,18,18,1, 
bangkok,11/28/2017,105,37,20,17,1, 
bangkok,11/29/2017,95,39,19,20,1, 
bangkok,11/30/2017,96,45,18,18,1, 
bangkok,12/1/2017,103,45,23,20,1, 
bangkok,12/2/2017,101,39,23,20,1, 
bangkok,12/3/2017,93,39,24,17,1, 
bangkok,12/4/2017,88,34,16,12,1, 
bangkok,12/5/2017,84,48,24,17,1, 
bangkok,12/6/2017,106,52,25,18,1, 
bangkok,12/7/2017,118,54,23,18,1, 
bangkok,12/8/2017,114,40,26,13,1, 
bangkok,12/9/2017,95,62,35,24,2, 
bangkok,12/10/2017,142,76,32,31,2, 
bangkok,12/11/2017,164,58,19,18,2, 
bangkok,12/12/2017,125,50,17,19,1, 
bangkok,12/13/2017,107,48,14,19,2, 
bangkok,12/14/2017,108,59,20,21,2, 
bangkok,12/15/2017,124,50,21,14,1, 
bangkok,12/16/2017,113,26,22,7,1, 
bangkok,12/17/2017,67,50,26,11,1, 
bangkok,12/18/2017,108,63,25,15,1, 
bangkok,12/19/2017,129,71,25,20,2, 
bangkok,12/20/2017,140,70,25,21,2, 
bangkok,12/21/2017,151,72,27,21,2, 
bangkok,12/22/2017,157,75,36,24,2, 
bangkok,12/23/2017,161,70,31,19,2, 
bangkok,12/24/2017,142,50,20,18,1, 
bangkok,12/25/2017,102,69,14,19,1, 
bangkok,12/26/2017,160,45,9,17,1, 
bangkok,12/27/2017,144,30,12,13, , 
bangkok,12/28/2017,96,33,21,12, , 
bangkok,12/29/2017,84,33,23,14,1, 
bangkok,12/30/2017,87,34,18,13, , 
bangkok,12/31/2017,82,35,22,12, , 
bangkok,7/1/2017,66,32,9,8,1, 
bangkok,7/2/2017,68,29,9,9, , 
bangkok,7/3/2017,64,32,5,8,1, 
bangkok,7/4/2017,66,32,7,9,1, 
bangkok,7/5/2017,64,29,11,9,2, 
bangkok,7/6/2017,66,19,7,7,1, 
bangkok,7/7/2017,48,24,7,9,1, 
bangkok,7/8/2017,65,22,13,6,1, 
bangkok,7/9/2017,57,28,12,11,1, 
bangkok,7/10/2017,65,29,11,8,1, 
bangkok,7/11/2017,74,24,8,10,1, 
bangkok,7/12/2017,71,20,6,8,1, 
bangkok,7/13/2017,62,25,8,9,1, 
bangkok,7/14/2017,68,27,14,10,1, 
bangkok,7/15/2017,74,21,11,7,1, 
bangkok,7/16/2017,65,23,8,8, , 
bangkok,7/17/2017,66,29,10,8,1, 
bangkok,7/18/2017,71,24,5,8,1, 
bangkok,7/19/2017,67,25,7,9,1, 
bangkok,7/20/2017,71,27,13,9,1, 
bangkok,7/21/2017,70,23,14,8, , 
bangkok,7/22/2017,62,24,13,7,1, 
bangkok,7/23/2017,65,25,10,7, , 
bangkok,7/24/2017,70,24,7,7,1, 
bangkok,7/25/2017,63,21,5,6, , 
bangkok,7/26/2017,63,24,10,9,1, 
bangkok,7/27/2017,70,23,13,8, , 
bangkok,7/28/2017,63,32,10,10,1, 
bangkok,7/29/2017,74,40,15,7, , 
bangkok,7/30/2017,81,46,15,7,1, 
bangkok,7/31/2017,80,51,17,8,1, 
bangkok,8/1/2017,90,40,14,9,1, 
bangkok,8/2/2017,78,39,5,10,1, 
bangkok,8/3/2017,85,34,7,8,1, 
bangkok,8/4/2017,70,29,6,7,1, 
bangkok,8/5/2017,69,30,6,8,1, 
bangkok,8/6/2017,69,26,7,9,1, 
bangkok,8/7/2017,70,27,7,10,1, 
bangkok,8/8/2017,67,28,12,10,1, 
bangkok,8/9/2017,69,28,13,10,1, 
bangkok,8/10/2017,70,26,9,8,1, 
bangkok,8/11/2017,58,19,19,7,1, 
bangkok,8/12/2017,54,19,22,7, , 
bangkok,8/13/2017,54,27,20,9, , 
bangkok,8/14/2017,60,22,9,8, , 
bangkok,8/15/2017,55,24,6,9,1, 
bangkok,8/16/2017,62,19,4,8, , 
bangkok,8/17/2017,56,31,13,11,1, 
bangkok,8/18/2017,72,39,11,8, , 
bangkok,8/19/2017,59,20,7,6, , 
bangkok,8/20/2017,45,16,13,6,1, 
bangkok,8/21/2017,53,23,16,5,2, 
bangkok,8/22/2017,62,27,16,6,2, 
bangkok,8/23/2017,63,23,10,8,3, 
bangkok,8/24/2017,68,19,10,8,2, 
bangkok,8/25/2017,58,25,9,9,1, 
bangkok,8/26/2017,65,22,9,7,24, 
bangkok,8/27/2017,55,26,13,8, , 
bangkok,8/28/2017,65,38,4,13,1, 
bangkok,8/29/2017,81,40,14,9,1, 
bangkok,8/30/2017,78,28,15,10,1, 
bangkok,8/31/2017,72,30,19,8,1, 
bangkok,9/1/2017,69,32,9,8,1, 
bangkok,9/2/2017,66,24,9,6,1, 
bangkok,9/3/2017,57,22,13,7, , 
bangkok,9/4/2017,55,23,7,8,1, 
bangkok,9/5/2017,53,13,1,6,1, 
bangkok,9/6/2017,56, , , , , 
bangkok,9/9/2017,76,31,4,16,1, 
bangkok,9/10/2017,116,43,6,16,1, 
bangkok,9/11/2017,120,43,7,26,1, 
bangkok,9/12/2017,113,43,6,26, , 
bangkok,9/13/2017,108,35,18,12, , 
bangkok,9/14/2017,77,30,17,12, , 
bangkok,9/15/2017,69,23,6,9, , 
bangkok,9/16/2017,57,16,4,7, , 
bangkok,9/17/2017,44,25,9,9, , 
bangkok,9/18/2017,58,29,12,10,1, 
bangkok,9/19/2017,68,38,7,15,1, 
bangkok,9/20/2017,76,49,30,18,1, 
bangkok,9/21/2017,113,36,10,20,1, 
bangkok,9/22/2017,82,35,9,18,1, 
bangkok,9/23/2017,83,31,13,13, , 
bangkok,9/24/2017,82,26,10,10, , 
bangkok,9/25/2017,58,21,8,9,1, 
bangkok,9/26/2017,51,28,19,15,1, 
bangkok,9/27/2017,71,25,15,11, , 
bangkok,9/28/2017,66,30,13,13,1, 
bangkok,9/29/2017,77,44,15,19,19, 
bangkok,9/30/2017,98,44,7,19,1, 
bangkok,4/1/2017,81,34,19,11, , 
bangkok,4/2/2017,92,52,26,21,1, 
bangkok,4/3/2017,129,57,23,21,1, 
bangkok,4/4/2017,140,58,21,25,1, 
bangkok,4/5/2017,129,44,19,15,1, 
bangkok,4/6/2017,107,29,13,13,2, 
bangkok,4/7/2017,71,23,13,8,3, 
bangkok,4/8/2017,56,17,10,6,5, 
bangkok,4/9/2017,58,17,9,6,4, 
bangkok,4/10/2017,56,17,7,6,3, 
bangkok,4/11/2017,47,12,8,5,4, 
bangkok,4/12/2017,38,13,12,6, , 
bangkok,4/13/2017,50,21,18,7, , 
bangkok,4/14/2017,67,20,16,6, , 
bangkok,4/15/2017,66,23,13,5, , 
bangkok,4/16/2017,62,28,14,7, , 
bangkok,4/17/2017,75,24,14,8, , 
bangkok,4/18/2017,59,18,16,6, , 
bangkok,4/19/2017,55,31,20,9,1, 
bangkok,4/20/2017,71,50,30,12,1, 
bangkok,4/21/2017,96,65,40,12,1, 
bangkok,4/22/2017,131,63,28,8, , 
bangkok,4/23/2017,131,61,27,9, , 
bangkok,4/24/2017,117,54,24,9,1, 
bangkok,4/25/2017,102,54,22,12,3, 
bangkok,4/26/2017,99,51,21,11,3, 
bangkok,4/27/2017,98,50,13,12,1, 
bangkok,4/28/2017,97,44,23,14,2, 
bangkok,4/29/2017,102,45,21,12,3, 
bangkok,4/30/2017,101,23,12,6,3, 
bangkok,5/1/2017,61,27,12,9,3, 
bangkok,5/2/2017,63,29,12,7,3, 
bangkok,5/3/2017,71,33,11,7,3, 
bangkok,5/4/2017,74,30,19,17,2, 
bangkok,5/5/2017,73,51,30,25,3, 
bangkok,5/6/2017,111,22,28,9,3, 
bangkok,5/7/2017,71,29,15,14,2, 
bangkok,5/8/2017,75,31,16,13, , 
bangkok,5/9/2017,69,32,14,15, , 
bangkok,5/10/2017,85,32,16,13, , 
bangkok,5/11/2017,80,32,5,16, , 
bangkok,5/12/2017,78,34,5,15, , 
bangkok,5/13/2017,83,24,9,10, , 
bangkok,5/14/2017,64,22,9,10, , 
bangkok,5/15/2017,52,23,10,12,1, 
bangkok,5/16/2017,62,20,5,10, , 
bangkok,5/17/2017,53,30,13,9, , 
bangkok,5/18/2017,62,40,10,13, , 
bangkok,5/19/2017,85,49,23,14,1, 
bangkok,5/20/2017,92,39,17,8,1, 
bangkok,5/21/2017,77,44,16,10,1, 
bangkok,5/22/2017,81,42,11,9, , 
bangkok,5/23/2017,78,34,13,13, , 
bangkok,5/24/2017,71,26,28,16,2, 
bangkok,5/25/2017,70,30,9,15, , 
bangkok,5/26/2017,69,32,10,20, , 
bangkok,5/27/2017,82,25,10,12, , 
bangkok,5/28/2017,67,26,7,10, , 
bangkok,5/29/2017,67,28,5,11, , 
bangkok,5/30/2017,72,30,11,13, , 
bangkok,5/31/2017,77,30,8,10,1, 
bangkok,6/1/2017,69,29,13,10, , 
bangkok,6/2/2017,65,19,9,7, , 
bangkok,6/3/2017,46,17,7,9, , 
bangkok,6/4/2017,52,22,8,9, , 
bangkok,6/5/2017,56,21,11,10, , 
bangkok,6/6/2017,51,25,8,12, , 
bangkok,6/7/2017,56,27,9,13,2, 
bangkok,6/8/2017,56,29,6,8, , 
bangkok,6/9/2017,55,35,8,8, , 
bangkok,6/10/2017,62,49,10,10,1, 
bangkok,6/11/2017,77,48,13,10,1, 
bangkok,6/12/2017,85,41,21,11,1, 
bangkok,6/13/2017,75,31,12,9,1, 
bangkok,6/14/2017,60,57,11,10,1, 
bangkok,6/15/2017,88,54,12,10, , 
bangkok,6/16/2017,85,45,12,9, , 
bangkok,6/17/2017,78,31,14,7, , 
bangkok,6/18/2017,63,33,12,10,1, 
bangkok,6/19/2017,68,33,15,12, , 
bangkok,6/20/2017,73,39,12,10,1, 
bangkok,6/21/2017,72,30,11,10, , 
bangkok,6/22/2017,68,23,13,9, , 
bangkok,6/23/2017,58,25,12,8, , 
bangkok,6/24/2017,59,18,12,9, , 
bangkok,6/25/2017,59,24,9,9, , 
bangkok,6/26/2017,63,25,14,10, , 
bangkok,6/27/2017,65,25,18,9, , 
bangkok,6/28/2017,60,35,14,11, , 
bangkok,6/29/2017,70,32,4,10,1, 
bangkok,6/30/2017,68,31,6,9, , 
bangkok,1/2/2017,85,36,12,12,1, 
bangkok,1/3/2017,104,40,11,12,1, 
bangkok,1/4/2017,109,58,13,15,1, 
bangkok,1/5/2017,126,52,9,13,1, 
bangkok,1/6/2017,120,55,12,15,1, 
bangkok,1/7/2017,130,52,3,14,1, 
bangkok,1/8/2017,138,41,3,13,1, 
bangkok,1/9/2017,115,49,3,18,1, 
bangkok,1/10/2017,153,29,7,11,1, 
bangkok,1/11/2017,88,27,6,9,1, 
bangkok,1/12/2017,74,38,17,14,1, 
bangkok,1/13/2017,87,52,26,16,1, 
bangkok,1/14/2017,114,62,28,14,1, 
bangkok,1/15/2017,141,47,25,13,1, 
bangkok,1/16/2017,113,40,13,15,1, 
bangkok,1/17/2017,100,48,14,16,1, 
bangkok,1/18/2017,109,53,22,18,1, 
bangkok,1/19/2017,124,49,17,13, , 
bangkok,1/20/2017,106,47,20,9, , 
bangkok,1/21/2017,102,40,19,8, , 
bangkok,1/22/2017,92,46,23,9, , 
bangkok,1/23/2017,102,57,26,15,1, 
bangkok,1/24/2017,121,63,26,19,1, 
bangkok,1/25/2017,139,46,19,15,1, 
bangkok,1/26/2017,104,48,22,14, , 
bangkok,1/27/2017,107,53,28,13,1, 
bangkok,1/28/2017,116,64,32,21,2, 
bangkok,1/29/2017,143,62,24,19,1, 
bangkok,1/30/2017,138,59,19,20,1, 
bangkok,1/31/2017,133,59,22,19, , 
bangkok,2/1/2017,131,61,21,15,1, 
bangkok,2/2/2017,137,28,9,12, , 
bangkok,2/3/2017,74,47,26,19,1, 
bangkok,2/4/2017,105,61,33,21,1, 
bangkok,2/5/2017,139,71,37,28,2, 
bangkok,2/6/2017,156,58,31,16,1, 
bangkok,2/7/2017,134,44,28,13,1, 
bangkok,2/8/2017,105,58,29,20,2, 
bangkok,2/9/2017,134,59,25,15,1, 
bangkok,2/10/2017,132,62,25,10,1, 
bangkok,2/11/2017,137,54,28,9, , 
bangkok,2/12/2017,132,61,25,11, , 
bangkok,2/13/2017,151,69,24,17,1, 
bangkok,2/14/2017,161,67,20,18,1, 
bangkok,2/15/2017,149,66,27,22,1, 
bangkok,2/16/2017,144,67,27,22,1, 
bangkok,2/17/2017,140,73,27,24,3, 
bangkok,2/18/2017,154,80,42,25,1, 
bangkok,2/19/2017,168,63,24,12,1, 
bangkok,2/20/2017,145,51,23,10,1, 
bangkok,2/21/2017,128,36,13,7,1, 
bangkok,2/22/2017,93,26,11,7, , 
bangkok,2/23/2017,72,24,8,7, , 
bangkok,2/24/2017,60,26,10,7,1, 
bangkok,2/25/2017,65,35,10,10,1, 
bangkok,2/26/2017,82,52,20,15, , 
bangkok,2/27/2017,109,71,23,19, , 
bangkok,2/28/2017,157,69,25,20,1, 
bangkok,3/1/2017,156,71,18,21,1, 
bangkok,3/2/2017,157,77,28,25,2, 
bangkok,3/3/2017,162,60,19,10,1, 
bangkok,3/4/2017,140,51,16,7,1, 
bangkok,3/5/2017,113,47,25,10,1, 
bangkok,3/6/2017,110,42,11,9,1, 
bangkok,3/7/2017,93,41,11,8,1, 
bangkok,3/8/2017,98,41,12,9, , 
bangkok,3/9/2017,95,32,9,8,1, 
bangkok,3/10/2017,78,35,11,8,1, 
bangkok,3/11/2017,80,38,13,8, , 
bangkok,3/12/2017,82,48,25,14, , 
bangkok,3/13/2017,106,38,10,10, , 
bangkok,3/14/2017,88,37,10,11,1, 
bangkok,3/15/2017,82,36,10,9, , 
bangkok,3/16/2017,83,36,10,11, , 
bangkok,3/17/2017,87,24,8,7, , 
bangkok,3/18/2017,67,21,8,6, , 
bangkok,3/19/2017,60,20,6,6, , 
bangkok,3/20/2017,62,36,22,9,1, 
bangkok,3/21/2017,85,38,18,8, , 
bangkok,3/22/2017,85,25,9,6, , 
bangkok,3/23/2017,68,23,8,6, , 
bangkok,3/24/2017,66,32,13,9,1, 
bangkok,3/25/2017,76,34,13,8, , 
bangkok,3/26/2017,81,32,7,13, , 
bangkok,3/27/2017,91,43,25,14, , 
bangkok,3/28/2017,106,40,16,16,1, 
bangkok,3/29/2017,100,37,17,11,3, 
bangkok,3/30/2017,88,19,10,7, , 
bangkok,3/31/2017,67,29,15,15, , 
bangkok,10/1/2016,50,22,8,11, , 
bangkok,10/2/2016,73,26,12,12,1, 
bangkok,10/3/2016,60,27,12,13, , 
bangkok,10/4/2016,66,31,8,19, , 
bangkok,10/5/2016,83,30,6,12, , 
bangkok,10/6/2016,87,24,9,9, , 
bangkok,10/7/2016,69,22,9,9, , 
bangkok,10/8/2016,65,23,10,12, , 
bangkok,10/9/2016,69,26,12,11, , 
bangkok,10/10/2016,67,39,13,16,1, 
bangkok,10/11/2016,87,45,14,16, , 
bangkok,10/12/2016,97,55,21,18,1, 
bangkok,10/13/2016,121,50,21,14, , 
bangkok,10/14/2016,115,45,19,15, , 
bangkok,10/15/2016,100,32,4,14, , 
bangkok,10/16/2016,82,41,7,18, , 
bangkok,10/17/2016,95,66,22,20,1, 
bangkok,10/18/2016,161,44,14,15, , 
bangkok,10/19/2016,96,27,12,12, , 
bangkok,10/20/2016,66,27,11,11, , 
bangkok,10/21/2016,74,26,11,11,1, 
bangkok,10/22/2016,74,27,16,9, , 
bangkok,10/23/2016,80,40,20,8,1, 
bangkok,10/24/2016,98,38,12,15, , 
bangkok,10/25/2016,97,36,8,11, , 
bangkok,10/26/2016,83,31,8,9,1, 
bangkok,10/27/2016,70,41,14,12, , 
bangkok,10/28/2016,83,36,6,12, , 
bangkok,10/29/2016,77,27,10,7, , 
bangkok,10/30/2016,76,29,9,8, , 
bangkok,10/31/2016,62,34,9,8, , 
bangkok,11/1/2016,68,25,14,7, , 
bangkok,11/2/2016,66,37,11,16, , 
bangkok,11/3/2016,89,51,21,21,1, 
bangkok,11/4/2016,110,68,25,19, , 
bangkok,11/5/2016,141,75,21,20,1, 
bangkok,11/6/2016,160,76,11,21, , 
bangkok,11/7/2016,166,35,10,12, , 
bangkok,11/8/2016,96,37,9,12, , 
bangkok,11/9/2016,109,36,11,13, , 
bangkok,11/10/2016,90,35,16,14, , 
bangkok,11/11/2016,79,45,15,18, , 
bangkok,11/12/2016,77,32,12,11, , 
bangkok,11/13/2016,68,46,15,16, , 
bangkok,11/14/2016,89,43,14,16, , 
bangkok,11/15/2016,71,36,15,15, , 
bangkok,11/16/2016,73,46,15,16, , 
bangkok,11/17/2016,92,52,16,17,1, 
bangkok,11/18/2016,94,46,13,15, , 
bangkok,11/19/2016,126,49,18,14, , 
bangkok,11/20/2016,113,64,15,19,1, 
bangkok,11/21/2016,142,58,21,13,1, 
bangkok,11/22/2016,134,62,22,13,1, 
bangkok,11/23/2016,132,35,11,14, , 
bangkok,11/24/2016,95,42,9,19, , 
bangkok,11/25/2016,103,36,15,13, , 
bangkok,11/26/2016,93,22,15,9, , 
bangkok,11/27/2016,63,26,12,10, , 
bangkok,11/28/2016,71,41,17,14,1, 
bangkok,11/29/2016,100,51,21,19,1, 
bangkok,11/30/2016,116,43,20,16, , 
bangkok,12/1/2016,87,47,20,15, , 
bangkok,12/2/2016,95,47,19,16,1, 
bangkok,12/3/2016,105,44,16,15,1, 
bangkok,12/4/2016,97,42,15,14, , 
bangkok,12/5/2016,109,41,12,13,1, 
bangkok,12/6/2016,113,63,16,16, , 
bangkok,12/7/2016,145,68,11,28,1, 
bangkok,12/8/2016,151,66,23,23,1, 
bangkok,12/9/2016,144,69,20,20,1, 
bangkok,12/10/2016,148,78,21,21,1, 
bangkok,12/11/2016,174,72,17,17,1, 
bangkok,12/12/2016,164,69,13,24,1, 
bangkok,12/13/2016,160,66,11,20,1, 
bangkok,12/14/2016,153,33,10,11, , 
bangkok,12/15/2016,85,34,9,15,1, 
bangkok,12/16/2016,85,47,21,20,1, 
bangkok,12/17/2016,114,57,23,21,1, 
bangkok,12/18/2016,139,61,23,23,2, 
bangkok,12/19/2016,143,60,18,23,2, 
bangkok,12/20/2016,148,63,15,30,2, 
bangkok,12/21/2016,159,43,10,15,1, 
bangkok,12/22/2016,107,40,11,12, , 
bangkok,12/23/2016,90,49,14,19,1, 
bangkok,12/24/2016,104,60,22,26,1, 
bangkok,12/25/2016,138,57,18,21,1, 
bangkok,12/26/2016,154,41,15,13, , 
bangkok,12/27/2016,98,39,18,11,1, 
bangkok,12/28/2016,92,60,17,18,1, 
bangkok,12/29/2016,136,57,19,15, , 
bangkok,12/30/2016,135,50,21,11, , 
bangkok,12/31/2016,116, , , , , 
bangkok,7/30/2016,61,19,17,15,8,6
bangkok,7/31/2016,68,24,25,13,7,6
bangkok,8/1/2016,60,20,26,14,2,6
bangkok,8/2/2016,68,25,21,14,7,6
bangkok,8/3/2016,70,26,23,16,2,6
bangkok,8/4/2016,66,24,22,17,3,5
bangkok,8/5/2016,79,35,21,20,4,6
bangkok,8/6/2016,72,25,28,18,2,6
bangkok,8/7/2016,68,16,3,19,1,5
bangkok,8/8/2016,59, , , , , 
bangkok,8/9/2016,74,25,20,14,2,6
bangkok,8/10/2016,92,35,22,17,4,7
bangkok,8/11/2016,75,37,16,13,5,6
bangkok,8/12/2016,63,24,17,12,2,4
bangkok,8/13/2016,65,25,16,13,3,4
bangkok,8/14/2016,68,28,15,11,2,5
bangkok,8/15/2016,68,29,12,15,2,6
bangkok,8/16/2016,68,29,18,14,2,6
bangkok,8/17/2016,75,40,21,13,3,5
bangkok,8/18/2016,85,45,17,19,4,6
bangkok,8/19/2016,81,42,15,18,2,6
bangkok,8/20/2016,73,37,20,12,3,6
bangkok,8/21/2016,79,43,30,15,3,6
bangkok,8/22/2016,72,34,20,14,2,7
bangkok,8/23/2016,74,34,22,16,2,10
bangkok,8/24/2016,78,21,25,16,2,8
bangkok,8/25/2016,81,25,29,19,3,11
bangkok,8/26/2016,74,22,29,17,3,10
bangkok,8/27/2016,63,19,21,11,2,7
bangkok,8/28/2016,66,19,27,19,2,4
bangkok,8/29/2016,57,23,14,12,1,2
bangkok,8/30/2016,53,25,7,7, , 
bangkok,8/31/2016,57,32,8,6,1, 
bangkok,9/1/2016,63,36,8,8,1, 
bangkok,9/2/2016,62,29,9,8,2, 
bangkok,9/3/2016,49,17,17,7, , 
bangkok,9/4/2016,49,16,13,7,1, 
bangkok,9/5/2016,50,18,9,8,3, 
bangkok,9/6/2016,54,17,14,7,1, 
bangkok,9/7/2016,56,21,8,8,1, 
bangkok,9/8/2016,62,27,13,9,1, 
bangkok,9/9/2016,79,35,15,12,1, 
bangkok,9/10/2016,62,26,14,9,1, 
bangkok,9/11/2016,63,27,9,8, , 
bangkok,9/12/2016,63,32,5,10,1, 
bangkok,9/13/2016,67,32,8,11,1, 
bangkok,9/14/2016,59,24,11,9,1, 
bangkok,9/15/2016,77,32,13,10,1, 
bangkok,9/16/2016,61,28,9,16,1, 
bangkok,9/17/2016,65,18,13,10,1, 
bangkok,9/18/2016,49,19,11,9, , 
bangkok,9/19/2016,60,25,14,15, , 
bangkok,9/20/2016,87,40,3,20,1, 
bangkok,9/21/2016,84,29,7,15,1, 
bangkok,9/22/2016,92,35,13,15, , 
bangkok,9/23/2016,97,37,9,18,1, 
bangkok,9/24/2016,88,38,18,15,1, 
bangkok,9/25/2016,54,20,19,10,1, 
bangkok,9/26/2016,52,29,18,11,1, 
bangkok,9/27/2016,46,21,10,11,1, 
bangkok,9/28/2016,54,22,18,9,1, 
bangkok,9/29/2016,51,22,16,9,1, 
bangkok,9/30/2016,49,21,15,11,1, 
bangkok,3/31/2020, ,31,1,2, , 
bangkok,12/31/2019, ,36,11,11, , 
bangkok,12/31/2018, ,38,25,16, , 
bangkok,10/7/2017, ,42,13,16,1, 
bangkok,9/8/2017, ,19,7,7,1, 
bangkok,1/1/2017, ,30,18,9, , 
bangkok,7/1/2016, ,23,12,16,4,7
bangkok,7/2/2016, ,24,14,14,5,8
bangkok,7/3/2016, ,34,14,14,6,8
bangkok,7/4/2016, ,38,25,16,8,10
bangkok,7/5/2016, ,38,17,18,6,10
bangkok,7/6/2016, ,25,11,17,7,9
bangkok,7/7/2016, ,20,16,12,8,6
bangkok,7/8/2016, ,19,24,15,4,7
bangkok,7/9/2016, ,20,16,15,4,6
bangkok,7/10/2016, ,21,15,10,5,5
bangkok,7/11/2016, ,32,20,17,7,6
bangkok,7/12/2016, ,39,26,14,2,7
bangkok,7/13/2016, ,35,11,16,7,10
bangkok,7/14/2016, ,32,25,11,4,7
bangkok,7/15/2016, ,34,24,9,4,5
bangkok,7/16/2016, ,32,31,11,3,5
bangkok,7/17/2016, ,24,36,13,2,5
bangkok,7/18/2016, ,24,32,13,2,5
bangkok,7/19/2016, ,18,29,11,2,5
bangkok,7/20/2016, ,17,30,11,3,5
bangkok,7/21/2016, ,15,22,10,17,5
bangkok,7/22/2016, ,18,25,13,9,4
bangkok,7/23/2016, ,18,28,11,2,4
bangkok,7/24/2016, ,21,19,14,8,5
bangkok,7/25/2016, ,31,42,25,8,9
bangkok,7/26/2016, ,21,28,17,2,6
bangkok,7/27/2016, ,18,17,17,14,8
bangkok,7/28/2016, ,21,28,17,5,6
bangkok,7/29/2016, ,22,20,18,7,7
bangkok,4/1/2016, ,54,35,10,3,7
bangkok,4/2/2016, ,40,29,8,3,6
bangkok,4/3/2016, ,33,31,9,11,6
bangkok,4/4/2016, ,36,26,9,2,5
bangkok,4/5/2016, ,32,40,7,2,6
bangkok,4/6/2016, ,37,27,7,2,7
bangkok,4/7/2016, ,37,30,7,1,7
bangkok,4/8/2016, ,32,26,5,3,7
bangkok,4/9/2016, ,26,34,5,2,7
bangkok,4/10/2016, ,31,51,7,2,9
bangkok,4/11/2016, ,44,49,8,3,9
bangkok,4/12/2016, ,54,39,6,3,8
bangkok,4/13/2016, ,57,43,5,2,7
bangkok,4/14/2016, ,58,35,3,2,8
bangkok,4/15/2016, ,50,36,5,2,9
bangkok,4/16/2016, ,47,26,4,3,8
bangkok,4/17/2016, ,42,21,6,3,7
bangkok,4/18/2016, ,38,24,6,2,7
bangkok,4/19/2016, ,31,20,6,4,6
bangkok,4/20/2016, ,24,22,8,3,7
bangkok,4/21/2016, ,28,39,7,3,9
bangkok,4/22/2016, ,37,33,4,4,8
bangkok,4/23/2016, ,36,38,4,5,7
bangkok,4/24/2016, ,33,31,4,7,9
bangkok,4/25/2016, ,32,34,5,6,8
bangkok,4/26/2016, ,29,39,6,6,9
bangkok,4/27/2016, ,35,32,5,6,9
bangkok,4/28/2016, ,38,30,7,7,10
bangkok,4/29/2016, ,34,24,12,6,9
bangkok,4/30/2016, ,25,41,16,5,7
bangkok,5/1/2016, ,25,27,5,6,9
bangkok,5/2/2016, ,17,25,8,6,8
bangkok,5/3/2016, ,17,22,6,8,10
bangkok,5/4/2016, ,16,36,6,8,8
bangkok,5/5/2016, ,17,30,5,8,8
bangkok,5/6/2016, ,20,27,6,8,10
bangkok,5/7/2016, ,14,24,2,7,8
bangkok,5/8/2016, ,13,23,5,8,28
bangkok,5/9/2016, ,12,21,7,6,25
bangkok,5/10/2016, ,14,32,10,10,10
bangkok,5/11/2016, ,19,35,8,9,11
bangkok,5/12/2016, ,30,36,9,9,10
bangkok,5/13/2016, ,26,81,13,9,10
bangkok,5/14/2016, ,25,36,8,9,10
bangkok,5/15/2016, ,17,17,37,17,16
bangkok,5/16/2016, ,39,65,25,11,8
bangkok,5/17/2016, ,32,40,13,2,7
bangkok,5/18/2016, ,20,52,12,3,7
bangkok,5/19/2016, ,22,43,14,2,6
bangkok,5/20/2016, ,17,30,10,1,4
bangkok,5/21/2016, ,13,26,10,1,5
bangkok,5/22/2016, ,11,38,16,1,6
bangkok,5/23/2016, ,20,47,14,4,6
bangkok,5/24/2016, ,22,37,14,3,6
bangkok,5/25/2016, ,25,43,13,3,5
bangkok,5/26/2016, ,23,35,13,2,6
bangkok,5/27/2016, ,25,38,12,2,5
bangkok,5/28/2016, ,26,31,11,1,5
bangkok,5/29/2016, ,28,26,13,1,5
bangkok,5/30/2016, ,35,21,14,2,6
bangkok,5/31/2016, ,24,7,14,3,6
bangkok,6/1/2016, ,24,16,13,12,5
bangkok,6/2/2016, ,21,16,11,1,5
bangkok,6/3/2016, ,18,22,16,6,5
bangkok,6/4/2016, ,24,31,13,2,5
bangkok,6/5/2016, ,23,28,15,3,5
bangkok,6/6/2016, ,28,31,12,5,4
bangkok,6/7/2016, ,23,25,13,2,6
bangkok,6/8/2016, ,25,20,12,2,4
bangkok,6/9/2016, ,23,17,11,1,5
bangkok,6/10/2016, ,23,16,10,6,5
bangkok,6/11/2016, ,25,17,9,3,4
bangkok,6/12/2016, ,21,17,10,2,3
bangkok,6/13/2016, ,19,14,10,6,4
bangkok,6/14/2016, ,16,12,10,5,4
bangkok,6/15/2016, ,16,7,14,4,12
bangkok,6/16/2016, ,19,8,16,5,8
bangkok,6/17/2016, ,19,18,20,2,7
bangkok,6/18/2016, ,25,30,13,3,7
bangkok,6/19/2016, ,27,20,21,2,8
bangkok,6/20/2016, ,30,25,21,1,8
bangkok,6/21/2016, ,25,39,18,9,6
bangkok,6/22/2016, ,19,15,18,4,7
bangkok,6/23/2016, ,23,14,13,7,6
bangkok,6/24/2016, ,18,18,9,4,4
bangkok,6/25/2016, ,16,19,13,4,6
bangkok,6/26/2016, ,18,15,20,7,7
bangkok,6/27/2016, ,25,19,15,7,6
bangkok,6/28/2016, ,21,22,16,3,6
bangkok,6/29/2016, ,18,18,19,5,6
bangkok,6/30/2016, ,22,10,14,5,6
bangkok,1/4/2016, ,60,56,29,4,12
bangkok,1/5/2016, ,54,50,31,3,12
bangkok,1/6/2016, ,58,49,23,4,11
bangkok,1/7/2016, ,55,19,31,3,13
bangkok,1/8/2016, ,51,19,15,3,9
bangkok,1/9/2016, ,32,32,10,2,5
bangkok,1/10/2016, ,26,35,17,4,7
bangkok,1/11/2016, ,35,31,21,3,10
bangkok,1/12/2016, ,37,25,17,4,8
bangkok,1/13/2016, ,35,23,12,3,7
bangkok,1/14/2016, ,33,16,9,5,7
bangkok,1/15/2016, ,19,15,11,3,7
bangkok,1/16/2016, ,23,16,9,3,8
bangkok,1/17/2016, ,17,22,13,3,8
bangkok,1/18/2016, ,23,14,13,3,7
bangkok,1/19/2016, ,19,19,14,3,6
bangkok,1/20/2016, ,23,23,16,3,7
bangkok,1/21/2016, ,32,28,17,5,6
bangkok,1/22/2016, ,31,29,15,4,6
bangkok,1/23/2016, ,34,21,15,7,8
bangkok,1/24/2016, ,29,16,21,5,7
bangkok,1/25/2016, ,32,34,18,5,7
bangkok,1/26/2016, ,44,33,22,5,8
bangkok,1/27/2016, ,40,50,34,6,13
bangkok,1/28/2016, ,51,44,37,7,10
bangkok,1/29/2016, ,61,37,18,6,10
bangkok,1/30/2016, ,46,21,10,3,8
bangkok,1/31/2016, ,26,33,16,5,9
bangkok,2/1/2016, ,34,28,19,4,10
bangkok,2/2/2016, ,39,41,24,6,13
bangkok,2/3/2016, ,44,44,32,3,14
bangkok,2/4/2016, ,59,45,37,2,15
bangkok,2/5/2016, ,60,38,19,2,14
bangkok,2/6/2016, ,52,50,16,3,6
bangkok,2/7/2016, ,62,47,29,4,9
bangkok,2/8/2016, ,70,52,43,4,12
bangkok,2/9/2016, ,75,43,52,7,13
bangkok,2/10/2016, ,80,41,29,5,13
bangkok,2/11/2016, ,61,40,19,4,12
bangkok,2/12/2016, ,53,26,17,3,10
bangkok,2/13/2016, ,39,32,14,3,7
bangkok,2/14/2016, ,35,34,13,3,6
bangkok,2/15/2016, ,32,24,14,3,6
bangkok,2/16/2016, ,30,49,17,3,9
bangkok,2/17/2016, ,49,54,15,3,9
bangkok,2/18/2016, ,57,37,15,3,10
bangkok,2/19/2016, ,53,35,13,3,9
bangkok,2/20/2016, ,52,38,9,2,9
bangkok,2/21/2016, ,46,35,9,2,6
bangkok,2/22/2016, ,49,37,11,3,7
bangkok,2/23/2016, ,49,37,13,3,7
bangkok,2/24/2016, ,51,45,17,3,9
bangkok,2/25/2016, ,53,42,18,2,10
bangkok,2/26/2016, ,52,52,25,3,10
bangkok,2/27/2016, ,59,61,33,4,14
bangkok,2/28/2016, ,68,62,27,3,11
bangkok,2/29/2016, ,66,55,29,2,9
bangkok,3/1/2016, ,65,74,32,6,11
bangkok,3/2/2016, ,80,79,32,5,11
bangkok,3/3/2016, ,80,47,12,2,9
bangkok,3/4/2016, ,60,28,8,2,8
bangkok,3/5/2016, ,43,29,8,2,7
bangkok,3/6/2016, ,39,28,9,3,9
bangkok,3/7/2016, ,45,30,9,2,10
bangkok,3/8/2016, ,40,29,9,3,7
bangkok,3/9/2016, ,39,29,11,2,8
bangkok,3/10/2016, ,40,31,11,3,7
bangkok,3/11/2016, ,35,27,8,2,5
bangkok,3/12/2016, ,36,17,6,3,5
bangkok,3/13/2016, ,24,22,9,5,6
bangkok,3/14/2016, ,26,22,9,2,6
bangkok,3/15/2016, ,30,29,9,4,7
bangkok,3/16/2016, ,40,34,10,3,6
bangkok,3/17/2016, ,37,27,9,4,7
bangkok,3/18/2016, ,40,31,9,4,5
bangkok,3/19/2016, ,43,31,7,4,5
bangkok,3/20/2016, ,41,30,9,4,6
bangkok,3/21/2016, ,35,34,9,3,6
bangkok,3/22/2016, ,42,61,12,3,8
bangkok,3/23/2016, ,60,96,17,3,8
bangkok,3/24/2016, ,66,36,12,2,5
bangkok,3/25/2016, ,52,61,12,4,7
bangkok,3/26/2016, ,56,29,16,3,6
bangkok,3/27/2016, ,44,58,21,3,13
bangkok,3/28/2016, ,61,44,18,2,10
bangkok,3/29/2016, ,56,40,16,2,8
bangkok,3/30/2016, ,54,39,11,4,8
bangkok,3/31/2016, ,60,39,9,2,8
bangkok,10/1/2015, ,27,6,27,5,14
bangkok,10/2/2015, ,28,7,28,5,11
bangkok,10/3/2015, ,25,7,19,6,13
bangkok,10/4/2015, ,20,7,12,4,10
bangkok,10/5/2015, ,18,7,14,4,11
bangkok,10/6/2015, ,21,19,17,5,13
bangkok,10/7/2015, ,26,18,13,4,10
bangkok,10/8/2015, ,21,5,15,5,12
bangkok,10/9/2015, ,21,12,15,5,11
bangkok,10/10/2015, ,24,15,13,5,11
bangkok,10/11/2015, ,20,17,16,5,10
bangkok,10/12/2015, ,20,22,19,6,10
bangkok,10/13/2015, ,26,36,17,4,9
bangkok,10/14/2015, ,29,34,19,5,10
bangkok,10/15/2015, ,31,31,23,8,14
bangkok,10/16/2015, ,33,36,28,7,16
bangkok,10/17/2015, ,39,39,18,6,10
bangkok,10/18/2015, ,38,32,22,7,14
bangkok,10/19/2015, ,42,29,18,7,14
bangkok,10/20/2015, ,42,34,18,11,12
bangkok,10/21/2015, ,31,18,29,8,20
bangkok,10/22/2015, ,37,31,35,7,17
bangkok,10/23/2015, ,52,28,20,7,13
bangkok,10/24/2015, ,50,45,18,4,9
bangkok,10/25/2015, ,40,32,19,4,10
bangkok,10/26/2015, ,43,23,21,4,12
bangkok,10/27/2015, ,39,29,22,5,12
bangkok,10/28/2015, ,39,24,29,4,16
bangkok,10/29/2015, ,39,25,21,2,14
bangkok,10/30/2015, ,35,24,18,5,10
bangkok,10/31/2015, ,29,32,16,4,11
bangkok,11/1/2015, ,28,25,17,4,10
bangkok,11/2/2015, ,29,29,22,4,12
bangkok,11/3/2015, ,34,40,26,5,13
bangkok,11/4/2015, ,43,30,29,4,12
bangkok,11/5/2015, ,41,25,31,7,28
bangkok,11/6/2015, ,45,14,18,8,37
bangkok,11/7/2015, ,19,16,18,3,9
bangkok,11/8/2015, ,30,20,23,7,11
bangkok,11/9/2015, ,29,19,22,5,12
bangkok,11/10/2015, ,35,22,18,4,10
bangkok,11/11/2015, ,31,23,22,5,12
bangkok,11/12/2015, ,31,15,32,6,13
bangkok,11/13/2015, ,38,14,30,7,16
bangkok,11/14/2015, ,38,16,25,7,13
bangkok,11/15/2015, ,42,15,30,6,13
bangkok,11/16/2015, ,39,24,18,7,9
bangkok,11/17/2015, ,28,30,20,5,11
bangkok,11/18/2015, ,32,26,26,7,10
bangkok,11/19/2015, ,46,18,27,5,12
bangkok,11/20/2015, ,39,21,24,5,13
bangkok,11/21/2015, ,40,28,17,7,9
bangkok,11/22/2015, ,37,26,22,7,11
bangkok,11/23/2015, ,41,28,24,4,11
bangkok,11/24/2015, ,44,28,17,4,10
bangkok,11/25/2015, ,36,29,17,5,9
bangkok,11/26/2015, ,32,30,14,3,10
bangkok,11/27/2015, ,27,31,22,7,10
bangkok,11/28/2015, ,36,40,23,5,10
bangkok,11/29/2015, ,43,34,29,4,12
bangkok,11/30/2015, ,49,40,20,3,12
bangkok,12/1/2015, ,47,31,12,3,9
bangkok,12/2/2015, ,27,34,17,3,9
bangkok,12/3/2015, ,27,29,25,3,10
bangkok,12/4/2015, ,37,33,22,4,9
bangkok,12/5/2015, ,40,30,13,4,7
bangkok,12/6/2015, ,38,38,19,3,8
bangkok,12/7/2015, ,37,41,27,4,12
bangkok,12/8/2015, ,45,42,31,5,14
bangkok,12/9/2015, ,53,76,34,5,12
bangkok,12/10/2015, ,62,71,20,4,10
bangkok,12/11/2015, ,52,26,15,3,8
bangkok,12/12/2015, ,26,27,15,4,9
bangkok,12/13/2015, ,27,59,28,6,13
bangkok,12/14/2015, ,51,55,38,5,15
bangkok,12/15/2015, ,76,35,23,2,11
bangkok,12/16/2015, ,51,34,12,4,9
bangkok,12/17/2015, ,33,34,23,2,9
bangkok,12/18/2015, ,43,35,33,2,10
bangkok,12/19/2015, ,52,43,31,3,9
bangkok,12/20/2015, ,56,47,26,4,10
bangkok,12/21/2015, ,59,35,24,3,9
bangkok,12/22/2015, ,58,23,30,3,13
bangkok,12/23/2015, ,60,40,18,4,8
bangkok,12/24/2015, ,46,29,16,5,10
bangkok,12/25/2015, ,35,37,19,4,10
bangkok,12/26/2015, ,40,38,22,4,10
bangkok,12/27/2015, ,43,31,21,3,12
bangkok,12/28/2015, ,50,32,22,3,12
bangkok,12/29/2015, ,44,32,22,2,12
bangkok,12/30/2015, ,46, , , , 
bangkok,1/3/2016, ,44,66,34,5,12
bangkok,7/1/2015, ,22,21,8,7,7
bangkok,7/2/2015, ,25,20,7,9,6
bangkok,7/3/2015, ,24,21,7,11,6
bangkok,7/4/2015, ,32,23,6,5,5
bangkok,7/5/2015, ,20,25,8,4,6
bangkok,7/6/2015, ,23,23,8,4,7
bangkok,7/7/2015, ,39,20,9,5,8
bangkok,7/8/2015, ,47,14,8,6,7
bangkok,7/9/2015, ,53,18,8,5,6
bangkok,7/10/2015, ,47,24,7,10,5
bangkok,7/11/2015, ,37,26,7,4,5
bangkok,7/12/2015, ,18,27,7,5,6
bangkok,7/13/2015, ,27,19,7,5,6
bangkok,7/14/2015, ,31,17,7,3,7
bangkok,7/15/2015, ,21,16,6,10,4
bangkok,7/16/2015, ,15,13,7,3,5
bangkok,7/17/2015, ,16,14,5,2,4
bangkok,7/18/2015, ,14,13,6,4,5
bangkok,7/19/2015, ,15,11,6,3,5
bangkok,7/20/2015, ,17,17,6,7,4
bangkok,7/21/2015, ,16,19,8,3,5
bangkok,7/22/2015, ,20,23,7,3,5
bangkok,7/23/2015, ,18,32,9,6,5
bangkok,7/24/2015, ,24,29,8,3,4
bangkok,7/25/2015, ,29,18,6,3,4
bangkok,7/26/2015, ,28,12,9,3,7
bangkok,7/27/2015, ,29,12,7,7,7
bangkok,7/28/2015, ,24,14,11,3,7
bangkok,7/29/2015, ,22,19,10,3,5
bangkok,7/30/2015, ,22,18,9,2,4
bangkok,7/31/2015, ,19,19,11,3,5
bangkok,8/1/2015, ,17,11,9,2,6
bangkok,8/2/2015, ,19,12,11,4,7
bangkok,8/3/2015, ,23,20,10,3,7
bangkok,8/4/2015, ,23,26,11,3,5
bangkok,8/5/2015, ,19,23,11,3,8
bangkok,8/6/2015, ,17,31,14,3,6
bangkok,8/7/2015, ,23,25,12,3,5
bangkok,8/8/2015, ,19,28,11,2,8
bangkok,8/9/2015, ,21,28,13,3,8
bangkok,8/10/2015, ,23,30,13,2,6
bangkok,8/11/2015, ,22,21,11,2,7
bangkok,8/12/2015, ,26,19,17,3,9
bangkok,8/13/2015, ,27,37,14,4,7
bangkok,8/14/2015, ,24,24,12,3,6
bangkok,8/15/2015, ,22,33,10,3,7
bangkok,8/16/2015, ,26,24,10,3,7
bangkok,8/17/2015, ,23,19,12,3,7
bangkok,8/18/2015, ,23,18,9,4,7
bangkok,8/19/2015, ,20,27,10,4,8
bangkok,8/20/2015, ,19,18,12,3,7
bangkok,8/21/2015, ,16,21,10,4,6
bangkok,8/22/2015, ,14,21,11,4,6
bangkok,8/23/2015, ,16,19,10,4,7
bangkok,8/24/2015, ,17,18,9,3,6
bangkok,8/25/2015, ,17,19,11,4,7
bangkok,8/26/2015, ,16,22,12,3,7
bangkok,8/27/2015, ,18,21,13,3,7
bangkok,8/28/2015, ,21,22,12,3,6
bangkok,8/29/2015, ,17,23,9,3,6
bangkok,8/30/2015, ,16,22,11,3,7
bangkok,8/31/2015, ,18,15,12,4,8
bangkok,9/1/2015, ,16,22,11,3,8
bangkok,9/2/2015, ,15,30,13,3,9
bangkok,9/3/2015, ,20,31,17,4,11
bangkok,9/4/2015, ,23,23,15,3,9
bangkok,9/5/2015, ,20,27,12,4,9
bangkok,9/6/2015, ,15,17,11,3,10
bangkok,9/7/2015, ,14,16,10,4,8
bangkok,9/8/2015, ,14,23,12,4,9
bangkok,9/9/2015, ,15,10,20,4,11
bangkok,9/10/2015, ,22,13,19,4,12
bangkok,9/11/2015, ,21,22,14,5,11
bangkok,9/12/2015, ,22,20,11,3,9
bangkok,9/13/2015, ,19,13,10,4,9
bangkok,9/14/2015, ,14,7,13,4,11
bangkok,9/15/2015, ,19,17,13,4,11
bangkok,9/16/2015, ,14,7,15,4,11
bangkok,9/17/2015, ,16,14,10,4,10
bangkok,9/18/2015, ,16,38,17,4,10
bangkok,9/19/2015, ,25,34,25,4,14
bangkok,9/20/2015, ,56,27,20,4,12
bangkok,9/21/2015, ,53,17,13,6,8
bangkok,9/22/2015, ,30,12,14,6,10
bangkok,9/23/2015, ,22,16,11,5,8
bangkok,9/24/2015, ,17,19,13,11,9
bangkok,9/25/2015, ,16,18,15,6,7
bangkok,9/26/2015, ,15,28,13,7,6
bangkok,9/27/2015, ,19,23,16,14,9
bangkok,9/28/2015, ,19,24,20,5,10
bangkok,9/29/2015, ,23,34,24,3,10
bangkok,9/30/2015, ,32,17,25,6,10
bangkok,4/1/2015, ,34,44,12,5,11
bangkok,4/2/2015, ,38,47,17,5,10
bangkok,4/3/2015, ,41,36,13,3,10
bangkok,4/4/2015, ,49,26,8,3,10
bangkok,4/5/2015, ,45,24,10,6,10
bangkok,4/6/2015, ,32,26,11,4,11
bangkok,4/7/2015, ,35,16,25,12,16
bangkok,4/8/2015, ,37,22,25,14,19
bangkok,4/9/2015, ,48,26,15,8,23
bangkok,4/10/2015, ,32,22,15,5,22
bangkok,4/11/2015, ,31,35,16,8,21
bangkok,4/12/2015, ,30,31,28,10,29
bangkok,4/13/2015, ,46,52,23,11,16
bangkok,4/14/2015, ,52,61,23,6,18
bangkok,4/15/2015, ,63,47,16,6,17
bangkok,4/16/2015, ,58,26,11,8,15
bangkok,4/17/2015, ,48,21,9,6,14
bangkok,4/18/2015, ,38,24,9,6,14
bangkok,4/19/2015, ,27,30,13,5,16
bangkok,4/20/2015, ,30,45,15,10,17
bangkok,4/21/2015, ,37,64,17,7,16
bangkok,4/22/2015, ,39,36,20,7,16
bangkok,4/23/2015, ,38,64,34,8,18
bangkok,4/24/2015, ,39,29,36,8,19
bangkok,4/25/2015, ,45,57,28,6,18
bangkok,4/26/2015, ,46,42,28,6,16
bangkok,4/27/2015, ,37,27,16,7,17
bangkok,4/28/2015, ,38,25,15,5,16
bangkok,4/29/2015, ,28,34,16,8,19
bangkok,4/30/2015, ,29,30,13,6,18
bangkok,5/1/2015, ,33,29,13,9,18
bangkok,5/2/2015, ,27,28,12,7,18
bangkok,5/3/2015, ,31,15,14,10,19
bangkok,5/4/2015, ,34,16,16,7,18
bangkok,5/5/2015, ,34,22,16,9,19
bangkok,5/6/2015, ,31,23,12,7,18
bangkok,5/7/2015, ,23,23,13,9,16
bangkok,5/8/2015, ,25,29,10,5,10
bangkok,5/9/2015, ,26,30,8,8,10
bangkok,5/10/2015, ,29,20,10,11,12
bangkok,5/11/2015, ,24,17,8,11,13
bangkok,5/12/2015, ,25,11,11,12,11
bangkok,5/13/2015, ,23,18,12,6,10
bangkok,5/14/2015, ,22,32,17,5,14
bangkok,5/15/2015, ,20,19,13,9,16
bangkok,5/16/2015, ,18,24,11,6,8
bangkok,5/17/2015, ,19,29,12,7,9
bangkok,5/18/2015, ,17,29,11,3,10
bangkok,5/19/2015, ,19,24,12,4,10
bangkok,5/20/2015, ,18,19,11,4,9
bangkok,5/21/2015, ,16,15,9,11,12
bangkok,5/22/2015, ,14,21,10,6,15
bangkok,5/23/2015, ,16,24,10,6,9
bangkok,5/24/2015, ,21,36,11,6,11
bangkok,5/25/2015, ,22,23,12,4,10
bangkok,5/26/2015, ,25,35,14,12,13
bangkok,5/27/2015, ,25,27,12,6,16
bangkok,5/28/2015, ,21,24,10,6,17
bangkok,5/29/2015, ,20,37,11,4,18
bangkok,5/30/2015, ,21,26,8,9,18
bangkok,5/31/2015, ,22,31,7,5,15
bangkok,6/1/2015, ,18,31,10,4,11
bangkok,6/2/2015, ,23,17,18,6,7
bangkok,6/3/2015, ,27,16,9,5,6
bangkok,6/4/2015, ,20,29,12,4,9
bangkok,6/5/2015, ,24,46,12,9,8
bangkok,6/6/2015, ,24,33,10,9,7
bangkok,6/7/2015, ,19,25,15,11,9
bangkok,6/8/2015, ,22,24,13,7,10
bangkok,6/9/2015, ,21,28,12,6,10
bangkok,6/10/2015, ,20,23,9,10,10
bangkok,6/11/2015, ,20,23,11,12,10
bangkok,6/12/2015, ,19,25,13,8,8
bangkok,6/13/2015, ,22,25,9,4,9
bangkok,6/14/2015, ,20,23,10,8,9
bangkok,6/15/2015, ,22,10,8,5,10
bangkok,6/16/2015, ,22,14,12,8,9
bangkok,6/17/2015, ,18,21,13,6,10
bangkok,6/18/2015, ,19,27,13,10,9
bangkok,6/19/2015, ,26,24,13,12,7
bangkok,6/20/2015, ,23,22,8,6,5
bangkok,6/21/2015, ,19,17,8,6,7
bangkok,6/22/2015, ,27,16,9,6,9
bangkok,6/23/2015, ,27,16,7,5,8
bangkok,6/24/2015, ,21,17,7,4,6
bangkok,6/25/2015, ,15,21,9,4,4
bangkok,6/26/2015, ,18,18,9,4,4
bangkok,6/27/2015, ,15,18,7,5,5
bangkok,6/28/2015, ,17,32,9,5,8
bangkok,6/29/2015, ,20,21,11,8,7
bangkok,6/30/2015, ,22,24,7,6,6
bangkok,1/1/2015, ,46,57,24,3,8
bangkok,1/2/2015, ,42,56,35,4,10
bangkok,1/3/2015, ,56,72,39,5,13
bangkok,1/4/2015, ,59,73,53,5,14
bangkok,1/5/2015, ,66,50,36,5,12
bangkok,1/6/2015, ,61,27,28,4,9
bangkok,1/7/2015, ,48,16,21,1,11
bangkok,1/8/2015, ,35,36,19,2,9
bangkok,1/9/2015, ,43,21,26,2,12
bangkok,1/10/2015, ,48,33,16,2,14
bangkok,1/11/2015, ,54,25,24,3,15
bangkok,1/12/2015, ,49,39,29,3,13
bangkok,1/13/2015, ,50,42,35,3,15
bangkok,1/14/2015, ,55,46,39,4,14
bangkok,1/15/2015, ,65,53,46,3,17
bangkok,1/16/2015, ,72,45,26,1,11
bangkok,1/17/2015, ,64,51,31,2,14
bangkok,1/18/2015, ,67,43,28,1,14
bangkok,1/19/2015, ,62,53,34,3,15
bangkok,1/20/2015, ,63,50,51,3,17
bangkok,1/21/2015, ,71,52,62,9,21
bangkok,1/22/2015, ,78,56,45,8,14
bangkok,1/23/2015, ,79,45,28,34,10
bangkok,1/24/2015, ,60,53,22,26,9
bangkok,1/25/2015, ,59,46,24,3,10
bangkok,1/26/2015, ,56,75,31,5,13
bangkok,1/27/2015, ,59,57,25,6,11
bangkok,1/28/2015, ,68,53,21,4,11
bangkok,1/29/2015, ,62,43,20,7,9
bangkok,1/30/2015, ,58,28,21,3,12
bangkok,1/31/2015, ,54,39,29,2,14
bangkok,2/1/2015, ,60,39,32,3,16
bangkok,2/2/2015, ,63,38,37,4,16
bangkok,2/3/2015, ,57,45,40,5,19
bangkok,2/4/2015, ,61,44,30,4,13
bangkok,2/5/2015, ,56,49,25,4,14
bangkok,2/6/2015, ,63,66,31,3,18
bangkok,2/7/2015, ,64,61,30,7,17
bangkok,2/8/2015, ,66,40,32,3,15
bangkok,2/9/2015, ,65,53,39,6,15
bangkok,2/10/2015, ,62,61,42,7,19
bangkok,2/11/2015, ,76,35,15,3,14
bangkok,2/12/2015, ,63,36,12,2,13
bangkok,2/13/2015, ,54,38,13,2,10
bangkok,2/14/2015, ,48,31,15,2,10
bangkok,2/15/2015, ,49,32,15,2,12
bangkok,2/16/2015, ,47,32,16,2,15
bangkok,2/17/2015, ,42,25,15,6,8
bangkok,2/18/2015, ,42,21,17,2,10
bangkok,2/19/2015, ,35,23,20,5,10
bangkok,2/20/2015, ,37,15,15,3,7
bangkok,2/21/2015, ,28,21,13,4,13
bangkok,2/22/2015, ,25,21,17,3,10
bangkok,2/23/2015, ,26,28,19,4,12
bangkok,2/24/2015, ,33,24,16,5,9
bangkok,2/25/2015, ,33,27,19,5,11
bangkok,2/26/2015, ,27,27,20,4,8
bangkok,2/27/2015, ,30,28,22,6,8
bangkok,2/28/2015, ,32,21,24,4,13
bangkok,3/1/2015, ,25,9,25,7,13
bangkok,3/2/2015, ,27,17,14,3,9
bangkok,3/3/2015, ,35,24,10,4,8
bangkok,3/4/2015, ,35,25,12,4,9
bangkok,3/5/2015, ,41,21,10,3,9
bangkok,3/6/2015, ,38,23,10,3,8
bangkok,3/7/2015, ,33,18,10,6,7
bangkok,3/8/2015, ,26,25,11,3,9
bangkok,3/9/2015, ,25,31,9,6,10
bangkok,3/10/2015, ,28,25,12,3,10
bangkok,3/11/2015, ,33,30,15,2,9
bangkok,3/12/2015, ,36,32,12,2,9
bangkok,3/13/2015, ,41, , , , 
bangkok,3/16/2015, ,32,27,12,2,10
bangkok,3/17/2015, ,35,25,11,3,10
bangkok,3/18/2015, ,38,30,11,4,12
bangkok,3/19/2015, ,32,34,10,3,13
bangkok,3/20/2015, ,36,22,10,3,11
bangkok,3/21/2015, ,41,35,14,3,12
bangkok,3/22/2015, ,36,27,13,4,11
bangkok,3/23/2015, ,37,24,27,5,14
bangkok,3/24/2015, ,39,65,20,5,12
bangkok,3/25/2015, ,55,42,27,5,16
bangkok,3/26/2015, ,46,46,27,4,14
bangkok,3/27/2015, ,54,59,32,4,15
bangkok,3/28/2015, ,55,55,21,4,12
bangkok,3/29/2015, ,43,23,13,3,12
bangkok,3/30/2015, ,35,22,10,3,11
bangkok,3/31/2015, ,32,31,10,4,11
bangkok,10/1/2014, ,32,18,27,15,8
bangkok,10/2/2014, ,26,36,35,14,12
bangkok,10/3/2014, ,28,26,37,11,15
bangkok,10/4/2014, ,44,22,22,15,14
bangkok,10/5/2014, ,33,14,24,16,13
bangkok,10/6/2014, ,22,25,17,13,12
bangkok,10/7/2014, ,23,14,20,2,9
bangkok,10/8/2014, ,29,21,29,2,11
bangkok,10/9/2014, ,21,23,18,9,8
bangkok,10/10/2014, ,31,16,14,1,9
bangkok,10/11/2014, ,17,30,25,2,11
bangkok,10/12/2014, ,27,36,29,8,15
bangkok,10/13/2014, ,57,36,26,2,12
bangkok,10/14/2014, ,54,49,29,2,12
bangkok,10/15/2014, ,58,67,34,2,13
bangkok,10/16/2014, ,69,49,31,2,14
bangkok,10/17/2014, ,69,43,29,1,14
bangkok,10/18/2014, ,53,25,19,1,9
bangkok,10/19/2014, ,41,20,19,2,10
bangkok,10/20/2014, ,28,23,29,2,14
bangkok,10/21/2014, ,25,18,30,3,14
bangkok,10/22/2014, ,38,17,21,6,9
bangkok,10/23/2014, ,38,10,27,2,11
bangkok,10/24/2014, ,30,16,24,5,10
bangkok,10/25/2014, ,29,24,20,7,7
bangkok,10/26/2014, ,21,24,27,3,13
bangkok,10/27/2014, ,30,36,26,2,10
bangkok,10/28/2014, ,28,21,28,2,11
bangkok,10/29/2014, ,29,37,39,4,15
bangkok,10/30/2014, ,34,30,32,8,14
bangkok,10/31/2014, ,51,19,23,3,11
bangkok,11/1/2014, ,34,23,25,1,11
bangkok,11/2/2014, ,28,21,21,5,9
bangkok,11/3/2014, ,27,13,23,2,14
bangkok,11/4/2014, ,28,16,27,3,14
bangkok,11/5/2014, ,27,22,25,3,14
bangkok,11/6/2014, ,47,17,31,3,16
bangkok,11/7/2014, ,38,18,27,7,11
bangkok,11/8/2014, ,37,23,23,12,16
bangkok,11/9/2014, ,43,31,26,2,14
bangkok,11/10/2014, ,41,40,36,4,13
bangkok,11/11/2014, ,44,33,35,3,11
bangkok,11/12/2014, ,54,29,25,2,10
bangkok,11/13/2014, ,44,30,23,2,11
bangkok,11/14/2014, ,26,40,30,5,12
bangkok,11/15/2014, ,39,33,29,5,10
bangkok,11/16/2014, ,44,32,28,2,12
bangkok,11/17/2014, ,43,37,19,6,9
bangkok,11/18/2014, ,39,53,25,2,10
bangkok,11/19/2014, ,43,49,36,2,11
bangkok,11/20/2014, ,55,49,35,3,11
bangkok,11/21/2014, ,61,43,33,4,10
bangkok,11/22/2014, ,59,39,36,3,10
bangkok,11/23/2014, ,59,42,35,4,12
bangkok,11/24/2014, ,55,46,33,3,11
bangkok,11/25/2014, ,60,54,36,3,9
bangkok,11/26/2014, ,60,35,34,3,7
bangkok,11/27/2014, ,53,20,45,4,18
bangkok,11/28/2014, ,46,35,50,4,20
bangkok,11/29/2014, ,70, , , , 
bangkok,12/1/2014, ,51,10,36,3,12
bangkok,12/2/2014, ,37,25,32,2,15
bangkok,12/3/2014, ,34,27,38,3,15
bangkok,12/4/2014, ,43,13,27,2,11
bangkok,12/5/2014, ,37,27,35,3,11
bangkok,12/6/2014, ,35,34,37,2,13
bangkok,12/7/2014, ,44,23,35,2,12
bangkok,12/8/2014, ,48,38,33,2,12
bangkok,12/9/2014, ,37,40,29,1,12
bangkok,12/10/2014, ,43,33,32,2,10
bangkok,12/11/2014, ,41,44,27,2,11
bangkok,12/12/2014, ,44,29,31,2,10
bangkok,12/13/2014, ,46,50,35,2,10
bangkok,12/14/2014, ,48,51,42,4,13
bangkok,12/15/2014, ,58,32,36,5,10
bangkok,12/16/2014, ,62,36,20,4,8
bangkok,12/17/2014, ,52,45,32,5,14
bangkok,12/18/2014, ,55,42,40,5,14
bangkok,12/19/2014, ,60,44,40,4,14
bangkok,12/20/2014, ,68,35,33,3,14
bangkok,12/21/2014, ,63,50,26,6,11
bangkok,12/22/2014, ,54,49,39,5,12
bangkok,12/23/2014, ,65,44,38,7,10
bangkok,12/24/2014, ,70,48,29,5,10
bangkok,12/25/2014, ,63,45,35,5,11
bangkok,12/26/2014, ,58,31,37,4,14
bangkok,12/27/2014, ,55,27,21,3,10
bangkok,12/28/2014, ,40, , , , 
bangkok,7/1/2014, ,37,22,17,3,7
bangkok,7/2/2014, ,35,23,17,3,7
bangkok,7/3/2014, ,30,25,16,2,6
bangkok,7/4/2014, ,26,19,15,3,5
bangkok,7/5/2014, ,23,20,13,2,6
bangkok,7/6/2014, ,22,17,14,5,6
bangkok,7/7/2014, ,18,12,13,3,7
bangkok,7/8/2014, ,18,13,15,3,5
bangkok,7/9/2014, ,17,11,15,3,6
bangkok,7/10/2014, ,17,15,12,4,6
bangkok,7/11/2014, ,24,15,11,3,5
bangkok,7/12/2014, ,26,25,14,2,6
bangkok,7/13/2014, ,21,13,21,4,8
bangkok,7/14/2014, ,22,14,18,3,7
bangkok,7/15/2014, ,25,20,21,4,8
bangkok,7/16/2014, ,24,18,16,3,7
bangkok,7/17/2014, ,23,13,17,3,7
bangkok,7/18/2014, ,21,9,15,2,7
bangkok,7/19/2014, ,21,12,15,2,7
bangkok,7/20/2014, ,27,16,18,3,7
bangkok,7/21/2014, ,38,18,18,3,6
bangkok,7/22/2014, ,33,24,19,4,7
bangkok,7/23/2014, ,24,15,18,3,7
bangkok,7/24/2014, ,26,14,19,3,7
bangkok,7/25/2014, ,30,14,19,3,6
bangkok,7/26/2014, ,33,16,18,4,7
bangkok,7/27/2014, ,25,8,20,5,9
bangkok,7/28/2014, ,25,17,20,8,10
bangkok,7/29/2014, ,34,20,18,8,10
bangkok,7/30/2014, ,41,14,18,11,11
bangkok,7/31/2014, ,43,16,17,7,9
bangkok,8/1/2014, ,42,10,16,10,8
bangkok,8/2/2014, ,39,11,13,5,8
bangkok,8/3/2014, ,39,10,14,10,9
bangkok,8/4/2014, ,34,10,14,6,7
bangkok,8/5/2014, ,26,12,13,6,8
bangkok,8/6/2014, ,25,10,12,6,7
bangkok,8/7/2014, ,27,14,11,4,7
bangkok,8/8/2014, ,23,15,12,11,6
bangkok,8/9/2014, ,21,13,11,7,7
bangkok,8/10/2014, ,23,18,11,9,7
bangkok,8/11/2014, ,21,17,11,4,6
bangkok,8/12/2014, ,26,17,11,6,6
bangkok,8/13/2014, ,24,12,13,5,7
bangkok,8/14/2014, ,22,11,13,5,7
bangkok,8/15/2014, ,24,19,18,10,8
bangkok,8/16/2014, ,31,5,13,7,6
bangkok,8/17/2014, ,31,24,21,3,8
bangkok,8/18/2014, ,21,20,18,3,6
bangkok,8/19/2014, ,25,17,23,3,7
bangkok,8/20/2014, ,28,16,20,3,7
bangkok,8/21/2014, ,26,15,25,5,10
bangkok,8/22/2014, ,28,16,24,5,7
bangkok,8/23/2014, ,39,21,16,2,6
bangkok,8/24/2014, ,32,20,19,9,7
bangkok,8/25/2014, ,25,19,17,12,7
bangkok,8/26/2014, ,31,34,22,11,9
bangkok,8/27/2014, ,25,20,17,13,8
bangkok,8/28/2014, ,27,16,14,6,7
bangkok,8/29/2014, ,22,13,16,4,7
bangkok,8/30/2014, ,24,11,13,12,7
bangkok,8/31/2014, ,21,13,12,15,8
bangkok,9/1/2014, ,21,10,13,10,7
bangkok,9/2/2014, ,21,11,16,5,9
bangkok,9/3/2014, ,24,15,15,8,8
bangkok,9/4/2014, ,29,15,14,7,7
bangkok,9/5/2014, ,24,19,14,2,5
bangkok,9/6/2014, ,22,17,14,2,5
bangkok,9/7/2014, ,21,18,13,6,7
bangkok,9/8/2014, ,21,23,15,2,6
bangkok,9/9/2014, ,20,18,16,5,7
bangkok,9/10/2014, ,21,21,20,3,8
bangkok,9/11/2014, ,23,17,18,3,6
bangkok,9/12/2014, ,26,19,15,2,7
bangkok,9/13/2014, ,26,21,13,3,5
bangkok,9/14/2014, ,25,17,15,7,6
bangkok,9/15/2014, ,25,13,21,4,8
bangkok,9/16/2014, ,29,15,15,15,14
bangkok,9/17/2014, ,22,11,15,3,5
bangkok,9/18/2014, ,17,15,19,3,7
bangkok,9/19/2014, ,22,29,19,3,6
bangkok,9/20/2014, ,24,29,15,2,4
bangkok,9/21/2014, ,24,21,19,3,7
bangkok,9/22/2014, ,25,20,16,3,5
bangkok,9/23/2014, ,30,15,21,7,8
bangkok,9/24/2014, ,27,21,28,7,11
bangkok,9/25/2014, ,27,30,21,5,7
bangkok,9/26/2014, ,28,31,25,3,7
bangkok,9/27/2014, ,28,4,18,10,9
bangkok,9/28/2014, ,18,28,35,4,8
bangkok,9/29/2014, ,32,21,32,5,9
bangkok,9/30/2014, ,26,45,31,5,11
bangkok,4/1/2014, ,30,23,15,2,7
bangkok,4/2/2014, ,38,23,12,3,7
bangkok,4/3/2014, ,39,25,14,3,7
bangkok,4/4/2014, ,36,43,21,3,7
bangkok,4/5/2014, ,47,34,18,4,6
bangkok,4/6/2014, ,48,35,12,2,5
bangkok,4/7/2014, ,34,66,20,3,7
bangkok,4/8/2014, ,46,65,25,3,8
bangkok,4/9/2014, ,62,44,24,3,9
bangkok,4/10/2014, ,67,29,25,3,9
bangkok,4/11/2014, ,66,46,25,5,9
bangkok,4/12/2014, ,65,47,23,4,9
bangkok,4/13/2014, ,61,43,19,3,8
bangkok,4/14/2014, ,57,58,21,2,8
bangkok,4/15/2014, ,42,32,16,3,7
bangkok,4/16/2014, ,41,31,18,3,7
bangkok,4/17/2014, ,36,25,16,5,7
bangkok,4/18/2014, ,37,20,18,3,6
bangkok,4/19/2014, ,34,24,15,10,6
bangkok,4/20/2014, ,27,23,16,9,6
bangkok,4/21/2014, ,28,26,15,7,6
bangkok,4/22/2014, ,27,28,17,4,8
bangkok,4/23/2014, ,33,18,17,4,7
bangkok,4/24/2014, ,38,22,18,4,7
bangkok,4/25/2014, ,34,17,19,4,6
bangkok,4/26/2014, ,34,22,13,4,5
bangkok,4/27/2014, ,30,18,23,4,7
bangkok,4/28/2014, ,28,17,22,9,8
bangkok,4/29/2014, ,33,22,20,3,6
bangkok,4/30/2014, ,31,19,12,3,6
bangkok,5/1/2014, ,32,29,21,3,8
bangkok,5/2/2014, ,35,21,15,3,5
bangkok,5/3/2014, ,37,31,21,4,7
bangkok,5/4/2014, ,26,22,19,4,8
bangkok,5/5/2014, ,21,32,24,3,9
bangkok,5/6/2014, ,34,27,27,12,10
bangkok,5/7/2014, ,33,23,23,3,9
bangkok,5/8/2014, ,41,19,10,2,5
bangkok,5/9/2014, ,32,33,12,2,6
bangkok,5/10/2014, ,34,27,15,2,7
bangkok,5/11/2014, ,33,34,13,3,6
bangkok,5/12/2014, ,22,24,13,3,5
bangkok,5/13/2014, ,20,32,18,3,7
bangkok,5/14/2014, ,22,35,16,3,5
bangkok,5/15/2014, ,20,33,17,3,6
bangkok,5/16/2014, ,20,28,15,3,6
bangkok,5/17/2014, ,27,13,19,2,7
bangkok,5/18/2014, ,26,32,19,3,8
bangkok,5/19/2014, ,24,38,17,4,7
bangkok,5/20/2014, ,26,36,16,3,6
bangkok,5/21/2014, ,23,18,15,3,6
bangkok,5/22/2014, ,25,16,14,2,5
bangkok,5/23/2014, ,25,36,19,3,6
bangkok,5/24/2014, ,24,24,22,3,7
bangkok,5/25/2014, ,28,34,27,3,8
bangkok,5/26/2014, ,35,15,19,4,7
bangkok,5/27/2014, ,39,25,22,2,7
bangkok,5/28/2014, ,27,35,20,3,6
bangkok,5/29/2014, ,27,43,18,4,7
bangkok,5/30/2014, ,27,40,16,3,6
bangkok,5/31/2014, ,23,18,16,2,7
bangkok,6/1/2014, ,25,34,18,2,7
bangkok,6/2/2014, ,19,37,15,2,6
bangkok,6/3/2014, ,21,24,17,2,7
bangkok,6/4/2014, ,22,10,17,2,7
bangkok,6/5/2014, ,25,15,18,2,6
bangkok,6/6/2014, ,24,15,15,2,6
bangkok,6/7/2014, ,22,10,14,3,7
bangkok,6/8/2014, ,25,12,14,4,7
bangkok,6/9/2014, ,23,12,15,5,6
bangkok,6/10/2014, ,27,9,13,2,6
bangkok,6/11/2014, ,27,15,15,2,6
bangkok,6/12/2014, ,24,16,16,2,5
bangkok,6/13/2014, ,23,14,13,4,4
bangkok,6/14/2014, ,19,13,11,4,5
bangkok,6/15/2014, ,21,15,12,3,5
bangkok,6/16/2014, ,31,19,16,2,5
bangkok,6/17/2014, ,28,11,15,2,6
bangkok,6/18/2014, ,31,15,14,3,5
bangkok,6/19/2014, ,38,15,16,3,5
bangkok,6/20/2014, ,45,10,18,3,6
bangkok,6/21/2014, ,53,13,16,3,6
bangkok,6/22/2014, ,54,16,19,2,7
bangkok,6/23/2014, ,38,17,17,3,6
bangkok,6/24/2014, ,31,9,14,2,6
bangkok,6/25/2014, ,26,6,13,2,7
bangkok,6/26/2014, ,31,9,21,3,12
bangkok,6/27/2014, ,40,13,16,3,7
bangkok,6/28/2014, ,40,14,12,3,7
bangkok,6/29/2014, ,38,14,19,2,7
bangkok,6/30/2014, ,41,11,17,2,7
bangkok,1/1/2014, ,84,90,48,5,16
bangkok,1/2/2014, ,84,119,63,7,14
bangkok,1/3/2014, ,103,95,57,7,13
bangkok,1/4/2014, ,101,52,34,1, 
bangkok,1/5/2014, ,95,69,52,6,14
bangkok,1/6/2014, ,78,61,46,9,11
bangkok,1/7/2014, ,88,64,55,8,14
bangkok,1/8/2014, ,79,36,47,5,11
bangkok,1/9/2014, ,95,38,33,2,9
bangkok,1/10/2014, ,67,48,33,2,11
bangkok,1/11/2014, ,67,49,30,3,14
bangkok,1/12/2014, ,64,40,24,2,6
bangkok,1/13/2014, ,60,44,23,1,9
bangkok,1/14/2014, ,54,46,28,2,7
bangkok,1/15/2014, ,59,49,38,3,9
bangkok,1/16/2014, ,65,50,43,4,14
bangkok,1/17/2014, ,72,44,25,1,9
bangkok,1/18/2014, ,65,69,23,1,10
bangkok,1/19/2014, ,69,68,39,5,12
bangkok,1/20/2014, ,81,27,37,2,11
bangkok,1/21/2014, ,79,62,18,5,12
bangkok,1/22/2014, ,80,58,45,4,15
bangkok,1/23/2014, ,95,79,47,8,18
bangkok,1/24/2014, ,92,4,72,11,27
bangkok,1/25/2014, ,107, , , , 
bangkok,1/27/2014, ,128,57,42,4,13
bangkok,1/28/2014, ,94,49,52,6,14
bangkok,1/29/2014, ,74,43,48,6,15
bangkok,1/30/2014, ,81,44,31,7,12
bangkok,1/31/2014, ,72,48,31,6,13
bangkok,2/1/2014, ,64,49,29,5,9
bangkok,2/2/2014, ,59,66,37,7,10
bangkok,2/3/2014, ,59,32,21,6,9
bangkok,2/4/2014, ,64,32,25,3,8
bangkok,2/5/2014, ,55,35,26,4,8
bangkok,2/6/2014, ,52,23,20,2,7
bangkok,2/7/2014, ,45,21,17,4,7
bangkok,2/8/2014, ,40,42,20,3,7
bangkok,2/9/2014, ,37,46,33,6,9
bangkok,2/10/2014, ,45,21,22,4,8
bangkok,2/11/2014, ,55,22,20,3,7
bangkok,2/12/2014, ,41,20,22,4,7
bangkok,2/13/2014, ,44,31,22,3,7
bangkok,2/14/2014, ,46,17,19,2,4
bangkok,2/15/2014, ,42,32,20,2,8
bangkok,2/16/2014, ,42,34,22,2,8
bangkok,2/17/2014, ,49,31,25,3,8
bangkok,2/18/2014, ,50,35,23,4,8
bangkok,2/19/2014, ,52,37,22,5,11
bangkok,2/20/2014, ,56,37,32,3,13
bangkok,2/21/2014, ,65,71,39,4,15
bangkok,2/22/2014, ,75,53,22,2,10
bangkok,2/23/2014, ,56,44,23,3,9
bangkok,2/24/2014, ,50,38,26,4,8
bangkok,2/25/2014, ,49,37,24,4,9
bangkok,2/26/2014, ,52,33,23,2,8
bangkok,2/27/2014, ,52,30,26,3,8
bangkok,2/28/2014, ,48,32,22,3,7
bangkok,3/1/2014, ,44,38,19,3,7
bangkok,3/2/2014, ,45,37,24,5,9
bangkok,3/3/2014, ,46,45,16,3,7
bangkok,3/4/2014, ,50,39,21,4,7
bangkok,3/5/2014, ,49,36,18,3,6
bangkok,3/6/2014, ,51,34,18,3,5
bangkok,3/7/2014, ,46,34,18,3,6
bangkok,3/8/2014, ,44,28,16,3,6
bangkok,3/9/2014, ,46,30,19,3,7
bangkok,3/10/2014, ,46,34,21,4,7
bangkok,3/11/2014, ,41,30,17,4,6
bangkok,3/12/2014, ,42,26,20,3,9
bangkok,3/13/2014, ,48,31,23,5,8
bangkok,3/14/2014, ,50,32,22,2,9
bangkok,3/15/2014, ,43,4,22,6,6
bangkok,3/16/2014, ,43,48,14,3,11
bangkok,3/17/2014, ,53,26,14,3,8
bangkok,3/18/2014, ,41,17,19,3,8
bangkok,3/19/2014, ,34,32,23,3,8
bangkok,3/20/2014, ,45,42,23,5,9
bangkok,3/21/2014, ,52,12,23,3,8
bangkok,3/22/2014, ,55,55,28,4,11
bangkok,3/23/2014, ,54,51,28,2,10
bangkok,3/24/2014, ,58,41,23,2,8
bangkok,3/25/2014, ,51,35,23,3,8
bangkok,3/26/2014, ,42,25,27,3,8
bangkok,3/27/2014, ,42,21,29,2,8
bangkok,3/28/2014, ,46,24,26,3,8
bangkok,3/29/2014, ,46,14,16,2,6
bangkok,3/30/2014, ,33,9,18,3,6
bangkok,3/31/2014, ,21,16,17,2,7
bangkok,1/2/2016, , ,63,27,3,12
bangkok,12/31/2014, , ,38,23,3,8
bangkok,3/15/2015, , ,23,13,3,9
bangkok,11/30/2014, , ,40,36,4,11
bangkok,12/31/2013, , ,68,33,3,7
bangkok,1/26/2014, , ,54,53,6,18
bangkok,1/1/2016, , , ,23, ,8
chiang mai,10/1/2024,45, , , , , 
chiang mai,10/2/2024,39, , , , , 
chiang mai,10/3/2024,38, , , , , 
chiang mai,10/4/2024,41, , , , , 
chiang mai,10/5/2024,49, , , , , 
chiang mai,10/6/2024,57, , , , , 
chiang mai,10/7/2024,62, , , , , 
chiang mai,10/8/2024,65, , , , , 
chiang mai,10/9/2024,69, , , , , 
chiang mai,10/10/2024,76, , , , , 
chiang mai,10/11/2024,78, , , , , 
chiang mai,10/12/2024,85, , , , , 
chiang mai,10/13/2024,85, , , , , 
chiang mai,10/14/2024,77, , , , , 
chiang mai,10/15/2024,70, , , , , 
chiang mai,10/16/2024,64, , , , , 
chiang mai,10/17/2024,59, , , , , 
chiang mai,10/18/2024,59, , , , , 
chiang mai,10/19/2024,58, , , , , 
chiang mai,10/20/2024,44, , , , , 
chiang mai,10/21/2024,50, , , , , 
chiang mai,10/22/2024,46, , , , , 
chiang mai,10/23/2024,50, , , , , 
chiang mai,10/24/2024,59, , , , , 
chiang mai,10/25/2024,63, , , , , 
chiang mai,10/26/2024,61, , , , , 
chiang mai,7/1/2024,46, , , , , 
chiang mai,7/2/2024,46, , , , , 
chiang mai,7/3/2024,54, , , , , 
chiang mai,7/4/2024,50, , , , , 
chiang mai,7/5/2024,42, , , , , 
chiang mai,7/6/2024,51, , , , , 
chiang mai,7/7/2024,36, , , , , 
chiang mai,7/8/2024,49, , , , , 
chiang mai,7/9/2024,44, , , , , 
chiang mai,7/10/2024,52, , , , , 
chiang mai,7/11/2024,53, , , , , 
chiang mai,7/12/2024,44, , , , , 
chiang mai,7/13/2024,36, , , , , 
chiang mai,7/14/2024,45, , , , , 
chiang mai,7/15/2024,43, , , , , 
chiang mai,7/16/2024,46, , , , , 
chiang mai,7/17/2024,40, , , , , 
chiang mai,7/18/2024,49, , , , , 
chiang mai,7/19/2024,44, , , , , 
chiang mai,7/20/2024,34, , , , , 
chiang mai,7/21/2024,46, , , , , 
chiang mai,7/22/2024,47, , , , , 
chiang mai,7/23/2024,55, , , , , 
chiang mai,7/24/2024,56, , , , , 
chiang mai,7/25/2024,48, , , , , 
chiang mai,7/26/2024,40, , , , , 
chiang mai,7/27/2024,44, , , , , 
chiang mai,7/28/2024,45, , , , , 
chiang mai,7/29/2024,50, , , , , 
chiang mai,7/30/2024,63, , , , , 
chiang mai,7/31/2024,60, , , , , 
chiang mai,8/1/2024,52, , , , , 
chiang mai,8/2/2024,48, , , , , 
chiang mai,8/3/2024,52, , , , , 
chiang mai,8/4/2024,45, , , , , 
chiang mai,8/5/2024,46, , , , , 
chiang mai,8/6/2024,46, , , , , 
chiang mai,8/7/2024,43, , , , , 
chiang mai,8/8/2024,42, , , , , 
chiang mai,8/9/2024,51, , , , , 
chiang mai,8/10/2024,47, , , , , 
chiang mai,8/11/2024,55, , , , , 
chiang mai,8/12/2024,47, , , , , 
chiang mai,8/13/2024,50, , , , , 
chiang mai,8/14/2024,50, , , , , 
chiang mai,8/15/2024,50, , , , , 
chiang mai,8/16/2024,41, , , , , 
chiang mai,8/17/2024,44, , , , , 
chiang mai,8/18/2024,38, , , , , 
chiang mai,8/19/2024,54, , , , , 
chiang mai,8/20/2024,40, , , , , 
chiang mai,8/21/2024,44, , , , , 
chiang mai,8/22/2024,33, , , , , 
chiang mai,8/23/2024,38, , , , , 
chiang mai,8/24/2024,51, , , , , 
chiang mai,8/25/2024,38, , , , , 
chiang mai,8/26/2024,39, , , , , 
chiang mai,8/27/2024,36, , , , , 
chiang mai,8/28/2024,33, , , , , 
chiang mai,8/29/2024,39, , , , , 
chiang mai,8/30/2024,37, , , , , 
chiang mai,8/31/2024,39, , , , , 
chiang mai,9/1/2024,42, , , , , 
chiang mai,9/2/2024,50, , , , , 
chiang mai,9/3/2024,47, , , , , 
chiang mai,9/4/2024,51, , , , , 
chiang mai,9/5/2024,50, , , , , 
chiang mai,9/6/2024,51, , , , , 
chiang mai,9/7/2024,52, , , , , 
chiang mai,9/8/2024,41, , , , , 
chiang mai,9/9/2024,58, , , , , 
chiang mai,9/10/2024,46, , , , , 
chiang mai,9/11/2024,43, , , , , 
chiang mai,9/12/2024,45, , , , , 
chiang mai,9/13/2024,39, , , , , 
chiang mai,9/14/2024,50, , , , , 
chiang mai,9/15/2024,55, , , , , 
chiang mai,9/16/2024,53, , , , , 
chiang mai,9/17/2024,47, , , , , 
chiang mai,9/18/2024,39, , , , , 
chiang mai,9/19/2024,50, , , , , 
chiang mai,9/20/2024,51, , , , , 
chiang mai,9/21/2024,59, , , , , 
chiang mai,9/22/2024,39, , , , , 
chiang mai,9/23/2024,35, , , , , 
chiang mai,9/24/2024,33, , , , , 
chiang mai,9/25/2024,42, , , , , 
chiang mai,9/26/2024,41, , , , , 
chiang mai,9/27/2024,39, , , , , 
chiang mai,9/28/2024,43, , , , , 
chiang mai,9/29/2024,41, , , , , 
chiang mai,9/30/2024,50, , , , , 
chiang mai,4/1/2024,172, , , , , 
chiang mai,4/2/2024,178, , , , , 
chiang mai,4/3/2024,194, , , , , 
chiang mai,4/4/2024,185, , , , , 
chiang mai,4/5/2024,189, , , , , 
chiang mai,4/6/2024,227, , , , , 
chiang mai,4/7/2024,209, , , , , 
chiang mai,4/8/2024,186, , , , , 
chiang mai,4/9/2024,197, , , , , 
chiang mai,4/10/2024,145, , , , , 
chiang mai,4/11/2024,101, , , , , 
chiang mai,4/12/2024,133, , , , , 
chiang mai,4/13/2024,113, , , , , 
chiang mai,4/14/2024,155, , , , , 
chiang mai,4/15/2024,139, , , , , 
chiang mai,4/16/2024,134, , , , , 
chiang mai,4/17/2024,137, , , , , 
chiang mai,4/18/2024,170, , , , , 
chiang mai,4/19/2024,172, , , , , 
chiang mai,4/20/2024,162, , , , , 
chiang mai,4/21/2024,157, , , , , 
chiang mai,4/22/2024,157, , , , , 
chiang mai,4/23/2024,159, , , , , 
chiang mai,4/24/2024,155, , , , , 
chiang mai,4/25/2024,159, , , , , 
chiang mai,4/26/2024,173, , , , , 
chiang mai,4/27/2024,158, , , , , 
chiang mai,4/28/2024,163, , , , , 
chiang mai,4/29/2024,162, , , , , 
chiang mai,4/30/2024,165, , , , , 
chiang mai,5/1/2024,164, , , , , 
chiang mai,5/2/2024,170, , , , , 
chiang mai,5/3/2024,157, , , , , 
chiang mai,5/4/2024,179, , , , , 
chiang mai,5/5/2024,159, , , , , 
chiang mai,5/6/2024,178, , , , , 
chiang mai,5/7/2024,151, , , , , 
chiang mai,5/8/2024,118, , , , , 
chiang mai,5/9/2024,105, , , , , 
chiang mai,5/10/2024,94, , , , , 
chiang mai,5/11/2024,86, , , , , 
chiang mai,5/12/2024,77, , , , , 
chiang mai,5/13/2024,75, , , , , 
chiang mai,5/14/2024,73, , , , , 
chiang mai,5/15/2024,73, , , , , 
chiang mai,5/16/2024,90, , , , , 
chiang mai,5/17/2024,77, , , , , 
chiang mai,5/18/2024,73, , , , , 
chiang mai,5/19/2024,72, , , , , 
chiang mai,5/20/2024,68, , , , , 
chiang mai,5/21/2024,64, , , , , 
chiang mai,5/22/2024,52, , , , , 
chiang mai,5/23/2024,55, , , , , 
chiang mai,5/24/2024,50, , , , , 
chiang mai,5/25/2024,43, , , , , 
chiang mai,5/26/2024,49, , , , , 
chiang mai,5/27/2024,45, , , , , 
chiang mai,5/28/2024,58, , , , , 
chiang mai,5/29/2024,56, , , , , 
chiang mai,5/30/2024,73, , , , , 
chiang mai,5/31/2024,85, , , , , 
chiang mai,6/1/2024,65, , , , , 
chiang mai,6/2/2024,53, , , , , 
chiang mai,6/3/2024,48, , , , , 
chiang mai,6/4/2024,56, , , , , 
chiang mai,6/5/2024,62, , , , , 
chiang mai,6/6/2024,47, , , , , 
chiang mai,6/7/2024,54, , , , , 
chiang mai,6/8/2024,62, , , , , 
chiang mai,6/9/2024,79, , , , , 
chiang mai,6/10/2024,65, , , , , 
chiang mai,6/11/2024,51, , , , , 
chiang mai,6/12/2024,45, , , , , 
chiang mai,6/13/2024,44, , , , , 
chiang mai,6/14/2024,42, , , , , 
chiang mai,6/15/2024,46, , , , , 
chiang mai,6/16/2024,57, , , , , 
chiang mai,6/17/2024,55, , , , , 
chiang mai,6/18/2024,44, , , , , 
chiang mai,6/19/2024,43, , , , , 
chiang mai,6/20/2024,45, , , , , 
chiang mai,6/21/2024,44, , , , , 
chiang mai,6/22/2024,49, , , , , 
chiang mai,6/23/2024,44, , , , , 
chiang mai,6/24/2024,45, , , , , 
chiang mai,6/25/2024,38, , , , , 
chiang mai,6/26/2024,33, , , , , 
chiang mai,6/27/2024,35, , , , , 
chiang mai,6/28/2024,41, , , , , 
chiang mai,6/29/2024,42, , , , , 
chiang mai,6/30/2024,43, , , , , 
chiang mai,1/1/2024,87, , , , , 
chiang mai,1/2/2024,71, , , , , 
chiang mai,1/3/2024,73, , , , , 
chiang mai,1/4/2024,76, , , , , 
chiang mai,1/5/2024,81, , , , , 
chiang mai,1/6/2024,75, , , , , 
chiang mai,1/7/2024,82, , , , , 
chiang mai,1/8/2024,93, , , , , 
chiang mai,1/9/2024,87, , , , , 
chiang mai,1/10/2024,82, , , , , 
chiang mai,1/11/2024,80, , , , , 
chiang mai,1/12/2024,75, , , , , 
chiang mai,1/13/2024,80, , , , , 
chiang mai,1/14/2024,95, , , , , 
chiang mai,1/15/2024,98, , , , , 
chiang mai,1/16/2024,82, , , , , 
chiang mai,1/17/2024,78, , , , , 
chiang mai,1/18/2024,73, , , , , 
chiang mai,1/19/2024,65, , , , , 
chiang mai,1/20/2024,63, , , , , 
chiang mai,1/21/2024,73, , , , , 
chiang mai,1/22/2024,86, , , , , 
chiang mai,1/23/2024,90, , , , , 
chiang mai,1/24/2024,105, , , , , 
chiang mai,1/25/2024,105, , , , , 
chiang mai,1/26/2024,97, , , , , 
chiang mai,1/27/2024,96, , , , , 
chiang mai,1/28/2024,113, , , , , 
chiang mai,1/29/2024,95, , , , , 
chiang mai,1/30/2024,92, , , , , 
chiang mai,1/31/2024,71, , , , , 
chiang mai,2/1/2024,63, , , , , 
chiang mai,2/2/2024,66, , , , , 
chiang mai,2/3/2024,78, , , , , 
chiang mai,2/4/2024,124, , , , , 
chiang mai,2/5/2024,106, , , , , 
chiang mai,2/6/2024,96, , , , , 
chiang mai,2/7/2024,95, , , , , 
chiang mai,2/8/2024,114, , , , , 
chiang mai,2/9/2024,119, , , , , 
chiang mai,2/10/2024,121, , , , , 
chiang mai,2/11/2024,116, , , , , 
chiang mai,2/12/2024,114, , , , , 
chiang mai,2/13/2024,107, , , , , 
chiang mai,2/14/2024,107, , , , , 
chiang mai,2/15/2024,101, , , , , 
chiang mai,2/16/2024,106, , , , , 
chiang mai,2/17/2024,101, , , , , 
chiang mai,2/18/2024,96, , , , , 
chiang mai,2/19/2024,83, , , , , 
chiang mai,2/20/2024,88, , , , , 
chiang mai,2/21/2024,81, , , , , 
chiang mai,2/22/2024,101, , , , , 
chiang mai,2/23/2024,130, , , , , 
chiang mai,2/24/2024,97, , , , , 
chiang mai,2/25/2024,107, , , , , 
chiang mai,2/26/2024,124, , , , , 
chiang mai,2/27/2024,148, , , , , 
chiang mai,2/28/2024,143, , , , , 
chiang mai,2/29/2024,122, , , , , 
chiang mai,3/1/2024,129, , , , , 
chiang mai,3/2/2024,143, , , , , 
chiang mai,3/3/2024,120, , , , , 
chiang mai,3/4/2024,118, , , , , 
chiang mai,3/5/2024,138, , , , , 
chiang mai,3/6/2024,171, , , , , 
chiang mai,3/7/2024,194, , , , , 
chiang mai,3/8/2024,175, , , , , 
chiang mai,3/9/2024,144, , , , , 
chiang mai,3/10/2024,153, , , , , 
chiang mai,3/11/2024,160, , , , , 
chiang mai,3/12/2024,153, , , , , 
chiang mai,3/13/2024,125, , , , , 
chiang mai,3/14/2024,174, , , , , 
chiang mai,3/15/2024,206, , , , , 
chiang mai,3/16/2024,197, , , , , 
chiang mai,3/17/2024,172, , , , , 
chiang mai,3/18/2024,183, , , , , 
chiang mai,3/19/2024,189, , , , , 
chiang mai,3/20/2024,139, , , , , 
chiang mai,3/21/2024,90, , , , , 
chiang mai,3/22/2024,115, , , , , 
chiang mai,3/23/2024,117, , , , , 
chiang mai,3/24/2024,148, , , , , 
chiang mai,3/25/2024,143, , , , , 
chiang mai,3/26/2024,164, , , , , 
chiang mai,3/27/2024,162, , , , , 
chiang mai,3/28/2024,158, , , , , 
chiang mai,3/29/2024,164, , , , , 
chiang mai,3/30/2024,170, , , , , 
chiang mai,3/31/2024,174, , , , , 
chiang mai,10/1/2023,33, , , , , 
chiang mai,10/2/2023,41, , , , , 
chiang mai,10/3/2023,44, , , , , 
chiang mai,10/4/2023,48, , , , , 
chiang mai,10/5/2023,58, , , , , 
chiang mai,10/6/2023,59, , , , , 
chiang mai,10/7/2023,47, , , , , 
chiang mai,10/8/2023,42, , , , , 
chiang mai,10/9/2023,43, , , , , 
chiang mai,10/10/2023,45, , , , , 
chiang mai,10/11/2023,53, , , , , 
chiang mai,10/12/2023,46, , , , , 
chiang mai,10/13/2023,45, , , , , 
chiang mai,10/14/2023,38, , , , , 
chiang mai,10/15/2023,39, , , , , 
chiang mai,10/16/2023,39, , , , , 
chiang mai,10/17/2023,52, , , , , 
chiang mai,10/18/2023,65, , , , , 
chiang mai,10/19/2023,66, , , , , 
chiang mai,10/20/2023,56, , , , , 
chiang mai,10/21/2023,59, , , , , 
chiang mai,10/22/2023,69, , , , , 
chiang mai,10/23/2023,60, , , , , 
chiang mai,10/24/2023,61, , , , , 
chiang mai,10/25/2023,68, , , , , 
chiang mai,10/26/2023,60, , , , , 
chiang mai,10/27/2023,64, , , , , 
chiang mai,10/28/2023,46, , , , , 
chiang mai,10/29/2023,50, , , , , 
chiang mai,10/30/2023,54, , , , , 
chiang mai,10/31/2023,34, , , , , 
chiang mai,11/1/2023,43, , , , , 
chiang mai,11/2/2023,53, , , , , 
chiang mai,11/3/2023,61, , , , , 
chiang mai,11/4/2023,57, , , , , 
chiang mai,11/5/2023,60, , , , , 
chiang mai,11/6/2023,58, , , , , 
chiang mai,11/7/2023,66, , , , , 
chiang mai,11/8/2023,64, , , , , 
chiang mai,11/9/2023,62, , , , , 
chiang mai,11/10/2023,64, , , , , 
chiang mai,11/11/2023,66, , , , , 
chiang mai,11/12/2023,66, , , , , 
chiang mai,11/13/2023,57, , , , , 
chiang mai,11/14/2023,52, , , , , 
chiang mai,11/15/2023,59, , , , , 
chiang mai,11/16/2023,59, , , , , 
chiang mai,11/17/2023,46, , , , , 
chiang mai,11/18/2023,65, , , , , 
chiang mai,11/19/2023,68, , , , , 
chiang mai,11/20/2023,68, , , , , 
chiang mai,11/21/2023,72, , , , , 
chiang mai,11/22/2023,76, , , , , 
chiang mai,11/23/2023,84, , , , , 
chiang mai,11/24/2023,80, , , , , 
chiang mai,11/25/2023,74, , , , , 
chiang mai,11/26/2023,79, , , , , 
chiang mai,11/27/2023,91, , , , , 
chiang mai,11/28/2023,86, , , , , 
chiang mai,11/29/2023,89, , , , , 
chiang mai,11/30/2023,99, , , , , 
chiang mai,12/1/2023,94, , , , , 
chiang mai,12/2/2023,78, , , , , 
chiang mai,12/3/2023,62, , , , , 
chiang mai,12/4/2023,63, , , , , 
chiang mai,12/5/2023,67, , , , , 
chiang mai,12/6/2023,68, , , , , 
chiang mai,12/7/2023,75, , , , , 
chiang mai,12/8/2023,76, , , , , 
chiang mai,12/9/2023,80, , , , , 
chiang mai,12/10/2023,63, , , , , 
chiang mai,12/11/2023,58, , , , , 
chiang mai,12/12/2023,76, , , , , 
chiang mai,12/13/2023,96, , , , , 
chiang mai,12/14/2023,106, , , , , 
chiang mai,12/15/2023,92, , , , , 
chiang mai,12/16/2023,77, , , , , 
chiang mai,12/17/2023,78, , , , , 
chiang mai,12/18/2023,78, , , , , 
chiang mai,12/19/2023,78, , , , , 
chiang mai,12/20/2023,71, , , , , 
chiang mai,12/21/2023,74, , , , , 
chiang mai,12/22/2023,76, , , , , 
chiang mai,12/23/2023,72, , , , , 
chiang mai,12/24/2023,86, , , , , 
chiang mai,12/25/2023,86, , , , , 
chiang mai,12/26/2023,91, , , , , 
chiang mai,12/27/2023,94, , , , , 
chiang mai,12/28/2023,94, , , , , 
chiang mai,12/29/2023,87, , , , , 
chiang mai,12/30/2023,79, , , , , 
chiang mai,12/31/2023,77, , , , , 
chiang mai,7/1/2023,53, , , , , 
chiang mai,7/2/2023,51, , , , , 
chiang mai,7/3/2023,49, , , , , 
chiang mai,7/4/2023,44, , , , , 
chiang mai,7/5/2023,47, , , , , 
chiang mai,7/6/2023,48, , , , , 
chiang mai,7/7/2023,48, , , , , 
chiang mai,7/8/2023,45, , , , , 
chiang mai,7/9/2023,54, , , , , 
chiang mai,7/10/2023,61, , , , , 
chiang mai,7/11/2023,47, , , , , 
chiang mai,7/12/2023,49, , , , , 
chiang mai,7/13/2023,42, , , , , 
chiang mai,7/14/2023,42, , , , , 
chiang mai,7/15/2023,55, , , , , 
chiang mai,7/16/2023,48, , , , , 
chiang mai,7/17/2023,55, , , , , 
chiang mai,7/18/2023,59, , , , , 
chiang mai,7/19/2023,58, , , , , 
chiang mai,7/20/2023,49, , , , , 
chiang mai,7/21/2023,46, , , , , 
chiang mai,7/22/2023,43, , , , , 
chiang mai,7/23/2023,51, , , , , 
chiang mai,7/24/2023,55, , , , , 
chiang mai,7/25/2023,58, , , , , 
chiang mai,7/26/2023,45, , , , , 
chiang mai,7/27/2023,47, , , , , 
chiang mai,7/28/2023,37, , , , , 
chiang mai,7/29/2023,42, , , , , 
chiang mai,7/30/2023,44, , , , , 
chiang mai,7/31/2023,44, , , , , 
chiang mai,8/1/2023,41, , , , , 
chiang mai,8/2/2023,70, , , , , 
chiang mai,8/3/2023,50, , , , , 
chiang mai,8/4/2023,65, , , , , 
chiang mai,8/5/2023,69, , , , , 
chiang mai,8/6/2023,66, , , , , 
chiang mai,8/7/2023,69, , , , , 
chiang mai,8/8/2023,78, , , , , 
chiang mai,8/9/2023,72, , , , , 
chiang mai,8/10/2023,68, , , , , 
chiang mai,8/11/2023,69, , , , , 
chiang mai,8/12/2023,85, , , , , 
chiang mai,8/13/2023,92, , , , , 
chiang mai,8/14/2023,89, , , , , 
chiang mai,8/15/2023,70, , , , , 
chiang mai,8/16/2023,61, , , , , 
chiang mai,8/17/2023,57, , , , , 
chiang mai,8/18/2023,55, , , , , 
chiang mai,8/19/2023,59, , , , , 
chiang mai,8/20/2023,57, , , , , 
chiang mai,8/21/2023,58, , , , , 
chiang mai,8/22/2023,55, , , , , 
chiang mai,8/23/2023,48, , , , , 
chiang mai,8/24/2023,64, , , , , 
chiang mai,8/25/2023,54, , , , , 
chiang mai,8/26/2023,55, , , , , 
chiang mai,8/27/2023,59, , , , , 
chiang mai,8/28/2023,68, , , , , 
chiang mai,8/29/2023,57, , , , , 
chiang mai,8/30/2023,54, , , , , 
chiang mai,8/31/2023,52, , , , , 
chiang mai,9/1/2023,52, , , , , 
chiang mai,9/2/2023,45, , , , , 
chiang mai,9/3/2023,55, , , , , 
chiang mai,9/4/2023,64, , , , , 
chiang mai,9/5/2023,56, , , , , 
chiang mai,9/6/2023,43, , , , , 
chiang mai,9/7/2023,34, , , , , 
chiang mai,9/8/2023,43, , , , , 
chiang mai,9/9/2023,42, , , , , 
chiang mai,9/10/2023,44, , , , , 
chiang mai,9/11/2023,42, , , , , 
chiang mai,9/12/2023,43, , , , , 
chiang mai,9/13/2023,47, , , , , 
chiang mai,9/14/2023,45, , , , , 
chiang mai,9/15/2023,43, , , , , 
chiang mai,9/16/2023,36, , , , , 
chiang mai,9/17/2023,35, , , , , 
chiang mai,9/18/2023,36, , , , , 
chiang mai,9/19/2023,41, , , , , 
chiang mai,9/20/2023,48, , , , , 
chiang mai,9/21/2023,46, , , , , 
chiang mai,9/22/2023,50, , , , , 
chiang mai,9/23/2023,59, , , , , 
chiang mai,9/24/2023,58, , , , , 
chiang mai,9/25/2023,60, , , , , 
chiang mai,9/26/2023,56, , , , , 
chiang mai,9/27/2023,52, , , , , 
chiang mai,9/28/2023,38, , , , , 
chiang mai,9/29/2023,32, , , , , 
chiang mai,9/30/2023,29, , , , , 
chiang mai,4/1/2023,266,100, , , , 
chiang mai,4/2/2023,209,72, , , , 
chiang mai,4/3/2023,162,81, , , , 
chiang mai,4/4/2023,177,106, , , , 
chiang mai,4/5/2023,223,140, , , , 
chiang mai,4/6/2023,275,154, , , , 
chiang mai,4/7/2023,291,114, , , , 
chiang mai,4/8/2023,223,113, , , , 
chiang mai,4/9/2023,206,85, , , , 
chiang mai,4/10/2023,181,100, , , , 
chiang mai,4/11/2023,200,108, , , , 
chiang mai,4/12/2023,211,104, , , , 
chiang mai,4/13/2023,204,78, , , , 
chiang mai,4/14/2023,172,97, , , , 
chiang mai,4/15/2023,195,95, , , , 
chiang mai,4/16/2023,200,71, , , , 
chiang mai,4/17/2023,167,77, , , , 
chiang mai,4/18/2023,177,77, , , , 
chiang mai,4/19/2023,171,74, , , , 
chiang mai,4/20/2023,165,70, , , , 
chiang mai,4/21/2023,162,67, , , , 
chiang mai,4/22/2023,163,47, , , , 
chiang mai,4/23/2023,119,48, , , , 
chiang mai,4/24/2023,124,47, , , , 
chiang mai,4/25/2023,130,54, , , , 
chiang mai,4/26/2023,143,46, , , , 
chiang mai,4/27/2023,120,46, , , , 
chiang mai,4/28/2023,121,51, , , , 
chiang mai,4/29/2023,135,50, , , , 
chiang mai,4/30/2023,138,35, , , , 
chiang mai,5/1/2023,97,38, , , , 
chiang mai,5/2/2023,98,33, , , , 
chiang mai,5/3/2023,90,34, , , , 
chiang mai,5/4/2023,86,49, , , , 
chiang mai,5/5/2023,124,54, , , , 
chiang mai,5/6/2023,139,55, , , , 
chiang mai,5/7/2023,143,59, , , , 
chiang mai,5/8/2023,145,25, , , , 
chiang mai,5/9/2023,64,30, , , , 
chiang mai,5/10/2023,77,28, , , , 
chiang mai,5/11/2023,72,30, , , , 
chiang mai,5/12/2023,75,25, , , , 
chiang mai,5/13/2023,59,20, , , , 
chiang mai,5/14/2023,57,36, , , , 
chiang mai,5/15/2023,92,30, , , , 
chiang mai,5/16/2023,85,34, , , , 
chiang mai,5/17/2023,86,42, , , , 
chiang mai,5/18/2023,106,41, , , , 
chiang mai,5/19/2023,105,40, , , , 
chiang mai,5/20/2023,101,42, , , , 
chiang mai,5/21/2023,102,42, , , , 
chiang mai,5/22/2023,103,38, , , , 
chiang mai,5/23/2023,94,31, , , , 
chiang mai,5/24/2023,83,35, , , , 
chiang mai,5/25/2023,90,37, , , , 
chiang mai,5/26/2023,90,26, , , , 
chiang mai,5/27/2023,77,31, , , , 
chiang mai,5/28/2023,83,30, , , , 
chiang mai,5/29/2023,78,25, , , , 
chiang mai,5/30/2023,68,22, , , , 
chiang mai,5/31/2023,60,23, , , , 
chiang mai,6/1/2023,62,25, , , , 
chiang mai,6/2/2023,68, , , , , 
chiang mai,6/3/2023,78, , , , , 
chiang mai,6/4/2023,68, , , , , 
chiang mai,6/5/2023,57, , , , , 
chiang mai,6/6/2023,55, , , , , 
chiang mai,6/7/2023,53, , , , , 
chiang mai,6/8/2023,52, , , , , 
chiang mai,6/9/2023,69, , , , , 
chiang mai,6/10/2023,64, , , , , 
chiang mai,6/11/2023,73, , , , , 
chiang mai,6/12/2023,61, , , , , 
chiang mai,6/13/2023,58, , , , , 
chiang mai,6/14/2023,62, , , , , 
chiang mai,6/15/2023,62, , , , , 
chiang mai,6/16/2023,67, , , , , 
chiang mai,6/17/2023,60, , , , , 
chiang mai,6/18/2023,53, , , , , 
chiang mai,6/19/2023,49, , , , , 
chiang mai,6/20/2023,50, , , , , 
chiang mai,6/21/2023,46, , , , , 
chiang mai,6/22/2023,48, , , , , 
chiang mai,6/23/2023,51, , , , , 
chiang mai,6/24/2023,51, , , , , 
chiang mai,6/25/2023,49, , , , , 
chiang mai,6/26/2023,52, , , , , 
chiang mai,6/27/2023,49, , , , , 
chiang mai,6/28/2023,56, , , , , 
chiang mai,6/29/2023,48, , , , , 
chiang mai,6/30/2023,53, , , , , 
chiang mai,1/2/2023,80,37, , , , 
chiang mai,1/3/2023,79,32, , , , 
chiang mai,1/4/2023,75,36, , , , 
chiang mai,1/5/2023,75,29, , , , 
chiang mai,1/6/2023,66,23, , , , 
chiang mai,1/7/2023,68,35, , , , 
chiang mai,1/8/2023,93,51, , , , 
chiang mai,1/9/2023,95,40, , , , 
chiang mai,1/10/2023,87,44, , , , 
chiang mai,1/11/2023,87,41, , , , 
chiang mai,1/12/2023,91,38, , , , 
chiang mai,1/13/2023,83,33, , , , 
chiang mai,1/14/2023,80,34, , , , 
chiang mai,1/15/2023,88,44, , , , 
chiang mai,1/16/2023,107,48, , , , 
chiang mai,1/17/2023,109,53, , , , 
chiang mai,1/18/2023,127,53, , , , 
chiang mai,1/19/2023,129,51, , , , 
chiang mai,1/20/2023,110,44, , , , 
chiang mai,1/21/2023,106,45, , , , 
chiang mai,1/22/2023,109,45, , , , 
chiang mai,1/23/2023,107,50, , , , 
chiang mai,1/24/2023,117,54, , , , 
chiang mai,1/25/2023,131,59, , , , 
chiang mai,1/26/2023,139,63, , , , 
chiang mai,1/27/2023,145,56, , , , 
chiang mai,1/28/2023,141,50, , , , 
chiang mai,1/29/2023,135,50, , , , 
chiang mai,1/30/2023,110,60, , , , 
chiang mai,1/31/2023,132,64, , , , 
chiang mai,2/1/2023,154,65, , , , 
chiang mai,2/2/2023,157,70, , , , 
chiang mai,2/3/2023,160,66, , , , 
chiang mai,2/4/2023,161,57, , , , 
chiang mai,2/5/2023,146,43, , , , 
chiang mai,2/6/2023,93,47, , , , 
chiang mai,2/7/2023,85,48, , , , 
chiang mai,2/8/2023,96,58, , , , 
chiang mai,2/9/2023,133,53, , , , 
chiang mai,2/10/2023,118,49, , , , 
chiang mai,2/11/2023,124,52, , , , 
chiang mai,2/12/2023,131,58, , , , 
chiang mai,2/13/2023,151,68, , , , 
chiang mai,2/14/2023,160,91, , ,1, 
chiang mai,2/15/2023,183,53, , , , 
chiang mai,2/16/2023,139,24, , , , 
chiang mai,2/17/2023,67,25, , , , 
chiang mai,2/18/2023,63,26, , , , 
chiang mai,2/19/2023,69,50, , , , 
chiang mai,2/20/2023,115,61, , , , 
chiang mai,2/21/2023,152,64, , ,1, 
chiang mai,2/22/2023,150,62, , ,1, 
chiang mai,2/23/2023,154,51, , ,1, 
chiang mai,2/24/2023,121,60, , ,1, 
chiang mai,2/25/2023,154,58, , ,1, 
chiang mai,2/26/2023,147,64, , ,1, 
chiang mai,2/27/2023,153,71, , ,1, 
chiang mai,2/28/2023,161,82, , ,1, 
chiang mai,3/1/2023,170,78, , ,1, 
chiang mai,3/2/2023,168,82, , ,1, 
chiang mai,3/3/2023,175,79, , ,1, 
chiang mai,3/4/2023,174,76, , ,1, 
chiang mai,3/5/2023,169,72, , ,1, 
chiang mai,3/6/2023,165,71, , ,1, 
chiang mai,3/7/2023,168,75, , ,1, 
chiang mai,3/8/2023,169,73, , ,1, 
chiang mai,3/9/2023,168,81, , ,1, 
chiang mai,3/10/2023,175,81, , , , 
chiang mai,3/11/2023,175,86, , , , 
chiang mai,3/12/2023,182,56, , , , 
chiang mai,3/13/2023,150,50, , , , 
chiang mai,3/14/2023,139,50, , , , 
chiang mai,3/15/2023,138,47, , , , 
chiang mai,3/16/2023,134,44, , , , 
chiang mai,3/17/2023,113,52, , , , 
chiang mai,3/18/2023,131,53, , , , 
chiang mai,3/19/2023,140,45, , , , 
chiang mai,3/20/2023,119,54, , , , 
chiang mai,3/21/2023,151,62, , , , 
chiang mai,3/22/2023,155,63, , , , 
chiang mai,3/23/2023,157,64, , , , 
chiang mai,3/24/2023,157,77, , , , 
chiang mai,3/25/2023,174,82, , , , 
chiang mai,3/26/2023,185,81, , , , 
chiang mai,3/27/2023,181,76, , , , 
chiang mai,3/28/2023,167,108, , , , 
chiang mai,3/29/2023,215,102, , , , 
chiang mai,3/30/2023,207,123, , , , 
chiang mai,3/31/2023,245,137, , , , 
chiang mai,10/1/2022,37,14, , , , 
chiang mai,10/2/2022,38,17, , , , 
chiang mai,10/3/2022,42,18, , , , 
chiang mai,10/4/2022,38,21, , , , 
chiang mai,10/5/2022,47,23, , , , 
chiang mai,10/6/2022,55,23, , , , 
chiang mai,10/7/2022,55,21, , , , 
chiang mai,10/8/2022,50,21, , , , 
chiang mai,10/9/2022,53,18, , , , 
chiang mai,10/10/2022,48,21, , , , 
chiang mai,10/11/2022,50,28, , , , 
chiang mai,10/12/2022,62,27, , , , 
chiang mai,10/13/2022,64,24, , , , 
chiang mai,10/14/2022,63,28, , , , 
chiang mai,10/15/2022,66,31, , , , 
chiang mai,10/16/2022,79,40, , , , 
chiang mai,10/17/2022,95,41, , , , 
chiang mai,10/18/2022,95,37, , , , 
chiang mai,10/19/2022,82,40, , , , 
chiang mai,10/20/2022,85,36, , , , 
chiang mai,10/21/2022,85,26, , , , 
chiang mai,10/22/2022,64,20, , , , 
chiang mai,10/23/2022,56,30, , , , 
chiang mai,10/24/2022,74,43, , , , 
chiang mai,10/25/2022,101,40, , , , 
chiang mai,10/26/2022,90,33, , , , 
chiang mai,10/27/2022,78,29, , , , 
chiang mai,10/28/2022,65,28, , , , 
chiang mai,10/29/2022,66,32, , , , 
chiang mai,10/30/2022,71,37, , , , 
chiang mai,10/31/2022,79,38, , , , 
chiang mai,11/1/2022,83,39, , , , 
chiang mai,11/2/2022,85,37, , , , 
chiang mai,11/3/2022,82,34, , , , 
chiang mai,11/4/2022,80,35, , , , 
chiang mai,11/5/2022,85,36, , , , 
chiang mai,11/6/2022,86,39, , , , 
chiang mai,11/7/2022,86,40, , , , 
chiang mai,11/8/2022,90,43, , , , 
chiang mai,11/9/2022,98,40, , , , 
chiang mai,11/10/2022,92,40, , , , 
chiang mai,11/11/2022,83,37, , , , 
chiang mai,11/12/2022,87,34, , , , 
chiang mai,11/13/2022,79,34, , , , 
chiang mai,11/14/2022,75,29, , , , 
chiang mai,11/15/2022,69,23, , , , 
chiang mai,11/16/2022,60,26, , , , 
chiang mai,11/17/2022,55,22, , , , 
chiang mai,11/18/2022,58,25, , , , 
chiang mai,11/19/2022,60,27, , , , 
chiang mai,11/20/2022,65,28, , , , 
chiang mai,11/21/2022,63,29, , , , 
chiang mai,11/22/2022,67,27, , , , 
chiang mai,11/23/2022,61,30, , , , 
chiang mai,11/24/2022,74,31, , , , 
chiang mai,11/25/2022,67,28, , , , 
chiang mai,11/26/2022,68,28, , , , 
chiang mai,11/27/2022,65,31, , , , 
chiang mai,11/28/2022,65,28, , ,1, 
chiang mai,11/29/2022,61,29, , , , 
chiang mai,11/30/2022,63,32, , , , 
chiang mai,12/1/2022,60,29, , , , 
chiang mai,12/2/2022,60,32, , , , 
chiang mai,12/3/2022,57,31, , , , 
chiang mai,12/4/2022,64,27, , , , 
chiang mai,12/5/2022,53,32, , , , 
chiang mai,12/6/2022,63,32, , , , 
chiang mai,12/7/2022,65,38, , , , 
chiang mai,12/8/2022,66,38, , , , 
chiang mai,12/9/2022,68,32, , , , 
chiang mai,12/10/2022,69,25, , , , 
chiang mai,12/11/2022,45,30, , , , 
chiang mai,12/12/2022,66,42, , , , 
chiang mai,12/13/2022,82,47, , , , 
chiang mai,12/14/2022,89,50, , , , 
chiang mai,12/15/2022,99,48, , , , 
chiang mai,12/16/2022,104,41, , , , 
chiang mai,12/17/2022,99,38, , , , 
chiang mai,12/18/2022,95,40, , , , 
chiang mai,12/19/2022,84,51, , , , 
chiang mai,12/20/2022,100,44, , , , 
chiang mai,12/21/2022,113,48, , , , 
chiang mai,12/22/2022,103,37, , , , 
chiang mai,12/23/2022,95,44, , , , 
chiang mai,12/24/2022,107,47, , , , 
chiang mai,12/25/2022,122,48, , , , 
chiang mai,12/26/2022,107,47, , , , 
chiang mai,12/27/2022,100,46, , , , 
chiang mai,12/28/2022,99,40, , , , 
chiang mai,12/29/2022,104,37, , , , 
chiang mai,12/30/2022,98,34, , , , 
chiang mai,12/31/2022,93,38, , , , 
chiang mai,1/1/2023,99,30, , , , 
chiang mai,7/1/2022,44,22, , , , 
chiang mai,7/2/2022,47,21, , , , 
chiang mai,7/3/2022,46,25, , , , 
chiang mai,7/4/2022,46,22, , , , 
chiang mai,7/5/2022,45,23, ,1, , 
chiang mai,7/6/2022,44,19, , , , 
chiang mai,7/7/2022,38,23, ,1, , 
chiang mai,7/8/2022,45,21, , , , 
chiang mai,7/9/2022,43,18, , , , 
chiang mai,7/10/2022,44,23, ,1, , 
chiang mai,7/11/2022,47,22, , , , 
chiang mai,7/12/2022,42,21, , , , 
chiang mai,7/13/2022,50,19, , , , 
chiang mai,7/14/2022,43,16, , , , 
chiang mai,7/15/2022,42,21, , , , 
chiang mai,7/16/2022,46,21, , , , 
chiang mai,7/17/2022,46,26, , , , 
chiang mai,7/18/2022,52,31, ,1, , 
chiang mai,7/19/2022,62,21, , , , 
chiang mai,7/20/2022,49,24, , , , 
chiang mai,7/21/2022,49,18, , , , 
chiang mai,7/22/2022,41,18, , , , 
chiang mai,7/23/2022,31,19, , , , 
chiang mai,7/24/2022,35,25, , , , 
chiang mai,7/25/2022,48,27, , , , 
chiang mai,7/26/2022,54,30, ,1, , 
chiang mai,7/27/2022,58,29, ,1, , 
chiang mai,7/28/2022,61,29, , , , 
chiang mai,7/29/2022,64,35, , , , 
chiang mai,7/30/2022,70,21, , , , 
chiang mai,7/31/2022,40,24, , , , 
chiang mai,8/1/2022,51,22, , , , 
chiang mai,8/2/2022,50,20, ,1, , 
chiang mai,8/3/2022,35,20, , , , 
chiang mai,8/4/2022,36,22, , , , 
chiang mai,8/5/2022,46,19, , , , 
chiang mai,8/6/2022,39,19, , , , 
chiang mai,8/7/2022,41,18, , , , 
chiang mai,8/8/2022,39,18, , , , 
chiang mai,8/9/2022,34,22, , , , 
chiang mai,8/10/2022,43,24, , , , 
chiang mai,8/11/2022,44,17, , , , 
chiang mai,8/12/2022,41,21, , , , 
chiang mai,8/13/2022,38,30, , , , 
chiang mai,8/14/2022,48,26, , , , 
chiang mai,8/15/2022,50,19, , , , 
chiang mai,8/16/2022,39,17, , , , 
chiang mai,8/17/2022,41,17, , , , 
chiang mai,8/18/2022,45,25, , , , 
chiang mai,8/19/2022,51,29, , , , 
chiang mai,8/20/2022,59,28, , , , 
chiang mai,8/21/2022,60,21, , , , 
chiang mai,8/22/2022,49,19, , ,1, 
chiang mai,8/23/2022,26,24, , , , 
chiang mai,8/24/2022,51,21, , , , 
chiang mai,8/25/2022,52,27, , , , 
chiang mai,8/26/2022,60,19, , , , 
chiang mai,8/27/2022,46,19, , , , 
chiang mai,8/28/2022,47,28, ,1, , 
chiang mai,8/29/2022,60,30, , , , 
chiang mai,8/30/2022,62,29, , , , 
chiang mai,8/31/2022,62,27, , , , 
chiang mai,9/1/2022,61,29, , , , 
chiang mai,9/2/2022,63,28, , , , 
chiang mai,9/3/2022,63,24, , , , 
chiang mai,9/4/2022,57,25, , , , 
chiang mai,9/5/2022,59,25, , , , 
chiang mai,9/6/2022,55,28, ,5, , 
chiang mai,9/7/2022,60,38, ,5, , 
chiang mai,9/8/2022,87,21, , , , 
chiang mai,9/9/2022,48,15, , , , 
chiang mai,9/10/2022,42,15, , , , 
chiang mai,9/11/2022,41,18, , , , 
chiang mai,9/12/2022,47,21, , , , 
chiang mai,9/13/2022,50,22, , , , 
chiang mai,9/14/2022,48,24, , , , 
chiang mai,9/15/2022,46,21, , , , 
chiang mai,9/16/2022,46,20, , , , 
chiang mai,9/17/2022,44,18, , , , 
chiang mai,9/18/2022,44,19, , , , 
chiang mai,9/19/2022,42,23, , , , 
chiang mai,9/20/2022,51,21, , , , 
chiang mai,9/21/2022,49,23, , , , 
chiang mai,9/22/2022,57,21, , , , 
chiang mai,9/23/2022,53,18, , , , 
chiang mai,9/24/2022,46,16, , , , 
chiang mai,9/25/2022,40,15, , , , 
chiang mai,9/26/2022,38,18, , , , 
chiang mai,9/27/2022,42,29, , , , 
chiang mai,9/28/2022,62,29, , , , 
chiang mai,9/29/2022,72,26, , , , 
chiang mai,9/30/2022,63,15, , , , 
chiang mai,4/1/2022,129,28,11,1, , 
chiang mai,4/2/2022,64,20,18,1, , 
chiang mai,4/3/2022,47,31,27,1, , 
chiang mai,4/4/2022,68,42,29,1, , 
chiang mai,4/5/2022,95,51,20,3, , 
chiang mai,4/6/2022,112,56,14,2, , 
chiang mai,4/7/2022,142,70,22,3, , 
chiang mai,4/8/2022,156,71,30,2, , 
chiang mai,4/9/2022,159,59,30,3,6, 
chiang mai,4/10/2022,133,59,28,5, , 
chiang mai,4/11/2022,131,61,28,3, , 
chiang mai,4/12/2022,139,67,35,2, , 
chiang mai,4/13/2022,152,75,27,2, , 
chiang mai,4/14/2022,160,63,27,2, , 
chiang mai,4/15/2022,143,67,28,1, , 
chiang mai,4/16/2022,149,62,28, , , 
chiang mai,4/17/2022,148,54,32,1, , 
chiang mai,4/18/2022,122,29,28, , , 
chiang mai,4/19/2022,65,36,21, , , 
chiang mai,4/20/2022,72,33,23, , , 
chiang mai,4/21/2022,70,48,28,1, , 
chiang mai,4/22/2022,90,51,24,4, , 
chiang mai,4/23/2022,100,54,24,3, , 
chiang mai,4/24/2022,108,54,37,1, , 
chiang mai,4/25/2022,113,59,28,1, , 
chiang mai,4/26/2022,128,56,28, , , 
chiang mai,4/27/2022,116,64,34,1, , 
chiang mai,4/28/2022,144,48,27, , , 
chiang mai,4/29/2022,102,46,31, , , 
chiang mai,4/30/2022,102,37,31, , , 
chiang mai,5/1/2022,82,34,25, , , 
chiang mai,5/2/2022,74,32,22, , , 
chiang mai,5/3/2022,67,40,28,2, , 
chiang mai,5/4/2022,80,44,30, ,5, 
chiang mai,5/5/2022,96,42,26,1, , 
chiang mai,5/6/2022,92,25,18,2, , 
chiang mai,5/7/2022,49,25,15, , , 
chiang mai,5/8/2022,47,24,17,1, , 
chiang mai,5/9/2022,45,23,14, , , 
chiang mai,5/10/2022,50,22,12, , , 
chiang mai,5/11/2022,39,27,13,2, , 
chiang mai,5/12/2022,47,39,15, , , 
chiang mai,5/13/2022,69,31,11, , , 
chiang mai,5/14/2022,62,36,15, , , 
chiang mai,5/15/2022,67,40,18, , , 
chiang mai,5/16/2022,70,25, , , , 
chiang mai,5/17/2022,59,22, ,1, , 
chiang mai,5/18/2022,50,27, , , , 
chiang mai,5/19/2022,50,23,1, , , 
chiang mai,5/20/2022,49,17,1,1, , 
chiang mai,5/21/2022,40,33,11, , , 
chiang mai,5/22/2022,63,40,11, , , 
chiang mai,5/23/2022,73,28,9, , , 
chiang mai,5/24/2022,56,34,17, , , 
chiang mai,5/25/2022,66,47,13,1, , 
chiang mai,5/26/2022,84,43,12,1, , 
chiang mai,5/27/2022,77,49,15, , , 
chiang mai,5/28/2022,85,47,14,1, , 
chiang mai,5/29/2022,84,47,14, , , 
chiang mai,5/30/2022,82,35,11, , , 
chiang mai,5/31/2022,71,28,8, , , 
chiang mai,6/1/2022,61,39,6, , , 
chiang mai,6/2/2022,70,37,7, , , 
chiang mai,6/3/2022,72,22,6, , , 
chiang mai,6/4/2022,52,20,4, , , 
chiang mai,6/5/2022,46,21,3, , , 
chiang mai,6/6/2022,48,20,3, , , 
chiang mai,6/7/2022,44,19,1, , , 
chiang mai,6/8/2022,41,23,1, , , 
chiang mai,6/9/2022,50,32,2, , , 
chiang mai,6/10/2022,61,30,1, , , 
chiang mai,6/11/2022,60,25,3, , , 
chiang mai,6/12/2022,55,29,4, , , 
chiang mai,6/13/2022,64,41,4, , , 
chiang mai,6/14/2022,77,34, , , , 
chiang mai,6/15/2022,72,28, , , , 
chiang mai,6/16/2022,62,24, , , , 
chiang mai,6/17/2022,51,26, , , , 
chiang mai,6/18/2022,48,25, , , , 
chiang mai,6/19/2022,54,25, , , , 
chiang mai,6/20/2022,50,24, ,1, , 
chiang mai,6/21/2022,44,22, , , , 
chiang mai,6/22/2022,49,24, , , , 
chiang mai,6/23/2022,51,21, , , , 
chiang mai,6/24/2022,49,26, ,3, , 
chiang mai,6/25/2022,53,19, , , , 
chiang mai,6/26/2022,45,21, , , , 
chiang mai,6/27/2022,46,21, , , , 
chiang mai,6/28/2022,41,23, , , , 
chiang mai,6/29/2022,44,20, , , , 
chiang mai,6/30/2022,48,20, ,1, , 
chiang mai,1/3/2022,74,36,25,3, , 
chiang mai,1/4/2022,73,35,23,3, , 
chiang mai,1/5/2022,71,35,23,3, , 
chiang mai,1/6/2022,67,38,23,2, , 
chiang mai,1/7/2022,73,39,24,2, , 
chiang mai,1/8/2022,81,36,22,2, , 
chiang mai,1/9/2022,69,37,23,3, , 
chiang mai,1/10/2022,72,35,21,3, , 
chiang mai,1/11/2022,69,45,27,3, , 
chiang mai,1/12/2022,85,51,25,3, , 
chiang mai,1/13/2022,97,50,27,4, , 
chiang mai,1/14/2022,98,50,30,1, , 
chiang mai,1/15/2022,100,32,16, , , 
chiang mai,1/16/2022,77,27,19,2,6, 
chiang mai,1/17/2022,62,36,22,1, , 
chiang mai,1/18/2022,75,40,23,2, , 
chiang mai,1/19/2022,86,32,23,1, , 
chiang mai,1/20/2022,70,31,19,3, , 
chiang mai,1/21/2022,72,29,17,2, , 
chiang mai,1/22/2022,65,32,21,2, , 
chiang mai,1/23/2022,69,38,21,2, , 
chiang mai,1/24/2022,75,35,21,3, , 
chiang mai,1/25/2022,70,36,21,3, , 
chiang mai,1/26/2022,72,38,22,4, , 
chiang mai,1/27/2022,73,37,23,4, , 
chiang mai,1/28/2022,74,32,19,2, , 
chiang mai,1/29/2022,68,40,23,2, , 
chiang mai,1/30/2022,77,45,25,3, , 
chiang mai,1/31/2022,82,47,22,4, , 
chiang mai,2/1/2022,86,42,20,3, , 
chiang mai,2/2/2022,76,39,23,3, , 
chiang mai,2/3/2022,75,41,24,2, , 
chiang mai,2/4/2022,87,36,19,1, , 
chiang mai,2/5/2022,83,40,18,1, , 
chiang mai,2/6/2022,70,30,16,2, , 
chiang mai,2/7/2022,64,31,24,3, , 
chiang mai,2/8/2022,62,36,23,3, , 
chiang mai,2/9/2022,70,35,25,3, , 
chiang mai,2/10/2022,70,40,28,3, , 
chiang mai,2/11/2022,84,42,29,4, , 
chiang mai,2/12/2022,90,45,28,3, , 
chiang mai,2/13/2022,95,51,30,2, , 
chiang mai,2/14/2022,102,49,27,1, , 
chiang mai,2/15/2022,113,39,25,1, , 
chiang mai,2/16/2022,86,45,20,2, , 
chiang mai,2/17/2022,92,41, ,1, , 
chiang mai,2/18/2022,82,29, ,1, , 
chiang mai,2/19/2022,66,36,2,1, , 
chiang mai,2/20/2022,68,42,10,1, , 
chiang mai,2/21/2022,85,47,5, , , 
chiang mai,2/22/2022,96,50,8,2, , 
chiang mai,2/23/2022,101,48,10,1, , 
chiang mai,2/24/2022,100,46,12,1, , 
chiang mai,2/25/2022,99,53,19,2, , 
chiang mai,2/26/2022,118,57,16,3, , 
chiang mai,2/27/2022,135,62,15,3, , 
chiang mai,2/28/2022,143,62,15,3, , 
chiang mai,3/1/2022,149,64,19,5, , 
chiang mai,3/2/2022,147,64,18,4, , 
chiang mai,3/3/2022,148,68,22,2, , 
chiang mai,3/4/2022,153,64,18,2, , 
chiang mai,3/5/2022,144,56,15,2, , 
chiang mai,3/6/2022,120,61,11,3, , 
chiang mai,3/7/2022,129,38,6,1, , 
chiang mai,3/8/2022,82,44,13, , , 
chiang mai,3/9/2022,84,52,11,1, , 
chiang mai,3/10/2022,109,53,11,2, , 
chiang mai,3/11/2022,115,51,10,2, , 
chiang mai,3/12/2022,114,54,10,2, , 
chiang mai,3/13/2022,116,56,10,1, , 
chiang mai,3/14/2022,127,48,9,2, , 
chiang mai,3/15/2022,103,56,13,3, , 
chiang mai,3/16/2022,119,60,12,2, , 
chiang mai,3/17/2022,137,61, ,1, , 
chiang mai,3/18/2022,151,57, ,3, , 
chiang mai,3/19/2022,131,51, ,2, , 
chiang mai,3/20/2022,113,38, ,1, , 
chiang mai,3/21/2022,79,30,9,1, , 
chiang mai,3/22/2022,66,24,10,1, , 
chiang mai,3/23/2022,53,34,12,2, , 
chiang mai,3/24/2022,74,50,23,2, , 
chiang mai,3/25/2022,98,55,28,1, , 
chiang mai,3/26/2022,114,62,29,2, , 
chiang mai,3/27/2022,137,64,28,1, , 
chiang mai,3/28/2022,143,61,22,1, , 
chiang mai,3/29/2022,133,59,28,1, , 
chiang mai,3/30/2022,136,64,32,3, , 
chiang mai,3/31/2022,144,55,27,3, , 
chiang mai,10/1/2021,57,26,13, , , 
chiang mai,10/2/2021,52,23,18, , , 
chiang mai,10/3/2021,51,26,16, , , 
chiang mai,10/4/2021,55,27,18, , , 
chiang mai,10/5/2021,59,27,15, , , 
chiang mai,10/6/2021,57,27,18, , , 
chiang mai,10/7/2021,60,31,24, , , 
chiang mai,10/8/2021,65,38,26, , , 
chiang mai,10/9/2021,74,34,18, , , 
chiang mai,10/10/2021,76,23,10, , , 
chiang mai,10/11/2021,55,19,8, , , 
chiang mai,10/12/2021,45,22,10, , , 
chiang mai,10/13/2021,47,27,11, , , 
chiang mai,10/14/2021,61,20,10, , , 
chiang mai,10/15/2021,49,15,7, , , 
chiang mai,10/16/2021,36,16,9, , , 
chiang mai,10/17/2021,40,23,12, , , 
chiang mai,10/18/2021,48,21, , , , 
chiang mai,10/19/2021,51,26, , , , 
chiang mai,10/20/2021,56,24, , , , 
chiang mai,10/21/2021,50,20, , , , 
chiang mai,10/22/2021,43,20,4, , , 
chiang mai,10/23/2021,36,19,7, , , 
chiang mai,10/24/2021,41,26,9, , , 
chiang mai,10/25/2021,54,30,11, , , 
chiang mai,10/26/2021,64,35,15, , , 
chiang mai,10/27/2021,73,24, , , , 
chiang mai,10/28/2021,54,27,4, , , 
chiang mai,10/29/2021,64,24,5, , , 
chiang mai,10/30/2021,56,24,9, , , 
chiang mai,10/31/2021,52,22,5, , , 
chiang mai,11/1/2021,47,20,9, , , 
chiang mai,11/2/2021,47,24,10, , , 
chiang mai,11/3/2021,55,30,4, , , 
chiang mai,11/4/2021,59,29,12, , , 
chiang mai,11/5/2021,61,30,12, , , 
chiang mai,11/6/2021,63,29,15, , , 
chiang mai,11/7/2021,64,35,12, , , 
chiang mai,11/8/2021,66,34,15, , , 
chiang mai,11/9/2021,74,32,18, , , 
chiang mai,11/10/2021,67,31,19, , , 
chiang mai,11/11/2021,67,31,19, , , 
chiang mai,11/12/2021,67,29,19, , , 
chiang mai,11/13/2021,65,34,20,2, , 
chiang mai,11/14/2021,69,37,4,1, , 
chiang mai,11/15/2021,71,35,20, , , 
chiang mai,11/16/2021,75,35,25, , , 
chiang mai,11/17/2021,75,36,23, , , 
chiang mai,11/18/2021,77,38,22, ,1, 
chiang mai,11/19/2021,84,35,18, , , 
chiang mai,11/20/2021,79,26,18, , , 
chiang mai,11/21/2021,60,33,22, , , 
chiang mai,11/22/2021,69,35,20,1, , 
chiang mai,11/23/2021,71,29,17,1, , 
chiang mai,11/24/2021,63,33,17,1, , 
chiang mai,11/25/2021,69,36,24,2, , 
chiang mai,11/26/2021,77,28,16, , , 
chiang mai,11/27/2021,69,23,12,1, , 
chiang mai,11/28/2021,57,32,11,2, , 
chiang mai,11/29/2021,69,27,15,1, , 
chiang mai,11/30/2021,67,33,14,2,8, 
chiang mai,12/1/2021,68,35,15,1, , 
chiang mai,12/2/2021,79,34,15,1, , 
chiang mai,12/3/2021,76,36,19,1, , 
chiang mai,12/4/2021,80,37,19,3, , 
chiang mai,12/5/2021,83,39,23,3, , 
chiang mai,12/6/2021,88,48,26,5, , 
chiang mai,12/7/2021,110,49,23,5, , 
chiang mai,12/8/2021,109,44,24,4, , 
chiang mai,12/9/2021,93,34,24,3, , 
chiang mai,12/10/2021,76,35,25,2, , 
chiang mai,12/11/2021,77,36,22, , , 
chiang mai,12/12/2021,80,41,22, , , 
chiang mai,12/13/2021,82,39,21, , , 
chiang mai,12/14/2021,78,41,22, , , 
chiang mai,12/15/2021,83,38,19, , , 
chiang mai,12/16/2021,78,34,18, , , 
chiang mai,12/17/2021,72,37,21, , , 
chiang mai,12/18/2021,80,39,16, , , 
chiang mai,12/19/2021,90,44,19,3, , 
chiang mai,12/20/2021,94,48,24,2, , 
chiang mai,12/21/2021,101,47,25,4, , 
chiang mai,12/22/2021,95,47,24,2, , 
chiang mai,12/23/2021,97,49,24,1, , 
chiang mai,12/24/2021,99,50,28,2, , 
chiang mai,12/25/2021,107,51,23,2, , 
chiang mai,12/26/2021,107,46,22,1, , 
chiang mai,12/27/2021,90,40,25,1, , 
chiang mai,12/28/2021,80,35,26,2, , 
chiang mai,12/29/2021,69,33,19,3, , 
chiang mai,12/30/2021,69,31,25,1, , 
chiang mai,12/31/2021,70,39,27,1, , 
chiang mai,1/1/2022,89,34,27,2, , 
chiang mai,1/2/2022,78,35,27,2, , 
chiang mai,7/1/2021,51,21,11,1,1, 
chiang mai,7/2/2021,48,23,16,1, , 
chiang mai,7/3/2021,50,22,18,1, , 
chiang mai,7/4/2021,52,24,16,2, , 
chiang mai,7/5/2021,52,22,7,1, , 
chiang mai,7/6/2021,50,18,12,2, , 
chiang mai,7/7/2021,46,23,16,2, , 
chiang mai,7/8/2021,53,20,14,2, , 
chiang mai,7/9/2021,48,26,14,1,1, 
chiang mai,7/10/2021,47,19,13, , , 
chiang mai,7/11/2021,42,19,13, , , 
chiang mai,7/12/2021,44,21,18, , , 
chiang mai,7/13/2021,43,20,24, , , 
chiang mai,7/14/2021,41,24,13, , , 
chiang mai,7/15/2021,52,20,15, , , 
chiang mai,7/16/2021,51,21,18, , , 
chiang mai,7/17/2021,50,21,15, , , 
chiang mai,7/18/2021,47,22,11, , , 
chiang mai,7/19/2021,48,18,8, , , 
chiang mai,7/20/2021,49,21,12, , , 
chiang mai,7/21/2021,46,19,11, , , 
chiang mai,7/22/2021,46,24,12, , , 
chiang mai,7/23/2021,50,24,10, , , 
chiang mai,7/24/2021,55,28,12, , , 
chiang mai,7/25/2021,63,26,11, , , 
chiang mai,7/26/2021,60,27,12, , , 
chiang mai,7/27/2021,59,25,10, , , 
chiang mai,7/28/2021,59,32,12, , , 
chiang mai,7/29/2021,64,33,16, , , 
chiang mai,7/30/2021,65,28,12, , , 
chiang mai,7/31/2021,61,30,8, , , 
chiang mai,8/1/2021,62,34,9, , , 
chiang mai,8/2/2021,66,29,12, , , 
chiang mai,8/3/2021,61,28,15, , , 
chiang mai,8/4/2021,58,26,12, , , 
chiang mai,8/5/2021,53,25,11, , , 
chiang mai,8/6/2021,55,30,14, , , 
chiang mai,8/7/2021,61,33,15, , , 
chiang mai,8/8/2021,61,33,17, , , 
chiang mai,8/9/2021,64,40,17, , , 
chiang mai,8/10/2021,74,30,8, , , 
chiang mai,8/11/2021,65,34,16, , , 
chiang mai,8/12/2021,63,28,11, , , 
chiang mai,8/13/2021,56,19,12, , , 
chiang mai,8/14/2021,49,20,12, , , 
chiang mai,8/15/2021,48,20,7, , , 
chiang mai,8/16/2021,45,22,11, , , 
chiang mai,8/17/2021,51,24,15, , , 
chiang mai,8/18/2021,57,26,10, , , 
chiang mai,8/19/2021,54,24,12, , , 
chiang mai,8/20/2021,51,26,16, , , 
chiang mai,8/21/2021,55,25,20, , , 
chiang mai,8/22/2021,51,27,20, , , 
chiang mai,8/23/2021,55,25,19, , , 
chiang mai,8/24/2021,53,19,19, , , 
chiang mai,8/25/2021,44,24,20, ,1, 
chiang mai,8/26/2021,51,22,18, , , 
chiang mai,8/27/2021,44,21,18, , , 
chiang mai,8/28/2021,50,20,17, , , 
chiang mai,8/29/2021,45,24,23, , , 
chiang mai,8/30/2021,50,24,20, , , 
chiang mai,8/31/2021,54,26,22, , , 
chiang mai,9/1/2021,60,27,20, , , 
chiang mai,9/2/2021,62,27,15, , , 
chiang mai,9/3/2021,62,20,14, , , 
chiang mai,9/4/2021,45,15,5, , , 
chiang mai,9/5/2021,39,23,11, , , 
chiang mai,9/6/2021,47,23,11, , , 
chiang mai,9/7/2021,45,21,17, , , 
chiang mai,9/8/2021,53,22,11, , , 
chiang mai,9/9/2021,53,17,8, , , 
chiang mai,9/10/2021,43,21,18, , , 
chiang mai,9/11/2021,46,21,16, , , 
chiang mai,9/12/2021,46,26,20, , , 
chiang mai,9/13/2021,52,23,12, , , 
chiang mai,9/14/2021,61,22,13, , , 
chiang mai,9/15/2021,55,20,9, , , 
chiang mai,9/16/2021,46,19,10, , , 
chiang mai,9/17/2021,45,22,13, , , 
chiang mai,9/18/2021,48,25,17, ,1, 
chiang mai,9/19/2021,54,24,12, , , 
chiang mai,9/20/2021,51,25,12, , , 
chiang mai,9/21/2021,53,19,11, , , 
chiang mai,9/22/2021,44,20,9, , , 
chiang mai,9/23/2021,45,22,11, , , 
chiang mai,9/24/2021,45,24,9, , , 
chiang mai,9/25/2021,51,14,7, ,1, 
chiang mai,9/26/2021,24,18,9, ,5, 
chiang mai,9/27/2021,44,22,12, ,2, 
chiang mai,9/28/2021,40,28,13, , , 
chiang mai,9/29/2021,55,29,21, , , 
chiang mai,9/30/2021,58,27,13, , , 
chiang mai,4/1/2021,169,102,41,5, , 
chiang mai,4/2/2021,183,98,36,5, , 
chiang mai,4/3/2021,179,74,17,3, , 
chiang mai,4/4/2021,167,70,16,3, , 
chiang mai,4/5/2021,162,24,17,1, , 
chiang mai,4/6/2021,62,30,21,1, , 
chiang mai,4/7/2021,64,34,24,3, , 
chiang mai,4/8/2021,68,46,28,3, , 
chiang mai,4/9/2021,89,40, ,1, , 
chiang mai,4/10/2021,83,29,2, , , 
chiang mai,4/11/2021,65,35,27,1, , 
chiang mai,4/12/2021,73,34,23,1, , 
chiang mai,4/13/2021,76,38,25,1, , 
chiang mai,4/14/2021,81,41,24,1, , 
chiang mai,4/15/2021,88,47,26,1, , 
chiang mai,4/16/2021,101,35,28, , , 
chiang mai,4/17/2021,79,21,18, , , 
chiang mai,4/18/2021,52,34,24,1, , 
chiang mai,4/19/2021,66,43,26,2, , 
chiang mai,4/20/2021,82,50,31,2, , 
chiang mai,4/21/2021,101,58,35,2, , 
chiang mai,4/22/2021,126,61,31,2, , 
chiang mai,4/23/2021,141,65,39,3, , 
chiang mai,4/24/2021,148,50,28,1, , 
chiang mai,4/25/2021,109,43,31,2, , 
chiang mai,4/26/2021,90,33,25,1, , 
chiang mai,4/27/2021,74,27,17,1, , 
chiang mai,4/28/2021,63,25,20,1, , 
chiang mai,4/29/2021,57,23,21,1, , 
chiang mai,4/30/2021,54,23,13,1, , 
chiang mai,5/1/2021,58,31,20,1, , 
chiang mai,5/2/2021,64,30,19,1, , 
chiang mai,5/3/2021,65,33,20,1, , 
chiang mai,5/4/2021,77,35,21,1, , 
chiang mai,5/5/2021,77,35,22,1, , 
chiang mai,5/6/2021,75,31,26,1, , 
chiang mai,5/7/2021,65,33,19,1, , 
chiang mai,5/8/2021,74,28,23, , , 
chiang mai,5/9/2021,66,32,21,1, , 
chiang mai,5/10/2021,73,29,23,1, , 
chiang mai,5/11/2021,61,28,18,1, , 
chiang mai,5/12/2021,66,28,20,2, , 
chiang mai,5/13/2021,62,32,22,2, , 
chiang mai,5/14/2021,69,38,27,1, , 
chiang mai,5/15/2021,84,40,23,1, , 
chiang mai,5/16/2021,84,47,28,2, , 
chiang mai,5/17/2021,97,41,22,2, , 
chiang mai,5/18/2021,88,39,25,1, , 
chiang mai,5/19/2021,81,40,24,1, , 
chiang mai,5/20/2021,78,34,7,1, , 
chiang mai,5/21/2021,76,34,23,1, , 
chiang mai,5/22/2021,75,24,20,1, , 
chiang mai,5/23/2021,54,20,19,1, , 
chiang mai,5/24/2021,45,24,17,1, , 
chiang mai,5/25/2021,57,29,21,1, , 
chiang mai,5/26/2021,67,34,32,1, , 
chiang mai,5/27/2021,74,31,20,1, , 
chiang mai,5/28/2021,73,27,21, , , 
chiang mai,5/29/2021,62,20,18, , , 
chiang mai,5/30/2021,51,21,17,1, , 
chiang mai,5/31/2021,51,28,22,1, , 
chiang mai,6/1/2021,57,39,22,1, , 
chiang mai,6/2/2021,76,45,26,2, , 
chiang mai,6/3/2021,85,40,19,1, , 
chiang mai,6/4/2021,85,23,24,2, , 
chiang mai,6/5/2021,57,29,18,1, , 
chiang mai,6/6/2021,64,27,22,1, , 
chiang mai,6/7/2021,63,28,18,1, , 
chiang mai,6/8/2021,62,19,10,1,1, 
chiang mai,6/9/2021,45,22,13, , , 
chiang mai,6/10/2021,43,22,16,1, , 
chiang mai,6/11/2021,49,22,15,1, , 
chiang mai,6/12/2021,50,25,16,1, , 
chiang mai,6/13/2021,59,22,8,4, , 
chiang mai,6/14/2021,54,20,11,1, , 
chiang mai,6/15/2021,48,21,12,1, , 
chiang mai,6/16/2021,45,22,13, , , 
chiang mai,6/17/2021,47,23,15,1, , 
chiang mai,6/18/2021,51,24,17,1, , 
chiang mai,6/19/2021,53,30,16,1, , 
chiang mai,6/20/2021,63,44,18,2, , 
chiang mai,6/21/2021,74,30,17,2, , 
chiang mai,6/22/2021,62,29,17,1, , 
chiang mai,6/23/2021,61,25,16,2, , 
chiang mai,6/24/2021,53,27,35,3, , 
chiang mai,6/25/2021,60,22,15,1, , 
chiang mai,6/26/2021,54,27,16,1, , 
chiang mai,6/27/2021,56,22,8,2, , 
chiang mai,6/28/2021,49,25,12,2, , 
chiang mai,6/29/2021,57,27,10,2, , 
chiang mai,6/30/2021,56,27,11,2, , 
chiang mai,1/4/2021,121,57,26,7, , 
chiang mai,1/5/2021,130,54,22,7, , 
chiang mai,1/6/2021,106,49,22,6, , 
chiang mai,1/7/2021,93,52,24,4, , 
chiang mai,1/8/2021,106,49,21,3, , 
chiang mai,1/9/2021,101,52,27,2, , 
chiang mai,1/10/2021,105,56,31,4, , 
chiang mai,1/11/2021,128,118,13,1, , 
chiang mai,1/12/2021,162,45,14,4, , 
chiang mai,1/13/2021,88,52,20,5, , 
chiang mai,1/14/2021,115,60,21,6, , 
chiang mai,1/15/2021,145,55,19,5, , 
chiang mai,1/16/2021,134,54,29,3, , 
chiang mai,1/17/2021,128,63,23,5, , 
chiang mai,1/18/2021,141,56,23,6, , 
chiang mai,1/19/2021,125,63,24,7, , 
chiang mai,1/20/2021,145,63,23,8, , 
chiang mai,1/21/2021,147,61,24,7, , 
chiang mai,1/22/2021,147,63,24,6, , 
chiang mai,1/23/2021,149,64,22,6, , 
chiang mai,1/24/2021,146,61,22,7, , 
chiang mai,1/25/2021,138,60,24,7, , 
chiang mai,1/26/2021,133,65,26,7, , 
chiang mai,1/27/2021,144,62,25,6, , 
chiang mai,1/28/2021,132,67,25,4, , 
chiang mai,1/29/2021,150,55,24,3, , 
chiang mai,1/30/2021,132,48,22,4, , 
chiang mai,1/31/2021,111,52,19,7, , 
chiang mai,2/1/2021,122,45,19,7, , 
chiang mai,2/2/2021,96,41,19,7, , 
chiang mai,2/3/2021,85,53,24,7, , 
chiang mai,2/4/2021,114,64,26,8, , 
chiang mai,2/5/2021,148,103,28,7, , 
chiang mai,2/6/2021,185,70,27,4, , 
chiang mai,2/7/2021,157,53,17,2, , 
chiang mai,2/8/2021,133,26,14,2, , 
chiang mai,2/9/2021,63,30,16,3, , 
chiang mai,2/10/2021,66,38,23,5, , 
chiang mai,2/11/2021,74,46,25,6, , 
chiang mai,2/12/2021,95,54,23,7, , 
chiang mai,2/13/2021,116,53,24,6, , 
chiang mai,2/14/2021,123,62,25,6, , 
chiang mai,2/15/2021,138,62,23,6, , 
chiang mai,2/16/2021,137,62,30,3, , 
chiang mai,2/17/2021,132,68,27,6, , 
chiang mai,2/18/2021,152,59,27,5, , 
chiang mai,2/19/2021,130,53,26,4, , 
chiang mai,2/20/2021,114,54,26,4, , 
chiang mai,2/21/2021,120,54,21,4, , 
chiang mai,2/22/2021,108,59,22,6, , 
chiang mai,2/23/2021,133,70,28,5,1, 
chiang mai,2/24/2021,154,68,29,7, , 
chiang mai,2/25/2021,135,60,34,8, , 
chiang mai,2/26/2021,138,75,32,7, , 
chiang mai,2/27/2021,160,81,31,6, , 
chiang mai,2/28/2021,163,82,27,8, , 
chiang mai,3/1/2021,158,81,28,10, , 
chiang mai,3/2/2021,158,88,28,14, , 
chiang mai,3/3/2021,174,75,26,8, , 
chiang mai,3/4/2021,157,66,29,9, , 
chiang mai,3/5/2021,142,80,35,8, , 
chiang mai,3/6/2021,170,96,39,9, , 
chiang mai,3/7/2021,192,93,32,12, , 
chiang mai,3/8/2021,183,100,29,11, , 
chiang mai,3/9/2021,180,103,26,13, , 
chiang mai,3/10/2021,183,108,25,12, , 
chiang mai,3/11/2021,192,88,26,11, , 
chiang mai,3/12/2021,176,92,31,7, , 
chiang mai,3/13/2021,179,84,30,5, , 
chiang mai,3/14/2021,172,82,30,9, , 
chiang mai,3/15/2021,161,72,34,10, , 
chiang mai,3/16/2021,156,73,33,10, , 
chiang mai,3/17/2021,157,75,37,10, , 
chiang mai,3/18/2021,162,74,31,11, , 
chiang mai,3/19/2021,160,74,36,10, , 
chiang mai,3/20/2021,158,67,30,8, , 
chiang mai,3/21/2021,147,69,27,5, , 
chiang mai,3/22/2021,144,54,25,2, , 
chiang mai,3/23/2021,112,56,30,3, , 
chiang mai,3/24/2021,124,68,33,2, , 
chiang mai,3/25/2021,147,65,29,3, , 
chiang mai,3/26/2021,147,69,36,4, , 
chiang mai,3/27/2021,151,70,30,1, , 
chiang mai,3/28/2021,158,73,35,2, , 
chiang mai,3/29/2021,159,93,30,3, , 
chiang mai,3/30/2021,170,96,36,6, , 
chiang mai,3/31/2021,172,93,38,8, , 
chiang mai,12/18/2020,86,40,19,5, , 
chiang mai,12/19/2020,83,33,20,5, , 
chiang mai,12/20/2020,71,31,14,3, , 
chiang mai,12/21/2020,59,35,10,1, , 
chiang mai,12/22/2020,71,42,11,4, , 
chiang mai,12/23/2020,78,48,12,5, , 
chiang mai,12/24/2020,88,58,15,7, , 
chiang mai,12/25/2020,93,46,18,8, , 
chiang mai,12/26/2020,97,43,21,7, , 
chiang mai,12/27/2020,87,50,21,6, , 
chiang mai,12/28/2020,74,41,15,5, , 
chiang mai,12/29/2020,67,48,17,6, , 
chiang mai,12/30/2020,81,43,17,7, , 
chiang mai,12/31/2020,84,44,22,3, , 
chiang mai,1/1/2021,94,43,15,4, , 
chiang mai,1/2/2021,90,48,16,4, , 
chiang mai,1/3/2021,108,54,22,6, , 
chiang mai,7/1/2020,47,22,10,2, , 
chiang mai,7/2/2020,47,44,11,1, , 
chiang mai,7/3/2020,46,27,9,1, , 
chiang mai,7/4/2020,47,20,11,1, , 
chiang mai,7/5/2020,46,21,18,1, , 
chiang mai,7/6/2020,48,27,15,2, , 
chiang mai,7/7/2020,61,20,14,2, , 
chiang mai,7/8/2020,46,22,12,2, , 
chiang mai,7/9/2020,48,25,14,3, , 
chiang mai,7/10/2020,54,23,12,2, , 
chiang mai,7/11/2020,54,22,12,2, , 
chiang mai,7/12/2020,54,21,11,3, , 
chiang mai,7/13/2020,52,21,10,2, , 
chiang mai,7/14/2020,43,24,14,2, , 
chiang mai,7/15/2020,48,23,13,2, , 
chiang mai,7/16/2020,51,20,10,1, , 
chiang mai,7/17/2020,48,21,11,2,1, 
chiang mai,7/18/2020,48,24,9,2, , 
chiang mai,7/19/2020,52,66,17,3, , 
chiang mai,7/20/2020,86,23,6,2, , 
chiang mai,7/21/2020,60,24,13,2, , 
chiang mai,7/22/2020,52,22,13,1, , 
chiang mai,7/23/2020,47,27,22,4, , 
chiang mai,7/24/2020,52,28,23,2, , 
chiang mai,7/25/2020,56,31,19,2, , 
chiang mai,7/26/2020,68,29,17,2, , 
chiang mai,7/27/2020,63,18,11,1, , 
chiang mai,7/28/2020,44,25,8,3, , 
chiang mai,7/29/2020,51,27,12,3, , 
chiang mai,7/30/2020,52,26,13,3, , 
chiang mai,7/31/2020,55,24,13,2, , 
chiang mai,8/1/2020,56,27,3,4, , 
chiang mai,8/2/2020,62,18,3,3, , 
chiang mai,8/3/2020,50,17,5,3, , 
chiang mai,8/4/2020,46,19,7,2, , 
chiang mai,8/5/2020,42,29,13,3, , 
chiang mai,8/6/2020,56,30,13,2,8, 
chiang mai,8/7/2020,60,21,11, ,1, 
chiang mai,8/8/2020,47,23,13,1,1, 
chiang mai,8/9/2020,50,31,12,3, , 
chiang mai,8/10/2020,59,26,11,1, , 
chiang mai,8/11/2020,57,26,13,1, , 
chiang mai,8/12/2020,52,63,10,2, , 
chiang mai,8/13/2020,89,42,7,2, , 
chiang mai,8/14/2020,71,24,5,2, , 
chiang mai,8/15/2020,54,27,11,1, , 
chiang mai,8/16/2020,60,33,9,3,12, 
chiang mai,8/17/2020,63,30,6,2, , 
chiang mai,8/18/2020,62,33,11,2, , 
chiang mai,8/19/2020,68,31,8,2, , 
chiang mai,8/20/2020,62,26,6,3, , 
chiang mai,8/21/2020,57,20,5,1, , 
chiang mai,8/22/2020,45,17,6,1, , 
chiang mai,8/23/2020,43,26,5,1, , 
chiang mai,8/24/2020,56,35,11,2, , 
chiang mai,8/25/2020,69,28,13,2, , 
chiang mai,8/26/2020,63,25,6,2, , 
chiang mai,8/27/2020,52,29,14,2, , 
chiang mai,8/28/2020,63,25,12, , , 
chiang mai,8/29/2020,59,25,16,2, , 
chiang mai,8/30/2020,58,34,15,3, , 
chiang mai,8/31/2020,68,30,8,4, , 
chiang mai,9/1/2020,66,35, ,2, , 
chiang mai,9/2/2020,69,38,13,3, , 
chiang mai,9/3/2020,77,37,15,3, , 
chiang mai,9/4/2020,85,34,16,2, , 
chiang mai,9/5/2020,77,30,16,2, , 
chiang mai,9/6/2020,65,28,10,2, , 
chiang mai,9/7/2020,63,27,9,2, , 
chiang mai,9/8/2020,60,18,11,1, , 
chiang mai,9/9/2020,46,37,12,2, , 
chiang mai,9/10/2020,86,62, ,1, , 
chiang mai,9/11/2020,74,20,12,1,4, 
chiang mai,9/12/2020,43,24,12,1, , 
chiang mai,9/13/2020,57,32,12,1, , 
chiang mai,9/14/2020,66,23,10,1, , 
chiang mai,9/15/2020,55,28,13,2, , 
chiang mai,9/16/2020,56,26,14,1, , 
chiang mai,9/17/2020,88,26,6,2, , 
chiang mai,9/18/2020,47,21,7,1, , 
chiang mai,9/19/2020,54,14,6,1, , 
chiang mai,9/20/2020,39,19,7,2, , 
chiang mai,9/21/2020,46,23,10,2, , 
chiang mai,9/22/2020,54,24,9,1, , 
chiang mai,9/23/2020,45, , , , , 
chiang mai,9/25/2020,48, , , , , 
chiang mai,4/1/2020,169,88,32,6, , 
chiang mai,4/2/2020,175,88,31,6, , 
chiang mai,4/3/2020,173,104,32,7, , 
chiang mai,4/4/2020,200,115,30,6, , 
chiang mai,4/5/2020,213,105,31,5, , 
chiang mai,4/6/2020,191,83,26,5, , 
chiang mai,4/7/2020,164,89,34,7, , 
chiang mai,4/8/2020,171,81,26,7, , 
chiang mai,4/9/2020,157,70,26,5, , 
chiang mai,4/10/2020,156,80,33,7, , 
chiang mai,4/11/2020,165,83,32,5, , 
chiang mai,4/12/2020,169,71,27,5, , 
chiang mai,4/13/2020,152,53,29, ,1, 
chiang mai,4/14/2020,118,63,26, ,1, 
chiang mai,4/15/2020,135,61,30,7, , 
chiang mai,4/16/2020,135,63,29,6,1, 
chiang mai,4/17/2020,140,68,28,4, , 
chiang mai,4/18/2020,151,69,29,4, , 
chiang mai,4/19/2020,152,70,33,5, , 
chiang mai,4/20/2020,154,71,36,4, , 
chiang mai,4/21/2020,156,66,29,4,1, 
chiang mai,4/22/2020,144,61,27,3, , 
chiang mai,4/23/2020,133,59,21,2, , 
chiang mai,4/24/2020,125,50,21,2, , 
chiang mai,4/25/2020,111,36,21,1, , 
chiang mai,4/26/2020,71,22,16,2, , 
chiang mai,4/27/2020,56,24,19,2, , 
chiang mai,4/28/2020,54,22,14,2, , 
chiang mai,4/29/2020,57,28,20,2, , 
chiang mai,4/30/2020,65,32,14,1, , 
chiang mai,5/1/2020,70,26,21, , , 
chiang mai,5/2/2020,63,24,16,1, , 
chiang mai,5/3/2020,56,31,18,1, , 
chiang mai,5/4/2020,70,37,18,3, , 
chiang mai,5/5/2020,74,45,26,1, , 
chiang mai,5/6/2020,97,48,30,2, , 
chiang mai,5/7/2020,98,41,25,3, , 
chiang mai,5/8/2020,84,44,22,1, , 
chiang mai,5/9/2020,92,36,23,1, , 
chiang mai,5/10/2020,80,41,26,2, , 
chiang mai,5/11/2020,69,32,24,1, , 
chiang mai,5/12/2020,66,39,27,3,6, 
chiang mai,5/13/2020,77,34,25,3, , 
chiang mai,5/14/2020,71,35,27,3, , 
chiang mai,5/15/2020,77,37,29,2, , 
chiang mai,5/16/2020,76,46,25,3, , 
chiang mai,5/17/2020,97,44,24,2, , 
chiang mai,5/18/2020,93,32,13,2, , 
chiang mai,5/19/2020,68,34,15,1, , 
chiang mai,5/20/2020,67,34,16,1, , 
chiang mai,5/21/2020,73,53,27,3, , 
chiang mai,5/22/2020,99,61,27,3, , 
chiang mai,5/23/2020,124,66,25,2, , 
chiang mai,5/24/2020,127,65,25,3, , 
chiang mai,5/25/2020,120,59,25,3, , 
chiang mai,5/26/2020,107,50,20,3, , 
chiang mai,5/27/2020,87,36,17,3, , 
chiang mai,5/28/2020,66,27,21,3, , 
chiang mai,5/29/2020,57,25,17,1, , 
chiang mai,5/30/2020,53,24,18,2,1, 
chiang mai,5/31/2020,57,33,16,4, , 
chiang mai,6/1/2020,64,31,18,2, , 
chiang mai,6/2/2020,64,33,22,2, , 
chiang mai,6/3/2020,65,32,18,2, , 
chiang mai,6/4/2020,66,27,16,3, , 
chiang mai,6/5/2020,60,29,17,2, , 
chiang mai,6/6/2020,59,22,12,1, , 
chiang mai,6/7/2020,49,20,11,1, , 
chiang mai,6/8/2020,47,18,14,1, , 
chiang mai,6/9/2020,46,20,14,2, , 
chiang mai,6/10/2020,44,27,16,3, , 
chiang mai,6/11/2020,51,24,18,3, , 
chiang mai,6/12/2020,54,21,10,1, , 
chiang mai,6/13/2020,50,21,10,2, , 
chiang mai,6/14/2020,48,59,19,5,26, 
chiang mai,6/15/2020,86,22,13,2, , 
chiang mai,6/16/2020,48,21,8,2, , 
chiang mai,6/17/2020,49,21,7,3, , 
chiang mai,6/18/2020,47,26,10,3, , 
chiang mai,6/19/2020,49,24,14,1, , 
chiang mai,6/20/2020,48,22,13,1, , 
chiang mai,6/21/2020,50,24,19,2, , 
chiang mai,6/22/2020,51,22,10,2, , 
chiang mai,6/23/2020,40,25,12,3, , 
chiang mai,6/24/2020,51,24,10,2, , 
chiang mai,6/25/2020,49,23,8,2, , 
chiang mai,6/26/2020,49,18,10,1, , 
chiang mai,6/27/2020,49,20,12,1, , 
chiang mai,6/28/2020,44,23,15,3, , 
chiang mai,6/29/2020,50,23,12,2, , 
chiang mai,6/30/2020,52,21,7,3, , 
chiang mai,1/1/2020,94,33,16,8, , 
chiang mai,1/2/2020,74,39,20,9, , 
chiang mai,1/3/2020,81,46,22,11, , 
chiang mai,1/4/2020,104,64,23,11, , 
chiang mai,1/5/2020,149,52,19,11, , 
chiang mai,1/6/2020,113,46,17,10, , 
chiang mai,1/7/2020,92,62,27,11, , 
chiang mai,1/8/2020,136,65,26,12, , 
chiang mai,1/9/2020,152,65,22,15, , 
chiang mai,1/10/2020,131,53,16,11, , 
chiang mai,1/11/2020,106,56,20,13, , 
chiang mai,1/12/2020,110,81,24,16, , 
chiang mai,1/13/2020,170,59,22,14, , 
chiang mai,1/14/2020,134,52,22,14, , 
chiang mai,1/15/2020,104,45,19,11, , 
chiang mai,1/16/2020,95,50,18,13, , 
chiang mai,1/17/2020,112,58,23,16, , 
chiang mai,1/18/2020,141,57,23,12, , 
chiang mai,1/19/2020,118,68,23,15, , 
chiang mai,1/20/2020,134,76,25,15, , 
chiang mai,1/21/2020,145,73,22,13, , 
chiang mai,1/22/2020,110,56,21,15, , 
chiang mai,1/23/2020,91,59,19,15, , 
chiang mai,1/24/2020,103,55,24,12, , 
chiang mai,1/25/2020,105,65,25,15, , 
chiang mai,1/26/2020,125,65,27,17, , 
chiang mai,1/27/2020,122,67,25,18, , 
chiang mai,1/28/2020,138,63,23,15, , 
chiang mai,1/29/2020,127,70,25,16, , 
chiang mai,1/30/2020,141,75,24,17, , 
chiang mai,1/31/2020,158,67,24,15, , 
chiang mai,2/1/2020,143,58,21,10, , 
chiang mai,2/2/2020,115,62,21,14, , 
chiang mai,2/3/2020,105,67,24,15, , 
chiang mai,2/4/2020,121,61,21,14, , 
chiang mai,2/5/2020,111,63,25,16, , 
chiang mai,2/6/2020,122,74,23,15, , 
chiang mai,2/7/2020,121,61,27,16, , 
chiang mai,2/8/2020,132,73,30,12, , 
chiang mai,2/9/2020,155,66,26,13, , 
chiang mai,2/10/2020,142,64,26,13, , 
chiang mai,2/11/2020,129,61,22,12, , 
chiang mai,2/12/2020,119,58,19,12, , 
chiang mai,2/13/2020,112,59,18,10, , 
chiang mai,2/14/2020,102,65,31,13, , 
chiang mai,2/15/2020,134,84,33,15, , 
chiang mai,2/16/2020,165,100,36,23,1, 
chiang mai,2/17/2020,166,86,29,12, , 
chiang mai,2/18/2020,163,75,24,12, , 
chiang mai,2/19/2020,143,70,23,18, , 
chiang mai,2/20/2020,143,77,32,17, , 
chiang mai,2/21/2020,160,64,25,13, , 
chiang mai,2/22/2020,147,66,29,13, , 
chiang mai,2/23/2020,145,71,26,15, , 
chiang mai,2/24/2020,149,80,28,15, , 
chiang mai,2/25/2020,160,78,31,18, , 
chiang mai,2/26/2020,160,80,27,17, , 
chiang mai,2/27/2020,159,88,30,14, , 
chiang mai,2/28/2020,173,86,30,16, , 
chiang mai,2/29/2020,174,71,34,13, , 
chiang mai,3/1/2020,156,73,28,13, , 
chiang mai,3/2/2020,157,64,13,9, , 
chiang mai,3/3/2020,146,66,26,14, , 
chiang mai,3/4/2020,142,60,21,11, , 
chiang mai,3/5/2020,128,58,26,11, , 
chiang mai,3/6/2020,123,58,25,12, , 
chiang mai,3/7/2020,126,65,30,10, , 
chiang mai,3/8/2020,151,71,26,13, , 
chiang mai,3/9/2020,150,81,34,15, , 
chiang mai,3/10/2020,166,73,24,12, , 
chiang mai,3/11/2020,146,77,35,14,1, 
chiang mai,3/12/2020,152,115,37,20, , 
chiang mai,3/13/2020,192,131,39,21, , 
chiang mai,3/14/2020,234,119,34,10, , 
chiang mai,3/15/2020,221,70,29,12,1, 
chiang mai,3/16/2020,157,73,29,14, , 
chiang mai,3/17/2020,160,92,28,13, , 
chiang mai,3/18/2020,176,140,32,16, , 
chiang mai,3/19/2020,242,126,24,12, , 
chiang mai,3/20/2020,229,92,25,7, , 
chiang mai,3/21/2020,176,86,8,9, , 
chiang mai,3/22/2020,170,91,20,7, , 
chiang mai,3/23/2020,178,83,27,7, , 
chiang mai,3/24/2020,163,91,31,8, , 
chiang mai,3/25/2020,179,87,28,6, , 
chiang mai,3/26/2020,171,89,27,6, , 
chiang mai,3/27/2020,229,107,32,7, , 
chiang mai,3/28/2020,189,119,36,8,1, 
chiang mai,3/29/2020,208, , , , , 
chiang mai,10/1/2019,77,32,23,5, , 
chiang mai,10/2/2019,58,33,18,4, , 
chiang mai,10/3/2019,62,35,20,5, , 
chiang mai,10/4/2019,62,31,26,5, , 
chiang mai,10/5/2019,65,31,22,3, , 
chiang mai,10/6/2019,64,34,21,6, , 
chiang mai,10/7/2019,62,36,20,6, , 
chiang mai,10/8/2019,70,37,22,6, , 
chiang mai,10/9/2019,70,38,26,5, , 
chiang mai,10/10/2019,77,26,22,5, , 
chiang mai,10/11/2019,54,30,24,6, , 
chiang mai,10/12/2019,57,28,17,5, , 
chiang mai,10/13/2019,59,27,9,5, , 
chiang mai,10/14/2019,56,32,15,5, , 
chiang mai,10/15/2019,59,30,18,5, , 
chiang mai,10/16/2019,57,33,18,5, , 
chiang mai,10/17/2019,60,31,20,5, , 
chiang mai,10/18/2019,58,39,25,6, , 
chiang mai,10/19/2019,66,38,32,6, , 
chiang mai,10/20/2019,74,45,26,7, , 
chiang mai,10/21/2019,76,47,27,7, , 
chiang mai,10/22/2019,82,40,21,7, , 
chiang mai,10/23/2019,74,47,24,7, , 
chiang mai,10/24/2019,76,43,22,7, , 
chiang mai,10/25/2019,77,44,30,8, , 
chiang mai,10/26/2019,78,35,26,6, , 
chiang mai,10/27/2019,66,42,24,7, , 
chiang mai,10/28/2019,68,40,20,5,1, 
chiang mai,10/29/2019,64,35,16,5,1, 
chiang mai,10/30/2019,53,33,17,7, , 
chiang mai,10/31/2019,60,41,18,7, , 
chiang mai,11/1/2019,60,35,15,5, , 
chiang mai,11/2/2019,63,34,18,6, , 
chiang mai,11/3/2019,64,41,18,7, , 
chiang mai,11/4/2019,67,48,22,8, , 
chiang mai,11/5/2019,79,46,21,7, , 
chiang mai,11/6/2019,82,39,21,5, , 
chiang mai,11/7/2019,74,34,16,5, , 
chiang mai,11/8/2019,74,46,25,7, , 
chiang mai,11/9/2019,93,55,31,8, , 
chiang mai,11/10/2019,115,56,24,9, , 
chiang mai,11/11/2019,113,53,20,12, , 
chiang mai,11/12/2019,110,47,13,8, , 
chiang mai,11/13/2019,96,36,13,7, , 
chiang mai,11/14/2019,70,37,24,9, , 
chiang mai,11/15/2019,64,39,32,9, , 
chiang mai,11/16/2019,74,36,24,8, , 
chiang mai,11/17/2019,76,37,15,8, , 
chiang mai,11/18/2019,67,43,21,9, , 
chiang mai,11/19/2019,77,46,23,10, , 
chiang mai,11/20/2019,82,47,22,9, , 
chiang mai,11/21/2019,78,48,30,11, , 
chiang mai,11/22/2019,86,49,32,12, , 
chiang mai,11/23/2019,102,47,26,10, , 
chiang mai,11/24/2019,94,47,24,11, , 
chiang mai,11/25/2019,89,45,23,8, , 
chiang mai,11/26/2019,85,42,18,8, , 
chiang mai,11/27/2019,86,41,17,8, , 
chiang mai,11/28/2019,81,45,19,9, , 
chiang mai,11/29/2019,84,41,29,9, , 
chiang mai,11/30/2019,88,42,25,9, , 
chiang mai,12/1/2019,84,48,23,12, , 
chiang mai,12/2/2019,91,48,27,9, , 
chiang mai,12/3/2019,91,53,25,12, , 
chiang mai,12/4/2019,99,41,17,9, , 
chiang mai,12/5/2019,88,45,19,8, , 
chiang mai,12/6/2019,85,43,20,9, , 
chiang mai,12/7/2019,87,45,22,10, , 
chiang mai,12/8/2019,95,51,20,11, , 
chiang mai,12/9/2019,96,50,25,12, , 
chiang mai,12/10/2019,106,54,22,14, , 
chiang mai,12/11/2019,112,57,26,15, , 
chiang mai,12/12/2019,122,56,26,14, , 
chiang mai,12/13/2019,126,54,25,13, , 
chiang mai,12/14/2019,122,52,26,10, , 
chiang mai,12/15/2019,115,59,24,14, , 
chiang mai,12/16/2019,115,56,27,11, , 
chiang mai,12/17/2019,116,52,22,11, , 
chiang mai,12/18/2019,99,52,21,10, , 
chiang mai,12/19/2019,93,57,17,11, , 
chiang mai,12/20/2019,110,47,20,9, , 
chiang mai,12/21/2019,97,44,20,11, , 
chiang mai,12/22/2019,90,52,17,12, , 
chiang mai,12/23/2019,85,57,16,14, , 
chiang mai,12/24/2019,97,61,24,16, , 
chiang mai,12/25/2019,121,55,20,15, , 
chiang mai,12/26/2019,112,64,22,17, , 
chiang mai,12/27/2019,133,69,18,12, , 
chiang mai,12/28/2019,159,87,16,7, , 
chiang mai,12/29/2019,128, , , , , 
chiang mai,7/1/2019,57,42,10,6, , 
chiang mai,7/2/2019,74,39,13,5, , 
chiang mai,7/3/2019,68,42,11,6, , 
chiang mai,7/4/2019,68,26,11,4, , 
chiang mai,7/5/2019,46,23,13,2, , 
chiang mai,7/6/2019,50,25,12,2, , 
chiang mai,7/7/2019,53,33,8,4, , 
chiang mai,7/8/2019,58,35,12,4, , 
chiang mai,7/9/2019,58,37,10,4, , 
chiang mai,7/10/2019,60,38,12,3, , 
chiang mai,7/11/2019,60,40,15,4, , 
chiang mai,7/12/2019,59,28,13,2, , 
chiang mai,7/13/2019,57,24,12,2, , 
chiang mai,7/14/2019,49,28,19,3, , 
chiang mai,7/15/2019,52,24,17,2, , 
chiang mai,7/16/2019,56,32,19,3, , 
chiang mai,7/17/2019,52,37,17,3, , 
chiang mai,7/18/2019,56,26,23,3, , 
chiang mai,7/19/2019,56,30,26,3, , 
chiang mai,7/20/2019,56,23,15,2, , 
chiang mai,7/21/2019,48,28,12,3, , 
chiang mai,7/22/2019,46,25,9,4, , 
chiang mai,7/23/2019,48,24,4,3, , 
chiang mai,7/24/2019,50,31,14,2,1, 
chiang mai,7/25/2019,51,30,9,3,1, 
chiang mai,7/26/2019,52,28,3,3,1, 
chiang mai,7/27/2019,59,31,20,3,1, 
chiang mai,7/28/2019,54,28,15,4, , 
chiang mai,7/29/2019,52,29,14,6,1, 
chiang mai,7/30/2019,54,32,17,6,1, 
chiang mai,7/31/2019,61,26,8,4,1, 
chiang mai,8/1/2019,50,33,8,5, , 
chiang mai,8/2/2019,53,28,11,3, , 
chiang mai,8/3/2019,49,26,5,3,1, 
chiang mai,8/4/2019,59,56,3,4, , 
chiang mai,8/5/2019,42,24,7,4, , 
chiang mai,8/6/2019,48,25,10,4, , 
chiang mai,8/7/2019,53,30,14,5, , 
chiang mai,8/8/2019,53,31,7,5, , 
chiang mai,8/9/2019,61,28,6,5, , 
chiang mai,8/10/2019,57,25,9,3, , 
chiang mai,8/11/2019,49,27,10,2, , 
chiang mai,8/12/2019,58,33,12,4, , 
chiang mai,8/13/2019,64,37,7,5, , 
chiang mai,8/14/2019,67,39,14,5, , 
chiang mai,8/15/2019,67,31,7,5, , 
chiang mai,8/16/2019,59,33,5,4, , 
chiang mai,8/17/2019,66,34,11,3, , 
chiang mai,8/18/2019,61,31,14,4, , 
chiang mai,8/19/2019,53,29,12,4, , 
chiang mai,8/20/2019,54,29,10,5, , 
chiang mai,8/21/2019,53,25,7,5, , 
chiang mai,8/22/2019,47,23,12,5,37, 
chiang mai,8/23/2019,52,20,10,4, , 
chiang mai,8/24/2019,42,24,14,3, , 
chiang mai,8/25/2019,48,29,14,5, , 
chiang mai,8/26/2019,55,32,16,3, , 
chiang mai,8/27/2019,56,24,28,4, , 
chiang mai,8/28/2019,55,31,10,5, , 
chiang mai,8/29/2019,58,30,6,5, , 
chiang mai,8/30/2019,57,20,9,4, , 
chiang mai,8/31/2019,47,21,15,2, , 
chiang mai,9/1/2019,46,22,13,3, , 
chiang mai,9/2/2019,53,23,17,3, , 
chiang mai,9/3/2019,47,37,17,6, , 
chiang mai,9/4/2019,62,27,14,3, , 
chiang mai,9/5/2019,55,26,14,3, , 
chiang mai,9/6/2019,53,25,13,4, , 
chiang mai,9/7/2019,47,28,11,3, , 
chiang mai,9/8/2019,56,32,9,4, , 
chiang mai,9/9/2019,57,28,10,3, , 
chiang mai,9/10/2019,56,25,8,3, , 
chiang mai,9/11/2019,54,25,13,2, , 
chiang mai,9/12/2019,53,26,14,3, , 
chiang mai,9/13/2019,50,28,8,5, , 
chiang mai,9/14/2019,55,30,22,3, , 
chiang mai,9/15/2019,64,37,19,5, , 
chiang mai,9/16/2019,65,39,18,5,5, 
chiang mai,9/17/2019,66,29,25,4, , 
chiang mai,9/18/2019,62,26,20,5, , 
chiang mai,9/19/2019,57,32,16,5, , 
chiang mai,9/20/2019,60,32,18,4, , 
chiang mai,9/21/2019,64,31,14,5, , 
chiang mai,9/22/2019,63,38,15,6, , 
chiang mai,9/23/2019,73,43,23,5, , 
chiang mai,9/24/2019,86,47,22,6, , 
chiang mai,9/25/2019,94,47,21,4, , 
chiang mai,9/26/2019,96,41,15,6, , 
chiang mai,9/27/2019,85,46,20,6, , 
chiang mai,9/28/2019,90,49,23,6, , 
chiang mai,9/29/2019,101,50,30,6, , 
chiang mai,9/30/2019,101,42,21,4, , 
chiang mai,4/1/2019,215,115,31,17,1, 
chiang mai,4/2/2019,214,137,25,13, , 
chiang mai,4/3/2019,193,104,35,17,5, 
chiang mai,4/4/2019,189,105,37,18,1, 
chiang mai,4/5/2019,190,93,35,14, , 
chiang mai,4/6/2019,177,81,31,10, , 
chiang mai,4/7/2019,159,74,33,13, , 
chiang mai,4/8/2019,154,78,33,15, , 
chiang mai,4/9/2019,158,84,34,12, , 
chiang mai,4/10/2019,165,91,15,16, , 
chiang mai,4/11/2019,174,91,35,13, , 
chiang mai,4/12/2019,175,86,35,11, , 
chiang mai,4/13/2019,169,74,30,10, , 
chiang mai,4/14/2019,149,69,31,8, , 
chiang mai,4/15/2019,147,70,31,12, , 
chiang mai,4/16/2019,152,71,27,8, , 
chiang mai,4/17/2019,145,58,33,11,12, 
chiang mai,4/18/2019,125,67,27,10, , 
chiang mai,4/19/2019,145,73,31,11,1, 
chiang mai,4/20/2019,150,72,33,9,1, 
chiang mai,4/21/2019,151,58,29,8,1, 
chiang mai,4/22/2019,132,49,27,4, , 
chiang mai,4/23/2019,95,53,31,8, , 
chiang mai,4/24/2019,113,64,26,8, , 
chiang mai,4/25/2019,142,59,31,13, , 
chiang mai,4/26/2019,136,62,31,9, , 
chiang mai,4/27/2019,138,68,27,8, , 
chiang mai,4/28/2019,143,68,29,13, , 
chiang mai,4/29/2019,152,66,31,11, , 
chiang mai,4/30/2019,149,66,29,6, , 
chiang mai,5/1/2019,150,67,31,11, , 
chiang mai,5/2/2019,155,69,30,10, , 
chiang mai,5/3/2019,158,61,25,10, , 
chiang mai,5/4/2019,140,74,24,9, , 
chiang mai,5/5/2019,150,75,26,8, , 
chiang mai,5/6/2019,150,73,25,7, , 
chiang mai,5/7/2019,152,71,33,8, , 
chiang mai,5/8/2019,148,64,37,5, , 
chiang mai,5/9/2019,131,60,26,7, , 
chiang mai,5/10/2019,127,62,31,6, , 
chiang mai,5/11/2019,129,52,29,6, , 
chiang mai,5/12/2019,105,47,26,9, , 
chiang mai,5/13/2019,97,37,28,8, , 
chiang mai,5/14/2019,84,39,21,8, , 
chiang mai,5/15/2019,79,50,17,8, , 
chiang mai,5/16/2019,99,57,23,12, , 
chiang mai,5/17/2019,116,62,26,11, , 
chiang mai,5/18/2019,126,57,35,7, , 
chiang mai,5/19/2019,113,90,30,9,15, 
chiang mai,5/20/2019,142,51,24,6, , 
chiang mai,5/21/2019,98,31,24,6, , 
chiang mai,5/22/2019,62,36,20,7, , 
chiang mai,5/23/2019,67,47,26,7, , 
chiang mai,5/24/2019,85,46,24,5, , 
chiang mai,5/25/2019,89,43,24,6, , 
chiang mai,5/26/2019,82,44,26,7, , 
chiang mai,5/27/2019,82,40,23,5, , 
chiang mai,5/28/2019,77,33,19,4, , 
chiang mai,5/29/2019,67,25,15,5, , 
chiang mai,5/30/2019,54,28,12,6, , 
chiang mai,5/31/2019,59,32,17,7, , 
chiang mai,6/1/2019,58,33,17,6, , 
chiang mai,6/2/2019,63,23,15,5, , 
chiang mai,6/3/2019,48,29,18,7, , 
chiang mai,6/4/2019,53,28,16,6, , 
chiang mai,6/5/2019,56,100,16,5, , 
chiang mai,6/6/2019,119,31,16,5, , 
chiang mai,6/7/2019,58,26,21,5, , 
chiang mai,6/8/2019,60,27,19,3, , 
chiang mai,6/9/2019,59,24,15,4, , 
chiang mai,6/10/2019,45,22,18,4, , 
chiang mai,6/11/2019,47,26,15,5, , 
chiang mai,6/12/2019,56,28,16,5, , 
chiang mai,6/13/2019,55,27,17,4, , 
chiang mai,6/14/2019,55,33,17,4, , 
chiang mai,6/15/2019,67,25,13,3, , 
chiang mai,6/16/2019,57,28,13,3, , 
chiang mai,6/17/2019,52,30,13,4, , 
chiang mai,6/18/2019,57,30,15,4, , 
chiang mai,6/19/2019,57,35,11,3, , 
chiang mai,6/20/2019,58,31,15,5, , 
chiang mai,6/21/2019,59,34,14,4, , 
chiang mai,6/22/2019,63,31,20,3, , 
chiang mai,6/23/2019,65,35,17,3, , 
chiang mai,6/24/2019,67,33,13,4, , 
chiang mai,6/25/2019,61,35,13,4, , 
chiang mai,6/26/2019,62,26,9,3, , 
chiang mai,6/27/2019,48,26,12,4, , 
chiang mai,6/28/2019,49,24,11,3, , 
chiang mai,6/29/2019,47,25,10,2, , 
chiang mai,6/30/2019,50,29,10,4, , 
chiang mai,1/1/2019,88,35,19,7, , 
chiang mai,1/2/2019,69,37,17,9, , 
chiang mai,1/3/2019,69,33,16,8, , 
chiang mai,1/4/2019,69,35,15,8,1, 
chiang mai,1/5/2019,70,35,17,7,1, 
chiang mai,1/6/2019,69,43,18,9, , 
chiang mai,1/7/2019,83,29,7,9,1, 
chiang mai,1/8/2019,73,30,13,8, , 
chiang mai,1/9/2019,65,35,16,8, , 
chiang mai,1/10/2019,71,38,19,8, , 
chiang mai,1/11/2019,77,37,16,10,1, 
chiang mai,1/12/2019,78,38,15,8, , 
chiang mai,1/13/2019,79,37,20,9, , 
chiang mai,1/14/2019,75,40,20,9,1, 
chiang mai,1/15/2019,83,31,15,10, , 
chiang mai,1/16/2019,66,39,13,9, , 
chiang mai,1/17/2019,79,47,23,10, , 
chiang mai,1/18/2019,95,49,29,11,1, 
chiang mai,1/19/2019,104,41,24,9, , 
chiang mai,1/20/2019,91,41,22,10, , 
chiang mai,1/21/2019,81,45,25,10, , 
chiang mai,1/22/2019,90,50,23,10, , 
chiang mai,1/23/2019,103,40,24,10, , 
chiang mai,1/24/2019,86,47,19,11, , 
chiang mai,1/25/2019,94,43,22,11, , 
chiang mai,1/26/2019,93,55,26,11, , 
chiang mai,1/27/2019,128,57,27,12, , 
chiang mai,1/28/2019,124,59,25,11, , 
chiang mai,1/29/2019,129,58,27,12, , 
chiang mai,1/30/2019,134,53,21,11, , 
chiang mai,1/31/2019,113,53,26,14, , 
chiang mai,2/1/2019,119,56,27,12, , 
chiang mai,2/2/2019,130,42,22,10, , 
chiang mai,2/3/2019,92,40,23,13, , 
chiang mai,2/4/2019,77,37,18,9, , 
chiang mai,2/5/2019,69,44,24,13, , 
chiang mai,2/6/2019,83,43,26,12, , 
chiang mai,2/7/2019,82,44,25,13, , 
chiang mai,2/8/2019,79,42,23,12, , 
chiang mai,2/9/2019,83,45,26,12, , 
chiang mai,2/10/2019,89,57,27,15, , 
chiang mai,2/11/2019,115,80,26,17, , 
chiang mai,2/12/2019,165,72,29,12, , 
chiang mai,2/13/2019,157,56,26,16, , 
chiang mai,2/14/2019,122,59,27,22, , 
chiang mai,2/15/2019,128,63,29,13, , 
chiang mai,2/16/2019,145,54,20,12, , 
chiang mai,2/17/2019,122,58,23,11, , 
chiang mai,2/18/2019,133,67,28,12, , 
chiang mai,2/19/2019,147,64,30,14, , 
chiang mai,2/20/2019,145,68,25,14, , 
chiang mai,2/21/2019,152,68,32,17,3, 
chiang mai,2/22/2019,153,69,34,17, , 
chiang mai,2/23/2019,160,61,29,14, , 
chiang mai,2/24/2019,142,64,26,15, , 
chiang mai,2/25/2019,142,69,30,14, , 
chiang mai,2/26/2019,153,71,28,14, , 
chiang mai,2/27/2019,152,71,29,15, , 
chiang mai,2/28/2019,158,65,28,15, , 
chiang mai,3/1/2019,136,60,30,14, , 
chiang mai,3/2/2019,132,60,29,13, , 
chiang mai,3/3/2019,128,57,29,11, , 
chiang mai,3/4/2019,111,51,23,8, , 
chiang mai,3/5/2019,89,55,21,9, , 
chiang mai,3/6/2019,93,60,22,8, , 
chiang mai,3/7/2019,109,64,20,8, , 
chiang mai,3/8/2019,127,60,23,7, , 
chiang mai,3/9/2019,113,71,31,10, , 
chiang mai,3/10/2019,142,86,36,14, , 
chiang mai,3/11/2019,172,113,39,17, , 
chiang mai,3/12/2019,202,103,37,17, , 
chiang mai,3/13/2019,191,111,43,22, , 
chiang mai,3/14/2019,204,121,39,21, , 
chiang mai,3/15/2019,220,103,38,19, , 
chiang mai,3/16/2019,200,118,39,16, , 
chiang mai,3/17/2019,200,89,32,15, , 
chiang mai,3/18/2019,176,70,29,11, , 
chiang mai,3/19/2019,149,64,26,10, , 
chiang mai,3/20/2019,140,68,28,13, , 
chiang mai,3/21/2019,145,103,34,15,1, 
chiang mai,3/22/2019,190,164,36,21,1, 
chiang mai,3/23/2019,282,140,33,15,1, 
chiang mai,3/24/2019,254,101,29,14, , 
chiang mai,3/25/2019,190,91,28,10, , 
chiang mai,3/26/2019,176,89,26,11, , 
chiang mai,3/27/2019,169,79,27,12, , 
chiang mai,3/28/2019,162,107,40,17, , 
chiang mai,3/29/2019,192,176,36,19,1, 
chiang mai,3/30/2019,278,97,29,13, , 
chiang mai,3/31/2019,177,118,31,18,1, 
chiang mai,10/1/2018,65,23,17,5, , 
chiang mai,10/2/2018,57,28,19,6, , 
chiang mai,10/3/2018,62,36,20,6, , 
chiang mai,10/4/2018,82,47,22,6, , 
chiang mai,10/5/2018,101,48,23,6, , 
chiang mai,10/6/2018,100,45,21,6, , 
chiang mai,10/7/2018,99,48,22,6, , 
chiang mai,10/8/2018,101,48,23,6, , 
chiang mai,10/9/2018,99,43,16,5,1, 
chiang mai,10/10/2018,89,31,11,5, , 
chiang mai,10/11/2018,66,37,22,5, , 
chiang mai,10/12/2018,77,29,18,5, , 
chiang mai,10/13/2018,68,32,22,5, , 
chiang mai,10/14/2018,71,34,20,7, , 
chiang mai,10/15/2018,70,35,18,5, , 
chiang mai,10/16/2018,74,32,23,5, , 
chiang mai,10/17/2018,67,34,19,7, , 
chiang mai,10/18/2018,67,33,19,6, , 
chiang mai,10/19/2018,70,36,19,6, , 
chiang mai,10/20/2018,75,28,8,6, , 
chiang mai,10/21/2018,65,21,10,6, , 
chiang mai,10/22/2018,55,20,4,5, , 
chiang mai,10/23/2018,54,25,2,6, , 
chiang mai,10/24/2018,57,25, ,5, , 
chiang mai,10/25/2018,58,33, ,7, , 
chiang mai,10/26/2018,65,29, ,5, , 
chiang mai,10/27/2018,66,36, ,6, , 
chiang mai,10/28/2018,71,34, ,7, , 
chiang mai,10/29/2018,73,32,13,7, , 
chiang mai,10/30/2018,68,34,14,6, , 
chiang mai,10/31/2018,77,36,15,6, , 
chiang mai,11/1/2018,81,40,20,9, , 
chiang mai,11/2/2018,85,45,29,10, , 
chiang mai,11/3/2018,92,40,27,9, , 
chiang mai,11/4/2018,86,41,20,9, , 
chiang mai,11/5/2018,84,75,18,9, , 
chiang mai,11/6/2018,77,40,22,9, , 
chiang mai,11/7/2018,73,42,19,8, , 
chiang mai,11/8/2018,71,34,16,6, , 
chiang mai,11/9/2018,64,27,14,6, , 
chiang mai,11/10/2018,54,24,16,4, , 
chiang mai,11/11/2018,48,28,11,6, , 
chiang mai,11/12/2018,50,29,18,7, , 
chiang mai,11/13/2018,53,34,21,6, , 
chiang mai,11/14/2018,58,33,18,6, , 
chiang mai,11/15/2018,57,37,22,8, , 
chiang mai,11/16/2018,62,37,25,8, , 
chiang mai,11/17/2018,69,37,22,7, , 
chiang mai,11/18/2018,70,40,27,9, , 
chiang mai,11/19/2018,75,39,24,8, , 
chiang mai,11/20/2018,75,37,21,8, , 
chiang mai,11/21/2018,72,39,20,9,1, 
chiang mai,11/22/2018,74,39,25,7, , 
chiang mai,11/23/2018,75,38,25,8, , 
chiang mai,11/24/2018,73,37,20,6, , 
chiang mai,11/25/2018,73,36,17,6,6, 
chiang mai,11/26/2018,74,36,18,8, , 
chiang mai,11/27/2018,76,36,17,8, , 
chiang mai,11/28/2018,69,41,20,9, , 
chiang mai,11/29/2018,82,43,23,10, , 
chiang mai,11/30/2018,87,39,26,10, , 
chiang mai,12/1/2018,82,38,25,8, , 
chiang mai,12/2/2018,83,42,24,8,3, 
chiang mai,12/3/2018,83,43,23,10, , 
chiang mai,12/4/2018,85,39,26,8, , 
chiang mai,12/5/2018,78,43,25,9, , 
chiang mai,12/6/2018,80,48,21,12, , 
chiang mai,12/7/2018,102,54,17,10, , 
chiang mai,12/8/2018,128,46,21,7, , 
chiang mai,12/9/2018,107,29,20,8, , 
chiang mai,12/10/2018,70,36,25,9, , 
chiang mai,12/11/2018,74,31,10,9, , 
chiang mai,12/12/2018,74,25,10,8, , 
chiang mai,12/13/2018,60,30,20,8, , 
chiang mai,12/14/2018,64,34,21,9, , 
chiang mai,12/15/2018,70,29,14,6, , 
chiang mai,12/16/2018,65,28,13,5, , 
chiang mai,12/17/2018,59,35,17,9, , 
chiang mai,12/18/2018,72,41,21,10, , 
chiang mai,12/19/2018,85,44,20,9, , 
chiang mai,12/20/2018,96,35,18,8, , 
chiang mai,12/21/2018,73,26,14,9, , 
chiang mai,12/22/2018,58,27,13,6, , 
chiang mai,12/23/2018,62,35,17,10, , 
chiang mai,12/24/2018,72,35,20,10, , 
chiang mai,12/25/2018,74,34,20,10, , 
chiang mai,12/26/2018,68,38,20,11, , 
chiang mai,12/27/2018,76,45,21,12, , 
chiang mai,12/28/2018,92,45,12,7, , 
chiang mai,12/29/2018,99,30,11,7, , 
chiang mai,12/30/2018,70, , , , , 
chiang mai,7/1/2018,61,34,15,7, , 
chiang mai,7/2/2018,63,34,11,6, , 
chiang mai,7/3/2018,65,34,13,6, , 
chiang mai,7/4/2018,60,48,14,5, , 
chiang mai,7/5/2018,87,31,22,5,1, 
chiang mai,7/6/2018,59,30,19,6, , 
chiang mai,7/7/2018,56,35,15,17, , 
chiang mai,7/8/2018,64,33,14,41, , 
chiang mai,7/9/2018,62,37,18,45, , 
chiang mai,7/10/2018,63,33,16,37, , 
chiang mai,7/11/2018,54,31,17,32, , 
chiang mai,7/12/2018,52,32,19,33, , 
chiang mai,7/13/2018,52,43,14,37, , 
chiang mai,7/14/2018,65,48,18,34, , 
chiang mai,7/15/2018,79,138,19,18, , 
chiang mai,7/16/2018,149,24,13,3, , 
chiang mai,7/17/2018,43,54,11,4, , 
chiang mai,7/18/2018,73,22,18,4, , 
chiang mai,7/19/2018,46,24,11,4, , 
chiang mai,7/20/2018,52,32,14,4, , 
chiang mai,7/21/2018,64,38,14,18, , 
chiang mai,7/22/2018,69,39,14,32, , 
chiang mai,7/23/2018,65,37,13,29, , 
chiang mai,7/24/2018,64,39,8,22, , 
chiang mai,7/25/2018,71,47,9,26, , 
chiang mai,7/26/2018,79,40,13,25, , 
chiang mai,7/27/2018,76,35,10,24, , 
chiang mai,7/28/2018,64,45,13,29, , 
chiang mai,7/29/2018,73,43,14,27, , 
chiang mai,7/30/2018,77,38,13,24, , 
chiang mai,7/31/2018,71,42,15,21, , 
chiang mai,8/1/2018,75,52,16,25, , 
chiang mai,8/2/2018,89,48,19,23, , 
chiang mai,8/3/2018,76,46,19,24, , 
chiang mai,8/4/2018,79,41,17,18, , 
chiang mai,8/5/2018,77,50,14,22, , 
chiang mai,8/6/2018,80,40,19,21, , 
chiang mai,8/7/2018,69,40,22,24, , 
chiang mai,8/8/2018,72,38,16,19, , 
chiang mai,8/9/2018,73,35,15,19, , 
chiang mai,8/10/2018,66,33,15,17, , 
chiang mai,8/11/2018,62,34,16,17, , 
chiang mai,8/12/2018,66,28,14,17, , 
chiang mai,8/13/2018,54,29,16,18, , 
chiang mai,8/14/2018,58,41,13,18, , 
chiang mai,8/15/2018,73,42,18,21, , 
chiang mai,8/16/2018,72,40,8,19, , 
chiang mai,8/17/2018,75,69,11,9, , 
chiang mai,8/18/2018,50,28,16,5, , 
chiang mai,8/19/2018,54,38,16,7, , 
chiang mai,8/20/2018,64,36,16,7, , 
chiang mai,8/21/2018,64,35,16,7, , 
chiang mai,8/22/2018,61,33,14,7, , 
chiang mai,8/23/2018,65,32,15,6, , 
chiang mai,8/24/2018,58,31,16,6, , 
chiang mai,8/25/2018,57,36,18,5, , 
chiang mai,8/26/2018,57,25,14,6, , 
chiang mai,8/27/2018,48,28,14,7, , 
chiang mai,8/28/2018,52,37,14,6, , 
chiang mai,8/29/2018,58,40,13,7, , 
chiang mai,8/30/2018,74,36,11,8, , 
chiang mai,8/31/2018,65,63,16,6, , 
chiang mai,9/1/2018,88,30,18,6, , 
chiang mai,9/2/2018,57,31,9,7, , 
chiang mai,9/3/2018,57,32,13,7, , 
chiang mai,9/4/2018,58,29,17,5, , 
chiang mai,9/5/2018,53,32,19,7, , 
chiang mai,9/6/2018,56,35,18,6, , 
chiang mai,9/7/2018,68,28,14,4, , 
chiang mai,9/8/2018,57,28,19,5, , 
chiang mai,9/9/2018,59,31,26,6, , 
chiang mai,9/10/2018,60,32,22,6, , 
chiang mai,9/11/2018,58,68,19,6, , 
chiang mai,9/12/2018,89,36,21,6, , 
chiang mai,9/13/2018,64,30,21,6, , 
chiang mai,9/14/2018,51,32,14,6, , 
chiang mai,9/15/2018,57,35,14,6, , 
chiang mai,9/16/2018,63,38,20,5, , 
chiang mai,9/17/2018,64,29,10,6, , 
chiang mai,9/18/2018,42,25,12,6, , 
chiang mai,9/19/2018,41,28,16,6, , 
chiang mai,9/20/2018,40,67,13,6, , 
chiang mai,9/21/2018,51,32,12,5, , 
chiang mai,9/22/2018,55,31,21,7, , 
chiang mai,9/23/2018,63,33,21,5, , 
chiang mai,9/24/2018,61,30,14,5, , 
chiang mai,9/25/2018,58,29,21,6, , 
chiang mai,9/26/2018,53,63,22,5, , 
chiang mai,9/27/2018,56,30,13,5, , 
chiang mai,9/28/2018,58,27,11,5, , 
chiang mai,9/29/2018,62,25,17,4, , 
chiang mai,9/30/2018,59,31,19,5, , 
chiang mai,4/1/2018,135,64,30,6,11, 
chiang mai,4/2/2018,142,52,30,8, , 
chiang mai,4/3/2018,108,56,24,6, , 
chiang mai,4/4/2018,125,54,26,6, , 
chiang mai,4/5/2018,112,47,25,5, , 
chiang mai,4/6/2018,89,39,13,4, , 
chiang mai,4/7/2018,79,32,20,6, , 
chiang mai,4/8/2018,64,44,31,10,1, 
chiang mai,4/9/2018,87,56,31,8, , 
chiang mai,4/10/2018,125,82,32,11, , 
chiang mai,4/11/2018,165,70,30,12, , 
chiang mai,4/12/2018,158,71,30,12, , 
chiang mai,4/13/2018,158,78,34,10,1, 
chiang mai,4/14/2018,169,80,26,11,1, 
chiang mai,4/15/2018,170,68,23,6,1, 
chiang mai,4/16/2018,146,50,20,4, , 
chiang mai,4/17/2018,103,44,20,7, , 
chiang mai,4/18/2018,85,54,23,8, , 
chiang mai,4/19/2018,108,65,20,10, , 
chiang mai,4/20/2018,142,71,29,11,1, 
chiang mai,4/21/2018,153,79,27,9,1, 
chiang mai,4/22/2018,166,81,31,10,1, 
chiang mai,4/23/2018,163,85,29,9,1, 
chiang mai,4/24/2018,168,76,29,7, , 
chiang mai,4/25/2018,163,59,27,6, , 
chiang mai,4/26/2018,133,52,22,5, , 
chiang mai,4/27/2018,115,48,18,6, , 
chiang mai,4/28/2018,111,41,20,6, , 
chiang mai,4/29/2018,87,37,21,5, , 
chiang mai,4/30/2018,79,30,18,4, , 
chiang mai,5/1/2018,70,21,8,7, , 
chiang mai,5/2/2018,50,27,12,5, , 
chiang mai,5/3/2018,56,33,14,7, , 
chiang mai,5/4/2018,65,32,17,5,1, 
chiang mai,5/5/2018,68,47,18,6, , 
chiang mai,5/6/2018,86,57,20,9, , 
chiang mai,5/7/2018,108,61,22,8, , 
chiang mai,5/8/2018,121,62,23,7, , 
chiang mai,5/9/2018,124,55,20,7, , 
chiang mai,5/10/2018,201,43,20,8, , 
chiang mai,5/11/2018,80,77,18,7, , 
chiang mai,5/12/2018,108,37,22,6, , 
chiang mai,5/13/2018,85,40,21,7, , 
chiang mai,5/14/2018,83,47,22,7, , 
chiang mai,5/15/2018,90,44,21,7, , 
chiang mai,5/16/2018,91,35,18,6,2, 
chiang mai,5/17/2018,72,35,7,7, , 
chiang mai,5/18/2018,62,40,20,5, , 
chiang mai,5/19/2018,76,46,20,4, , 
chiang mai,5/20/2018,81,57,105,5, , 
chiang mai,5/21/2018,86,32,57,7, , 
chiang mai,5/22/2018,64,36,23,7, , 
chiang mai,5/23/2018,72,28,36,7, , 
chiang mai,5/24/2018,55,27,55,6, , 
chiang mai,5/25/2018,55,30,18,4, , 
chiang mai,5/26/2018,60,24,19,4, , 
chiang mai,5/27/2018,49,23,13,7, , 
chiang mai,5/28/2018,52,28,14,5, , 
chiang mai,5/29/2018,50,28,8,6, , 
chiang mai,5/30/2018,51,33,10,4, , 
chiang mai,5/31/2018,45,48,11,4, , 
chiang mai,6/1/2018,92,52,19,5, , 
chiang mai,6/2/2018,92,53,14,4, , 
chiang mai,6/3/2018,123,52,18,7, , 
chiang mai,6/4/2018,114,48,16,5, , 
chiang mai,6/5/2018,77,25,15,5, , 
chiang mai,6/6/2018,50,29,13,6, , 
chiang mai,6/7/2018,58,25,4,5, , 
chiang mai,6/8/2018,50,28,7,5, , 
chiang mai,6/9/2018,52,23,22,5, , 
chiang mai,6/10/2018,46,25,9,6, , 
chiang mai,6/11/2018,39,27,22,5, , 
chiang mai,6/12/2018,45,31,19,5, , 
chiang mai,6/13/2018,49,37,5,7, , 
chiang mai,6/14/2018,63,35,11,7, , 
chiang mai,6/15/2018,61,44,21,7, , 
chiang mai,6/16/2018,78,55,15,6, , 
chiang mai,6/17/2018,97,59,17,6, , 
chiang mai,6/18/2018,108,57,14,7, , 
chiang mai,6/19/2018,103,43,15,5, , 
chiang mai,6/20/2018,84,35,12,5, , 
chiang mai,6/21/2018,65,38,12,5, , 
chiang mai,6/22/2018,65,37,13,5, , 
chiang mai,6/23/2018,63,29,10,4, , 
chiang mai,6/24/2018,57,38,10,6, , 
chiang mai,6/25/2018,67,34,11,6, , 
chiang mai,6/26/2018,59,28,8,6, , 
chiang mai,6/27/2018,50,26,11,5, , 
chiang mai,6/28/2018,50,28,8,5, , 
chiang mai,6/29/2018,53,35,16,8, , 
chiang mai,6/30/2018,61,34,15,4, , 
chiang mai,1/1/2018,84,42,15,8, , 
chiang mai,1/2/2018,87,44,14,8, , 
chiang mai,1/3/2018,85,45,9,8, , 
chiang mai,1/4/2018,86,38,6,5, , 
chiang mai,1/5/2018,81,49,11,7, , 
chiang mai,1/6/2018,113,56,16,8, , 
chiang mai,1/7/2018,122,50,13,8, , 
chiang mai,1/8/2018,104,44,14,7, , 
chiang mai,1/9/2018,91,41,15,4, , 
chiang mai,1/10/2018,88,51,13,4, , 
chiang mai,1/11/2018,109,30,5,3, , 
chiang mai,1/12/2018,69,34,7,4, , 
chiang mai,1/13/2018,78,43,16,6, , 
chiang mai,1/14/2018,101,50,16,11,2, 
chiang mai,1/15/2018,109,53,18,9, , 
chiang mai,1/16/2018,118,52,16,9, , 
chiang mai,1/17/2018,115,49,15,8, , 
chiang mai,1/18/2018,103,46,15,10, , 
chiang mai,1/19/2018,96,48,19,9, , 
chiang mai,1/20/2018,107,52,21,11, , 
chiang mai,1/21/2018,117,47,15,9, , 
chiang mai,1/22/2018,97,46,15,10, , 
chiang mai,1/23/2018,98,40,15,10, , 
chiang mai,1/24/2018,77,41,19,11, , 
chiang mai,1/25/2018,83,40,14,8, , 
chiang mai,1/26/2018,84,44,16,8, , 
chiang mai,1/27/2018,94,42,14,8, , 
chiang mai,1/28/2018,90,49,14,8, , 
chiang mai,1/29/2018,94,45,15,9, , 
chiang mai,1/30/2018,89,51,17,14, , 
chiang mai,1/31/2018,102,52,16,11, , 
chiang mai,2/1/2018,103,52,19,11, , 
chiang mai,2/2/2018,109,62,20,10, , 
chiang mai,2/3/2018,148,65,23,10, , 
chiang mai,2/4/2018,150,69,23,12, , 
chiang mai,2/5/2018,154,75,25,11, , 
chiang mai,2/6/2018,161,70,21,10, , 
chiang mai,2/7/2018,151,67,19,10, , 
chiang mai,2/8/2018,142,64,22,11, , 
chiang mai,2/9/2018,144,59,18,9, , 
chiang mai,2/10/2018,131,59,21,11, , 
chiang mai,2/11/2018,130,68,27,15, , 
chiang mai,2/12/2018,151,74,26,13, , 
chiang mai,2/13/2018,159,75,33,13, , 
chiang mai,2/14/2018,159,66,28,12, , 
chiang mai,2/15/2018,144,58,20,9, , 
chiang mai,2/16/2018,109,55,23,13, , 
chiang mai,2/17/2018,119,57,27,14, , 
chiang mai,2/18/2018,132,74,24,17, , 
chiang mai,2/19/2018,146,66,27,13, , 
chiang mai,2/20/2018,152,66,29,14, , 
chiang mai,2/21/2018,151,56,23,10, , 
chiang mai,2/22/2018,128,63,21,7, , 
chiang mai,2/23/2018,126,61,22,10, , 
chiang mai,2/24/2018,130,53,21,10, , 
chiang mai,2/25/2018,123,70,23,9, , 
chiang mai,2/26/2018,143,63,26,11, , 
chiang mai,2/27/2018,139,76,29,17, , 
chiang mai,2/28/2018,162,76,31,16, , 
chiang mai,3/1/2018,165,81,30,18, , 
chiang mai,3/2/2018,163,67,29,17, , 
chiang mai,3/3/2018,147,68,32,16, , 
chiang mai,3/4/2018,150,74,30,19, , 
chiang mai,3/5/2018,156,88,33,20, , 
chiang mai,3/6/2018,171,73,29,17, , 
chiang mai,3/7/2018,155,87,32,18, , 
chiang mai,3/8/2018,175,75,19,8, , 
chiang mai,3/9/2018,148,52,27,7, , 
chiang mai,3/10/2018,114,66,28,8, , 
chiang mai,3/11/2018,151,63,24,11, , 
chiang mai,3/12/2018,145,78,28,17, , 
chiang mai,3/13/2018,134,73,28,14, , 
chiang mai,3/14/2018,156,81,32,20, , 
chiang mai,3/15/2018,162,83,32,18, , 
chiang mai,3/16/2018,168,84,33,15, , 
chiang mai,3/17/2018,171,87,31,12, , 
chiang mai,3/18/2018,173,73,29,14, , 
chiang mai,3/19/2018,161,72,28,18, , 
chiang mai,3/20/2018,152,83,28,17, , 
chiang mai,3/21/2018,168,77,27,9, , 
chiang mai,3/22/2018,162,76,28,7, , 
chiang mai,3/23/2018,160,75,29,10, , 
chiang mai,3/24/2018,158,76,31,13, , 
chiang mai,3/25/2018,163,74,29,12, , 
chiang mai,3/26/2018,161,68,25,8, , 
chiang mai,3/27/2018,148,81,29,13, , 
chiang mai,3/28/2018,163,96,30,18, , 
chiang mai,3/29/2018,179,98,29,13, , 
chiang mai,3/30/2018,180,71,25,7,8, 
chiang mai,3/31/2018,160,58,28,7,26, 
chiang mai,10/1/2017,68,42,9,5, , 
chiang mai,10/2/2017,66,37,5,5, , 
chiang mai,10/3/2017,57,44,5,5, , 
chiang mai,10/4/2017,51,32,6,6, , 
chiang mai,10/5/2017,49,34,7,4, , 
chiang mai,10/6/2017,50, , , , , 
chiang mai,10/8/2017,51,37,11,6, , 
chiang mai,10/9/2017,49,45,6,6, , 
chiang mai,10/10/2017,56,29,8,5, , 
chiang mai,10/11/2017,52,34,12,5, , 
chiang mai,10/12/2017,53,30,10,4, , 
chiang mai,10/13/2017,53,39,10,6, , 
chiang mai,10/14/2017,60,34,10,5, , 
chiang mai,10/15/2017,57,37,9,5, , 
chiang mai,10/16/2017,53,34,5,5, , 
chiang mai,10/17/2017,55,38,6,7, , 
chiang mai,10/18/2017,58,73,12,7,1, 
chiang mai,10/19/2017,97,40,10,6, , 
chiang mai,10/20/2017,60,38,16,7, , 
chiang mai,10/21/2017,61,39,14,5, , 
chiang mai,10/22/2017,65,28,10,2, , 
chiang mai,10/23/2017,61,35,9,5, , 
chiang mai,10/24/2017,60,38,11,6, , 
chiang mai,10/25/2017,68,38,12,5, , 
chiang mai,10/26/2017,70,36,13,7, , 
chiang mai,10/27/2017,65,38,11,6, , 
chiang mai,10/28/2017,68,41,11,7, , 
chiang mai,10/29/2017,73,47,11,7, , 
chiang mai,10/30/2017,103,50,12,7, , 
chiang mai,10/31/2017,107,50,15,9, , 
chiang mai,11/1/2017,101,45,15,7, , 
chiang mai,11/2/2017,92,45,12,8, , 
chiang mai,11/3/2017,92,55,17,7, , 
chiang mai,11/4/2017,123,51,18,7, , 
chiang mai,11/5/2017,108,50,12,9, , 
chiang mai,11/6/2017,102,48,9,8, , 
chiang mai,11/7/2017,92,35,6,8, , 
chiang mai,11/8/2017,74,35,6,5, , 
chiang mai,11/9/2017,68,32,8,6, , 
chiang mai,11/10/2017,64,38,12,7, , 
chiang mai,11/11/2017,66,30,11,5, , 
chiang mai,11/12/2017,63,38,12,7, , 
chiang mai,11/13/2017,70,41,12,8, , 
chiang mai,11/14/2017,78,43,12,7, , 
chiang mai,11/15/2017,77,43,13,8, , 
chiang mai,11/16/2017,78,47,18,9, , 
chiang mai,11/17/2017,81,36,8,7, , 
chiang mai,11/18/2017,69,40,9,8, , 
chiang mai,11/19/2017,74,35,15,5, , 
chiang mai,11/20/2017,76,36,13,4, , 
chiang mai,11/21/2017,78,36,15,7, , 
chiang mai,11/22/2017,70,45,9,9, , 
chiang mai,11/23/2017,77,38,13,7, , 
chiang mai,11/24/2017,79,36,16,7, , 
chiang mai,11/25/2017,75,28,8,5, , 
chiang mai,11/26/2017,70,40,11,9, , 
chiang mai,11/27/2017,79,47,11,9, , 
chiang mai,11/28/2017,95,43,13,8, , 
chiang mai,11/29/2017,83,39,12,9, , 
chiang mai,11/30/2017,78,38,12,9, , 
chiang mai,12/1/2017,76,37,13,8, , 
chiang mai,12/2/2017,80,38,17,9, , 
chiang mai,12/3/2017,83,40,14,5, , 
chiang mai,12/4/2017,84,39,14,6, , 
chiang mai,12/5/2017,86,48,17,9, , 
chiang mai,12/6/2017,96,53,8,11, , 
chiang mai,12/7/2017,105,54,15,11, , 
chiang mai,12/8/2017,109,55,18,8, , 
chiang mai,12/9/2017,114,54,23,8, , 
chiang mai,12/10/2017,103,42,20,7, , 
chiang mai,12/11/2017,80,44,11,8, , 
chiang mai,12/12/2017,83,39,12,9, , 
chiang mai,12/13/2017,78,36,12,8, , 
chiang mai,12/14/2017,72,42,15,10, , 
chiang mai,12/15/2017,86,44,16,10, , 
chiang mai,12/16/2017,89,46,18,8, , 
chiang mai,12/17/2017,96,46,12,10, , 
chiang mai,12/18/2017,92,80,13,7, , 
chiang mai,12/19/2017,128,52,16,8, , 
chiang mai,12/20/2017,109,56,17,12, , 
chiang mai,12/21/2017,109,54,18,17, , 
chiang mai,12/22/2017,111,55,20,16, , 
chiang mai,12/23/2017,119,47,17,13, , 
chiang mai,12/24/2017,100,46,13,8, , 
chiang mai,12/25/2017,89,53,10,11, , 
chiang mai,12/26/2017,122,43,10,7, , 
chiang mai,12/27/2017,103,30,7,8, , 
chiang mai,12/28/2017,59,35,5,7, , 
chiang mai,12/29/2017,67,42,8,7, , 
chiang mai,12/30/2017,73,36,13,6, , 
chiang mai,12/31/2017,74,45,15,7, , 
chiang mai,7/1/2017,59,34,7,6, , 
chiang mai,7/2/2017,68,36,9,6, , 
chiang mai,7/3/2017,68,40,5,6, ,10
chiang mai,7/4/2017,77,38,8,6, , 
chiang mai,7/5/2017,68,29,9,6, , 
chiang mai,7/6/2017,60,35,9,6, , 
chiang mai,7/7/2017,56,35,12,5, , 
chiang mai,7/8/2017,58,30,11,4, , 
chiang mai,7/9/2017,64,32,6,5, , 
chiang mai,7/10/2017,56,32,5,6, , 
chiang mai,7/11/2017,60,19,7,5, , 
chiang mai,7/12/2017,51,36,9,5, , 
chiang mai,7/13/2017,74,29,15,5, , 
chiang mai,7/14/2017,65,30,8,4, , 
chiang mai,7/15/2017,52,27,13,4, , 
chiang mai,7/16/2017,51,35,5,6, , 
chiang mai,7/17/2017,57,37,7,7, , 
chiang mai,7/18/2017,54,34,11,7, , 
chiang mai,7/19/2017,55,37,11,6, , 
chiang mai,7/20/2017,58,37,5,6, , 
chiang mai,7/21/2017,58,42,6,5, , 
chiang mai,7/22/2017,56,32,11,4, , 
chiang mai,7/23/2017,53,38,11,5, , 
chiang mai,7/24/2017,58,42,11,5, , 
chiang mai,7/25/2017,65,40,7,4, , 
chiang mai,7/26/2017,53,28,14,6,1, 
chiang mai,7/27/2017,54,38,9,6,1, 
chiang mai,7/28/2017,61,36,17,5,1, 
chiang mai,7/29/2017,69,67,16,5,1, 
chiang mai,7/30/2017,95,35,11,6,1, 
chiang mai,7/31/2017,59,30,10,6,1, 
chiang mai,8/1/2017,61,29,10,6,1, 
chiang mai,8/2/2017,59,30,11,6,1, 
chiang mai,8/3/2017,60,37,12,6,1, 
chiang mai,8/4/2017,59,36,13,6,1, 
chiang mai,8/5/2017,62,46,9,6,1, 
chiang mai,8/6/2017,57,35,8,5,1, 
chiang mai,8/7/2017,57,37,10,5,1, 
chiang mai,8/8/2017,55,32,10,5,1, 
chiang mai,8/9/2017,53,41,9,6,1, 
chiang mai,8/10/2017,59,37,11,6, , 
chiang mai,8/11/2017,60,35,11,4, , 
chiang mai,8/12/2017,55,30,15,4, , 
chiang mai,8/13/2017,55,40,12,6, , 
chiang mai,8/14/2017,65,36,6,6, , 
chiang mai,8/15/2017,59,39,2,6, , 
chiang mai,8/16/2017,58,38,8,5, , 
chiang mai,8/17/2017,57,35,11,6, , 
chiang mai,8/18/2017,53,35,12,6, , 
chiang mai,8/19/2017,55,38,9,5, , 
chiang mai,8/20/2017,51,37,7,6, , 
chiang mai,8/21/2017,51,64,10,4, , 
chiang mai,8/22/2017,87,35,12,7, , 
chiang mai,8/23/2017,50,38,7,6, , 
chiang mai,8/24/2017,62,46,5,7, , 
chiang mai,8/25/2017,68,30,13,6, , 
chiang mai,8/26/2017,53,37,10,5, , 
chiang mai,8/27/2017,48,32,12,6, , 
chiang mai,8/28/2017,53,42,9,6, , 
chiang mai,8/29/2017,54,38,6,6, , 
chiang mai,8/30/2017,53,44,10,6, , 
chiang mai,8/31/2017,53,65,8,5,15, 
chiang mai,9/1/2017,77,39,10,5,24, 
chiang mai,9/2/2017,50,32,12,5, , 
chiang mai,9/3/2017,56,41,13,6, , 
chiang mai,9/4/2017,59,30,8,5, , 
chiang mai,9/5/2017,51,36, ,5, , 
chiang mai,9/6/2017,51, , , , , 
chiang mai,9/9/2017,59,47,11,5, , 
chiang mai,9/10/2017,59,31,8,6, , 
chiang mai,9/11/2017,58,40,16,5, , 
chiang mai,9/12/2017,61,33,16,6, , 
chiang mai,9/13/2017,56,33,8,5, , 
chiang mai,9/14/2017,60,31,6,6, , 
chiang mai,9/15/2017,61,39,7,6, , 
chiang mai,9/16/2017,61,31,7,5, , 
chiang mai,9/17/2017,54,29,7,5, , 
chiang mai,9/18/2017,48,32,8,6, , 
chiang mai,9/19/2017,51,31,12,5, , 
chiang mai,9/20/2017,53,33,6,5, , 
chiang mai,9/21/2017,58,36,8,6, , 
chiang mai,9/22/2017,58,34,15,6, , 
chiang mai,9/23/2017,71,45,15,5, , 
chiang mai,9/24/2017,70,36,16,6, , 
chiang mai,9/25/2017,71,103,12,4, , 
chiang mai,9/26/2017,124,31,8,5,1, 
chiang mai,9/27/2017,57,42,20,7,1, 
chiang mai,9/28/2017,66,31,9,7, , 
chiang mai,9/29/2017,56,36,13,6, , 
chiang mai,9/30/2017,61,37,16,7, , 
chiang mai,4/1/2017,145,35,17,5, , 
chiang mai,4/2/2017,98,48,22,6, , 
chiang mai,4/3/2017,115,58,23,6, , 
chiang mai,4/4/2017,139,61,23,11, , 
chiang mai,4/5/2017,152,70,29,15, , 
chiang mai,4/6/2017,158,78,27,13, , 
chiang mai,4/7/2017,162,114,28,11, , 
chiang mai,4/8/2017,196,78,27,11, , 
chiang mai,4/9/2017,166,68,27,8, , 
chiang mai,4/10/2017,157,71,24,10, , 
chiang mai,4/11/2017,156,75,27,7, , 
chiang mai,4/12/2017,164,72,20,5, , 
chiang mai,4/13/2017,146,43,17,6, , 
chiang mai,4/14/2017,90,37,17,5, , 
chiang mai,4/15/2017,87,33,13,5, , 
chiang mai,4/16/2017,78,48,9,6, , 
chiang mai,4/17/2017,75,38,15,8, , 
chiang mai,4/18/2017,75,50,23,12, , 
chiang mai,4/19/2017,95,53,19,9, , 
chiang mai,4/20/2017,105,63,21,9, , 
chiang mai,4/21/2017,135,71,25,8, , 
chiang mai,4/22/2017,158,74,21,8, , 
chiang mai,4/23/2017,162,75,21,11, , 
chiang mai,4/24/2017,159,75,18,13, , 
chiang mai,4/25/2017,157,74,23,15, , 
chiang mai,4/26/2017,155,80,24,10, , 
chiang mai,4/27/2017,162,75,24,8, , 
chiang mai,4/28/2017,150,38,22,5, , 
chiang mai,4/29/2017,81,40,23,7, , 
chiang mai,4/30/2017,88,60,19,7, , 
chiang mai,5/1/2017,123,59,22,9, , 
chiang mai,5/2/2017,116,60,20,9, , 
chiang mai,5/3/2017,118,59,20,7, , 
chiang mai,5/4/2017,135,47,18,4, , 
chiang mai,5/5/2017,91,37,24,7, , 
chiang mai,5/6/2017,63,39,19,4, , 
chiang mai,5/7/2017,110,43,24,7,1, 
chiang mai,5/8/2017,141,51,25,8,1, 
chiang mai,5/9/2017,188,47,24,7, , 
chiang mai,5/10/2017,93,36,19,7, , 
chiang mai,5/11/2017,69,38,19,7, , 
chiang mai,5/12/2017,73,28,19,4, , 
chiang mai,5/13/2017,64,20,17,4, , 
chiang mai,5/14/2017,35,22,13,5, , 
chiang mai,5/15/2017,42,36,6,6, , 
chiang mai,5/16/2017,48,30,9,5, , 
chiang mai,5/17/2017,77,19,12,5, , 
chiang mai,5/18/2017,42,32,19,6, , 
chiang mai,5/19/2017,53,49,20,8, , 
chiang mai,5/20/2017,78,55,20,7, , 
chiang mai,5/21/2017,90,55,23,10, , 
chiang mai,5/22/2017,107,51,21,7, , 
chiang mai,5/23/2017,92,50,9,10, , 
chiang mai,5/24/2017,79,51,20,7, , 
chiang mai,5/25/2017,90,40,13,6, , 
chiang mai,5/26/2017,66,30,14,8, , 
chiang mai,5/27/2017,68,36,18,6, , 
chiang mai,5/28/2017,84,39,14,7, , 
chiang mai,5/29/2017,81,39,10,7, , 
chiang mai,5/30/2017,77,40,11,7, , 
chiang mai,5/31/2017,66,42,14,6, , 
chiang mai,6/1/2017,77,46,10,8, , 
chiang mai,6/2/2017,71,36,14,6, , 
chiang mai,6/3/2017,69,31,7,4, , 
chiang mai,6/4/2017,62,37,11,6, , 
chiang mai,6/5/2017,72,40,17,6, , 
chiang mai,6/6/2017,81,41,12,5, , 
chiang mai,6/7/2017,75,33,5,6,1, 
chiang mai,6/8/2017,55,31,10,4,1, 
chiang mai,6/9/2017,55,29,9,5,1, 
chiang mai,6/10/2017,54,23,9,5,1, 
chiang mai,6/11/2017,61,68,7,6,1, 
chiang mai,6/12/2017,98,38,9,6,1, 
chiang mai,6/13/2017,66,31,8,5,1, 
chiang mai,6/14/2017,57,23,6,5,1, 
chiang mai,6/15/2017,58,44,11,6,1, 
chiang mai,6/16/2017,79,36,11,6,1, 
chiang mai,6/17/2017,69,27,9,4,1, 
chiang mai,6/18/2017,56,22,9,5,1, 
chiang mai,6/19/2017,58,26,8,5,1, 
chiang mai,6/20/2017,55,26,5,5, , 
chiang mai,6/21/2017,56,27,8,4, , 
chiang mai,6/22/2017,48,26,11,5, , 
chiang mai,6/23/2017,54,28,13,4, , 
chiang mai,6/24/2017,66,23,11,4, , 
chiang mai,6/25/2017,52,32,13,5, , 
chiang mai,6/26/2017,67,27,13,4, , 
chiang mai,6/27/2017,57,27,10,4, , 
chiang mai,6/28/2017,51,32,12,6, , 
chiang mai,6/29/2017,50,36,8,6, , 
chiang mai,6/30/2017,60,29,9,6, , 
chiang mai,1/2/2017,67,25,11,5, , 
chiang mai,1/3/2017,73,19,7,2, , 
chiang mai,1/4/2017,67,19,5,5, , 
chiang mai,1/5/2017,65,25,2,4, , 
chiang mai,1/6/2017,68,29,9,4, , 
chiang mai,1/7/2017,76,37,14,6, , 
chiang mai,1/8/2017,87,36,16,7, , 
chiang mai,1/9/2017,85,34,3,8, , 
chiang mai,1/10/2017,90,23,4,6, , 
chiang mai,1/11/2017,75,29,7,6, , 
chiang mai,1/12/2017,66,35,14,6, , 
chiang mai,1/13/2017,71,33,17,7, , 
chiang mai,1/14/2017,82,32,18,7, , 
chiang mai,1/15/2017,84,39,18,9, , 
chiang mai,1/16/2017,94,45,19,9, , 
chiang mai,1/17/2017,102,44,24,9, , 
chiang mai,1/18/2017,106,73,19,8, , 
chiang mai,1/19/2017,112,44,19,9, , 
chiang mai,1/20/2017,101,47,23,10, , 
chiang mai,1/21/2017,99,34,21,8, , 
chiang mai,1/22/2017,87,40,21,10, , 
chiang mai,1/23/2017,88,42,21,9, , 
chiang mai,1/24/2017,97,38,15,7, , 
chiang mai,1/25/2017,94,37,18,7, , 
chiang mai,1/26/2017,92,76,17,9, , 
chiang mai,1/27/2017,127,40,24,10, , 
chiang mai,1/28/2017,94,47,24,10, , 
chiang mai,1/29/2017,111,48,19,11,3, 
chiang mai,1/30/2017,108,57,21,11, , 
chiang mai,1/31/2017,136,57,23,11, , 
chiang mai,2/1/2017,139,53,20,10, , 
chiang mai,2/2/2017,122,53,20,11, , 
chiang mai,2/3/2017,109,43,18,9, , 
chiang mai,2/4/2017,108,43,23,32, , 
chiang mai,2/5/2017,104,54,23,10, , 
chiang mai,2/6/2017,124,59,26,10, , 
chiang mai,2/7/2017,138,54,22,9, , 
chiang mai,2/8/2017,121,57,26,12, , 
chiang mai,2/9/2017,127,57,25,18, , 
chiang mai,2/10/2017,129,64,26,23, , 
chiang mai,2/11/2017,152,63,28,19, , 
chiang mai,2/12/2017,154,59,29,23, , 
chiang mai,2/13/2017,151,64,29,22, , 
chiang mai,2/14/2017,155,64,27,24, , 
chiang mai,2/15/2017,152,60,26,24, , 
chiang mai,2/16/2017,144,57,26,26, , 
chiang mai,2/17/2017,137,55,25,23, , 
chiang mai,2/18/2017,137,62,28,28, , 
chiang mai,2/19/2017,151,67,24,27, , 
chiang mai,2/20/2017,149,60,23,33, , 
chiang mai,2/21/2017,136,60,24,48, , 
chiang mai,2/22/2017,128,50,22,47, , 
chiang mai,2/23/2017,107,56,22,13, , 
chiang mai,2/24/2017,123,54,24,11, , 
chiang mai,2/25/2017,120,62,26,9, , 
chiang mai,2/26/2017,142,60,23,9, , 
chiang mai,2/27/2017,136,59,24,13, , 
chiang mai,2/28/2017,134,60,25,10, , 
chiang mai,3/1/2017,139,63,29,11, , 
chiang mai,3/2/2017,145,76,29,14, , 
chiang mai,3/3/2017,163,62,28,12, , 
chiang mai,3/4/2017,151,64,30,13, , 
chiang mai,3/5/2017,155,67,31,14, , 
chiang mai,3/6/2017,156,67,32,13, , 
chiang mai,3/7/2017,155,70,31,16, , 
chiang mai,3/8/2017,158,59,19,6, , 
chiang mai,3/9/2017,128,57,17,8, , 
chiang mai,3/10/2017,134,54,20,8, , 
chiang mai,3/11/2017,123,50,21,6, , 
chiang mai,3/12/2017,113,55,20,11, , 
chiang mai,3/13/2017,121,63,23,8, , 
chiang mai,3/14/2017,146,67,25,10, , 
chiang mai,3/15/2017,142,60,30,10, , 
chiang mai,3/16/2017,143,66,23,7, , 
chiang mai,3/17/2017,146,59,23,9, , 
chiang mai,3/18/2017,141,60,27,12, , 
chiang mai,3/19/2017,141,85,30,16, , 
chiang mai,3/20/2017,178,76,26,10, , 
chiang mai,3/21/2017,163,72,31,14, , 
chiang mai,3/22/2017,160,93,34,16, , 
chiang mai,3/23/2017,185,93,33,13, , 
chiang mai,3/24/2017,181,67,18,11, , 
chiang mai,3/25/2017,148,65,18,12, , 
chiang mai,3/26/2017,149,56,15,5, , 
chiang mai,3/27/2017,124,54,17,7, , 
chiang mai,3/28/2017,131,96,19,7,2, 
chiang mai,3/29/2017,175,60,15,8, , 
chiang mai,3/30/2017,135,65,21,13, , 
chiang mai,3/31/2017,147,65,20,9, , 
chiang mai,10/1/2016,73,28,11,6, , 
chiang mai,10/2/2016,67,32,9,7, , 
chiang mai,10/3/2016,66,29,9,7, , 
chiang mai,10/4/2016,67,30,16,6, , 
chiang mai,10/5/2016,67,25,12,7, , 
chiang mai,10/6/2016,63,26,15,5, , 
chiang mai,10/7/2016,69,29,17,7, , 
chiang mai,10/8/2016,190,32,19,8, , 
chiang mai,10/9/2016,101,32,15,7, , 
chiang mai,10/10/2016,92,31,16,7, , 
chiang mai,10/11/2016,73,19,11,3, , 
chiang mai,10/12/2016,59,30,14,7, , 
chiang mai,10/13/2016,76,38,13,6, , 
chiang mai,10/14/2016,98,25,10,3, , 
chiang mai,10/15/2016,73,19,9,4, , 
chiang mai,10/16/2016,61,26,9,6, , 
chiang mai,10/17/2016,64,35,10,7, , 
chiang mai,10/18/2016,84,40,20,9, , 
chiang mai,10/19/2016,92,40,19,9, , 
chiang mai,10/20/2016,88,39,18,7, , 
chiang mai,10/21/2016,74,33,16,7, , 
chiang mai,10/22/2016,68,31,15,8, , 
chiang mai,10/23/2016,67,33,14,8, , 
chiang mai,10/24/2016,69,26,8,7, , 
chiang mai,10/25/2016,67,28,14,8, , 
chiang mai,10/26/2016,63,28,11,6, , 
chiang mai,10/27/2016,63,27,15,6, , 
chiang mai,10/28/2016,57,22,9,3, , 
chiang mai,10/29/2016,57,26,12,6, , 
chiang mai,10/30/2016,64,31,11,6, , 
chiang mai,10/31/2016,65,29,8,5, , 
chiang mai,11/1/2016,61,26,10,5, , 
chiang mai,11/2/2016,55,26,9,4, , 
chiang mai,11/3/2016,63,29,9,7, , 
chiang mai,11/4/2016,75,33,24,9, , 
chiang mai,11/5/2016,77,34,21,10, , 
chiang mai,11/6/2016,81,37,17,8, , 
chiang mai,11/7/2016,84,29,15,7, , 
chiang mai,11/8/2016,72,21,11,7, , 
chiang mai,11/9/2016,57,26,11,7, , 
chiang mai,11/10/2016,68,19,5,9, , 
chiang mai,11/11/2016,57,36,14,8, , 
chiang mai,11/12/2016,61,35,17,9, , 
chiang mai,11/13/2016,67,34,18,8, , 
chiang mai,11/14/2016,72,35,15,8, , 
chiang mai,11/15/2016,69,39,20,9, , 
chiang mai,11/16/2016,81,39,19,10, , 
chiang mai,11/17/2016,83,41,21,11, , 
chiang mai,11/18/2016,82,37,22,10, , 
chiang mai,11/19/2016,80,31,12,5, , 
chiang mai,11/20/2016,73,30,8,7, , 
chiang mai,11/21/2016,77,39,6,8, , 
chiang mai,11/22/2016,87,39,17,10, , 
chiang mai,11/23/2016,93,39,19,10, , 
chiang mai,11/24/2016,94,38,17,9, , 
chiang mai,11/25/2016,83,36,16,9, , 
chiang mai,11/26/2016,83,29,17,8, , 
chiang mai,11/27/2016,78,39,12,12, , 
chiang mai,11/28/2016,84,41,15,11, , 
chiang mai,11/29/2016,94,43,23,12, , 
chiang mai,11/30/2016,99,43,22,13, , 
chiang mai,12/1/2016,102,42,18,12, , 
chiang mai,12/2/2016,97,41,13,9, , 
chiang mai,12/3/2016,101,36,14,9, , 
chiang mai,12/4/2016,90,34,9,6, , 
chiang mai,12/5/2016,99,34,10,7, , 
chiang mai,12/6/2016,110,45,13,7, , 
chiang mai,12/7/2016,123,46, ,7, , 
chiang mai,12/8/2016,119,44, ,9, , 
chiang mai,12/9/2016,134,44,7,9, , 
chiang mai,12/10/2016,114,154,18,11, , 
chiang mai,12/11/2016,122,82,25,12, , 
chiang mai,12/12/2016,156,46,13,9, , 
chiang mai,12/13/2016,127,38,13,9, , 
chiang mai,12/14/2016,98,37,9,8, , 
chiang mai,12/15/2016,96,32,5,6, , 
chiang mai,12/16/2016,95,21,4,6, , 
chiang mai,12/17/2016,79,31,8,11, , 
chiang mai,12/18/2016,88,39,15,7, , 
chiang mai,12/19/2016,95,44,16,10, , 
chiang mai,12/20/2016,101,39,16,9, , 
chiang mai,12/21/2016,105,40, ,10, , 
chiang mai,12/22/2016,92,38, ,12, , 
chiang mai,12/23/2016,81,42,20,11, , 
chiang mai,12/24/2016,107,41,20,9, , 
chiang mai,12/25/2016,113,45,16,9, , 
chiang mai,12/26/2016,112,46,18,5, , 
chiang mai,12/27/2016,120,47,21,5, , 
chiang mai,12/28/2016,111,42,15,2, , 
chiang mai,12/29/2016,106,34,13,2, , 
chiang mai,12/30/2016,94,33,13,2, , 
chiang mai,12/31/2016,91, , , , , 
chiang mai,7/1/2016,47,23,18,10, ,7
chiang mai,7/2/2016,48,26,15,9, ,8
chiang mai,7/3/2016,41,32,17,11, ,9
chiang mai,7/4/2016,47,65,16,12,30,9
chiang mai,7/5/2016,51,74,15,13,1,10
chiang mai,7/6/2016,68,25,18,11, ,9
chiang mai,7/7/2016,47,25,14,11, ,10
chiang mai,7/8/2016,34,22,18,9, ,7
chiang mai,7/9/2016,42,22,21,8, ,7
chiang mai,7/10/2016,44,23,16,11, ,7
chiang mai,7/11/2016,42,33,24,12, ,9
chiang mai,7/12/2016,52,38,26,14,1,10
chiang mai,7/13/2016,67,35,20,12,1,9
chiang mai,7/14/2016,50,34,22,14, ,9
chiang mai,7/15/2016,58,39,33,11, ,7
chiang mai,7/16/2016,65,38,24,12,1,9
chiang mai,7/17/2016,63,34,37,14,1,9
chiang mai,7/18/2016,61,23,26,9,1,7
chiang mai,7/19/2016,45,24,26,6, ,11
chiang mai,7/20/2016,43,25,13,8,1,13
chiang mai,7/21/2016,37,27,27,9,1,12
chiang mai,7/22/2016,33,17,21,4,1,9
chiang mai,7/23/2016,34,23,26,8, ,11
chiang mai,7/24/2016,52,29,23,10,1,12
chiang mai,7/25/2016,45,27,20,10,1,11
chiang mai,7/26/2016,47,29,22,8,1,11
chiang mai,7/27/2016,54,26,27,8,1,11
chiang mai,7/28/2016,37,29,26,13, ,8
chiang mai,7/29/2016,48,26,17,12, ,8
chiang mai,7/30/2016,60,21,18,7, ,6
chiang mai,7/31/2016,59,24,20,9, ,7
chiang mai,8/1/2016,61,26,25,10, ,7
chiang mai,8/2/2016,66,23,23,8, ,6
chiang mai,8/3/2016,60,25,22,10,1,7
chiang mai,8/4/2016,69,26,17,10, ,7
chiang mai,8/5/2016,66,29,21,11,2,8
chiang mai,8/6/2016,62,29, ,8, ,6
chiang mai,8/7/2016,62, , , , , 
chiang mai,8/8/2016,67,25,25,12, ,8
chiang mai,8/9/2016,65,38,30,15,1,10
chiang mai,8/10/2016,79,39,22,13,1,9
chiang mai,8/11/2016,79,38,24,14, ,10
chiang mai,8/12/2016,77,32,17,12,1,9
chiang mai,8/13/2016,71,27,23,13, ,9
chiang mai,8/14/2016,72,35,10,17, ,12
chiang mai,8/15/2016,78,37,24,14,1,11
chiang mai,8/16/2016,74,37,21,12,1,9
chiang mai,8/17/2016,80,37,29,11, ,9
chiang mai,8/18/2016,81,49,18,16, ,11
chiang mai,8/19/2016,104,39,18,13, ,11
chiang mai,8/20/2016,82,41,22,9,1,9
chiang mai,8/21/2016,88,36,32,12,1,9
chiang mai,8/22/2016,78,29,32,14,1,11
chiang mai,8/23/2016,55,33,30,11,1,9
chiang mai,8/24/2016,74,58,39,9,2,8
chiang mai,8/25/2016,50,24,19,10,1,9
chiang mai,8/26/2016,46,27,20,11, ,9
chiang mai,8/27/2016,57,30,17,11,1,12
chiang mai,8/28/2016,55,26,12,7, ,3
chiang mai,8/29/2016,55,25,9,6, , 
chiang mai,8/30/2016,63,25,11,6, , 
chiang mai,8/31/2016,57,29,12,6, , 
chiang mai,9/1/2016,63,29,13,8, , 
chiang mai,9/2/2016,64,21,10,5, , 
chiang mai,9/3/2016,58,25,13,6, , 
chiang mai,9/4/2016,65,33,14,8, , 
chiang mai,9/5/2016,77,34,16,7, , 
chiang mai,9/6/2016,76,26,6,6, , 
chiang mai,9/7/2016,64,26,9,5, , 
chiang mai,9/8/2016,77,25,12,4, , 
chiang mai,9/9/2016,64,27,13, , , 
chiang mai,9/10/2016,71,20,9,4, , 
chiang mai,9/11/2016,63,18,6,5, , 
chiang mai,9/12/2016,61,27,10,7, , 
chiang mai,9/13/2016,63,20,6,5, , 
chiang mai,9/14/2016,63,26,13,7, , 
chiang mai,9/15/2016,66,20,4,5, , 
chiang mai,9/16/2016,58,26,15,4, , 
chiang mai,9/17/2016,65,25,5,7, , 
chiang mai,9/18/2016,61,31,19,8, , 
chiang mai,9/19/2016,63,32,12,7, , 
chiang mai,9/20/2016,71,33,14,8, , 
chiang mai,9/21/2016,83,47,13,6, , 
chiang mai,9/22/2016,115,46,12,10, , 
chiang mai,9/23/2016,103,40,13,7, , 
chiang mai,9/24/2016,91,35,10,7, , 
chiang mai,9/25/2016,69,28,12,6, , 
chiang mai,9/26/2016,63,27,14,7, , 
chiang mai,9/27/2016,65,32,18,8, , 
chiang mai,9/28/2016,78,31,13,7, , 
chiang mai,9/29/2016,68,32,25,9, , 
chiang mai,9/30/2016,71,30,18,7, , 
chiang mai,4/1/2016,134,72,54,27,1,14
chiang mai,4/2/2016,146,67,62,26,1,13
chiang mai,4/3/2016,165,82,87,34,1,15
chiang mai,4/4/2016,162,83,67,27,2,13
chiang mai,4/5/2016,155,84,71,28,2,14
chiang mai,4/6/2016,162,96,83,33,2,16
chiang mai,4/7/2016,173,92,76,29,2,15
chiang mai,4/8/2016,169,88,56,33,6,18
chiang mai,4/9/2016,150,80,66,32,3,17
chiang mai,4/10/2016,156,79,80,35,2,16
chiang mai,4/11/2016,159,84,79,31,3,16
chiang mai,4/12/2016,162,80,79,25,2,14
chiang mai,4/13/2016,158,75,66,25,2,14
chiang mai,4/14/2016,148,77,88,29,2,15
chiang mai,4/15/2016,155,94,82,26,2,16
chiang mai,4/16/2016,174,103,87,34,3,19
chiang mai,4/17/2016,181,121,82,42,3,23
chiang mai,4/18/2016,203,103,32,29,8,22
chiang mai,4/19/2016,176,94,72,33,4,19
chiang mai,4/20/2016,171,95,67,29,11,18
chiang mai,4/21/2016,175,78,53,24,3,14
chiang mai,4/22/2016,160,75,60,19,2,11
chiang mai,4/23/2016,132,61,55,18,14,19
chiang mai,4/24/2016,140,67,56,22,2,10
chiang mai,4/25/2016,153,76,91,32,2,12
chiang mai,4/26/2016,163,95,91,36,3,15
chiang mai,4/27/2016,179,95,77,29,2,14
chiang mai,4/28/2016,178,63,62,16,1,9
chiang mai,4/29/2016,140,52,56,13, ,8
chiang mai,4/30/2016,124,37,64,18,1,8
chiang mai,5/1/2016,88,39,65,16,1,7
chiang mai,5/2/2016,87,55,55,18, ,8
chiang mai,5/3/2016,114,62,64,22, ,10
chiang mai,5/4/2016,136,60,52,21,12,12
chiang mai,5/5/2016,134,61,74,24,3,9
chiang mai,5/6/2016,139,64,84,30,2,12
chiang mai,5/7/2016,141,69,84,26,2,11
chiang mai,5/8/2016,155,65,89,26,2,11
chiang mai,5/9/2016,149,64,80,29,2,13
chiang mai,5/10/2016,148,71,75,30,2,14
chiang mai,5/11/2016,154,66,80,25,2,13
chiang mai,5/12/2016,150,61,79,22, ,11
chiang mai,5/13/2016,131,49,83,16, ,10
chiang mai,5/14/2016,112,45,65,14,41,21
chiang mai,5/15/2016,98,37,73,13,11,10
chiang mai,5/16/2016,89,29,55,18,80,10
chiang mai,5/17/2016,70,26,50,13,7,11
chiang mai,5/18/2016,61,25,39,14, ,11
chiang mai,5/19/2016,65,15,31,11, ,10
chiang mai,5/20/2016,32,15,23,11, ,10
chiang mai,5/21/2016,33,17,24,11, ,10
chiang mai,5/22/2016,42,25,34,15, ,11
chiang mai,5/23/2016,58,27,42,14, ,11
chiang mai,5/24/2016,63,28,32,15,15,11
chiang mai,5/25/2016,67,38,49,14,1,10
chiang mai,5/26/2016,67,41,41,15,2,8
chiang mai,5/27/2016,72,38,46,12, ,7
chiang mai,5/28/2016,68,31,36,11,1,8
chiang mai,5/29/2016,52,32,22,14,1,10
chiang mai,5/30/2016,61,26,30,12, ,9
chiang mai,5/31/2016,50,26,27,12,1,9
chiang mai,6/1/2016,38,23,24,13, ,9
chiang mai,6/2/2016,31,19,26,9, ,6
chiang mai,6/3/2016,30,20,18,11, ,8
chiang mai,6/4/2016,36,22,25,11, ,9
chiang mai,6/5/2016,44,21,18,10, ,10
chiang mai,6/6/2016,32,22,23,12,2,10
chiang mai,6/7/2016,42,22,23,11,1,10
chiang mai,6/8/2016,38,25,15,11,2,11
chiang mai,6/9/2016,42,24,14,11,1,11
chiang mai,6/10/2016,43,19,16,11, ,10
chiang mai,6/11/2016,34,31,28,12,29,13
chiang mai,6/12/2016,50,26,14,13,3,13
chiang mai,6/13/2016,41,26,25,11,1,11
chiang mai,6/14/2016,37,24,32,11,2,11
chiang mai,6/15/2016,39,20,33,10,1,10
chiang mai,6/16/2016,38,33,22,10,1,11
chiang mai,6/17/2016,35,19,25,10, ,10
chiang mai,6/18/2016,39,20,30,8, ,9
chiang mai,6/19/2016,33,26,33,11,1,10
chiang mai,6/20/2016,44,31,31,11, ,11
chiang mai,6/21/2016,54,17,19,8, ,8
chiang mai,6/22/2016,26,26,38,11,2,10
chiang mai,6/23/2016,54,25,23,13,1,11
chiang mai,6/24/2016,51,16,25,8,17,9
chiang mai,6/25/2016,32,16,24,7, ,9
chiang mai,6/26/2016,37,21,21,10,3,9
chiang mai,6/27/2016,32,22,23,10,1,6
chiang mai,6/28/2016,45,22,13,14, ,9
chiang mai,6/29/2016,39,23,16,13,1,9
chiang mai,6/30/2016,34,57,17,10,4,7
chiang mai,1/6/2016,116,53,9,24,1,11
chiang mai,1/7/2016,124,57, ,25,1,11
chiang mai,1/8/2016,122,55, ,25,1,14
chiang mai,1/9/2016,105,48, ,20,1,10
chiang mai,1/10/2016,90,46,36,27,1,9
chiang mai,1/11/2016,112,56,39,38,1,11
chiang mai,1/12/2016,121,58,43,27,3,11
chiang mai,1/13/2016,127,61,56,28,1,11
chiang mai,1/14/2016,119,52,36,19,1,10
chiang mai,1/15/2016,88,46,5,23,1,12
chiang mai,1/16/2016,83,42, ,22, ,9
chiang mai,1/17/2016,100,52,37,20,1,9
chiang mai,1/18/2016,114,60,46,29,1,13
chiang mai,1/19/2016,142,65,16,30,1,13
chiang mai,1/20/2016,145,68, ,31,1,15
chiang mai,1/21/2016,151,58,47,29,1,16
chiang mai,1/22/2016,127,44,8,19,1,12
chiang mai,1/23/2016,65,40, ,17, ,10
chiang mai,1/24/2016,75,50,31,18, ,12
chiang mai,1/25/2016,25,9,12,6, ,8
chiang mai,1/26/2016,25,10,12,7, ,8
chiang mai,1/27/2016,43,31, ,12, ,10
chiang mai,1/28/2016,81,51, ,18, ,14
chiang mai,1/29/2016,95,51, ,22, ,16
chiang mai,1/30/2016,94,62, ,24,1,17
chiang mai,1/31/2016,91,57,52,23, ,14
chiang mai,2/1/2016,76,57,42,23,1,12
chiang mai,2/2/2016,91,64,60,27,1,15
chiang mai,2/3/2016,95,64,52,28,1,15
chiang mai,2/4/2016,116,56,56,22,1,12
chiang mai,2/5/2016,124,56,12,24,1,13
chiang mai,2/6/2016,127,56, ,18,1,13
chiang mai,2/7/2016,94,43,31,11,1,12
chiang mai,2/8/2016,140,59,46,24,1,13
chiang mai,2/9/2016,152,68,60,28,1,15
chiang mai,2/10/2016,166,83,11,37,2,19
chiang mai,2/11/2016,169,85,14,39,1,20
chiang mai,2/12/2016,165,78,8,35,1,19
chiang mai,2/13/2016,165,74, ,31,1,16
chiang mai,2/14/2016,152,71,63,32,1,18
chiang mai,2/15/2016,162,80,64,33,1,18
chiang mai,2/16/2016,182,73,16,33,1,18
chiang mai,2/17/2016,159,74,72,36,1,20
chiang mai,2/18/2016,157,75,65,34,1,19
chiang mai,2/19/2016,139,75,11,33,1,19
chiang mai,2/20/2016,137,73, ,34,1,17
chiang mai,2/21/2016,156,75, ,24,1,16
chiang mai,2/22/2016,144,64,60,24,1,14
chiang mai,2/23/2016,149,71,50,27,1,15
chiang mai,2/24/2016,145,70,11,19,2,14
chiang mai,2/25/2016,108,59, ,20,2,15
chiang mai,2/26/2016,77,29, ,8,1,11
chiang mai,2/27/2016,58,25, ,8, ,10
chiang mai,2/28/2016,60,25, ,11, ,10
chiang mai,2/29/2016,66,28,17,13,1,7
chiang mai,3/1/2016,92,45,50,23,1,11
chiang mai,3/2/2016,135,64,74,28,1,12
chiang mai,3/3/2016,161,77,27,32,1,14
chiang mai,3/4/2016,143,61,10,27,1,13
chiang mai,3/5/2016,140,64, ,31,1,13
chiang mai,3/6/2016,158,79,76,38,1,18
chiang mai,3/7/2016,167,80,76,34,1,16
chiang mai,3/8/2016,143,66,53,28,1,13
chiang mai,3/9/2016,149,71,79,29,1,14
chiang mai,3/10/2016,160,77,71,35,1,15
chiang mai,3/11/2016,165,86,12,39,1,17
chiang mai,3/12/2016,163,81, ,28,1,14
chiang mai,3/13/2016,157,74,55,30,2,15
chiang mai,3/14/2016,163,84,60,35,1,17
chiang mai,3/15/2016,165,83,56,26,1,13
chiang mai,3/16/2016,142,72,60,27,1,11
chiang mai,3/17/2016,143,69,66,25,1,11
chiang mai,3/18/2016,142,70,15,24,1,11
chiang mai,3/19/2016,136,68, ,27,1,12
chiang mai,3/20/2016,165,88, ,34,1,15
chiang mai,3/21/2016,169,91,65,26,2,13
chiang mai,3/22/2016,142,76,16,22,2,11
chiang mai,3/23/2016,164,89,67,29,11,12
chiang mai,3/24/2016,171,95,79,33,2,14
chiang mai,3/25/2016,197,129,76,30,3,17
chiang mai,3/26/2016,172,90,68,23,1,15
chiang mai,3/27/2016,164,77,64,20,1,13
chiang mai,3/28/2016,149,71,59,24,1,13
chiang mai,3/29/2016,147,70,59,25,1,13
chiang mai,3/30/2016,160,77,70,35,1,15
chiang mai,3/31/2016,172,89,81,40,1,17
chiang mai,12/17/2020, ,57,19,4, , 
chiang mai,9/24/2020, ,23,7,1, , 
chiang mai,3/31/2020, ,83,30,6, , 
chiang mai,12/31/2019, ,41,16,9, , 
chiang mai,12/31/2018, ,41,22,10, , 
chiang mai,10/7/2017, ,40,8,4, , 
chiang mai,9/8/2017, ,33,2,8, , 
chiang mai,1/1/2017, ,22,12,4, , 
chiang mai,1/4/2016, ,46,44,21,1,10
chiang mai,1/5/2016, ,47,45,20,1,9
chiang mai,10/1/2015, ,22,8,10, ,6
chiang mai,10/2/2015, ,22, ,10, ,8
chiang mai,10/3/2015, ,16, , , , 
chiang mai,10/5/2015, ,25,20,10, ,8
chiang mai,10/6/2015, ,22,26,10, ,8
chiang mai,10/7/2015, ,18,26,11, ,8
chiang mai,10/8/2015, ,20,5,10, ,8
chiang mai,10/9/2015, ,21, , , , 
chiang mai,10/11/2015, ,6,22,3, ,3
chiang mai,10/12/2015, ,10,22,6,1,6
chiang mai,10/13/2015, ,15,29,10,1,9
chiang mai,10/14/2015, ,26,20,11,1,9
chiang mai,10/15/2015, ,28,7,12,1,9
chiang mai,10/16/2015, ,35, ,16,1,11
chiang mai,10/17/2015, ,33,30,14,1,9
chiang mai,10/18/2015, ,32,31,14,1,9
chiang mai,10/19/2015, ,33,29,11,1,8
chiang mai,10/20/2015, ,30,44,17, ,11
chiang mai,10/21/2015, ,29,6,16, ,10
chiang mai,10/22/2015, ,33, ,15, ,10
chiang mai,10/23/2015, ,37, ,14, ,10
chiang mai,10/24/2015, ,39, ,17, ,12
chiang mai,10/25/2015, ,53, ,24,1,13
chiang mai,10/26/2015, ,55,49,20,1,11
chiang mai,10/27/2015, ,49,33,15,1,11
chiang mai,10/28/2015, ,44,8,11, ,10
chiang mai,10/29/2015, ,35, ,13,1,10
chiang mai,10/30/2015, ,30, ,14, ,11
chiang mai,10/31/2015, ,33, ,14,1,11
chiang mai,11/1/2015, ,32,35,16, ,12
chiang mai,11/2/2015, ,29,21,7, ,9
chiang mai,11/3/2015, ,18,33,14, ,11
chiang mai,11/4/2015, ,22,26,16, ,12
chiang mai,11/5/2015, ,30,7,8, ,10
chiang mai,11/6/2015, ,25, , , , 
chiang mai,11/8/2015, ,28,28,15, ,12
chiang mai,11/9/2015, ,36,12,11, ,9
chiang mai,11/10/2015, ,27,24,18, ,12
chiang mai,11/11/2015, ,34,22,10, ,9
chiang mai,11/12/2015, ,22,4,13, ,10
chiang mai,11/13/2015, ,25, ,15, ,10
chiang mai,11/14/2015, ,34,32,13, ,8
chiang mai,11/15/2015, ,31,34,16, ,6
chiang mai,11/16/2015, ,48,33,16, ,6
chiang mai,11/17/2015, ,29,36,20,1,8
chiang mai,11/18/2015, ,35,34,18,1,7
chiang mai,11/19/2015, ,36,11,12, ,5
chiang mai,11/20/2015, ,29, ,11, ,5
chiang mai,11/21/2015, ,24,29,13,1,5
chiang mai,11/22/2015, ,23,34,15,1,6
chiang mai,11/23/2015, ,31,36,18, ,7
chiang mai,11/24/2015, ,34,34,17,2,8
chiang mai,11/25/2015, ,40,41,16,1,9
chiang mai,11/26/2015, ,42,5,20, ,11
chiang mai,11/27/2015, ,44, ,20, ,10
chiang mai,11/28/2015, ,39,40,18, ,10
chiang mai,11/29/2015, ,38,43,21,1,11
chiang mai,11/30/2015, ,42,40,19,1,9
chiang mai,12/1/2015, ,43,44,19,1,9
chiang mai,12/2/2015, ,39,13,17,1,9
chiang mai,12/3/2015, ,35,11,8, ,5
chiang mai,12/4/2015, ,28, ,10, ,6
chiang mai,12/5/2015, ,19, ,12, ,7
chiang mai,12/6/2015, ,24,34,11,1,6
chiang mai,12/7/2015, ,30,31,17,1,10
chiang mai,12/8/2015, ,37,5,15, ,8
chiang mai,12/9/2015, ,33,43,16, ,8
chiang mai,12/10/2015, ,31,6,20,2,10
chiang mai,12/11/2015, ,42, ,25,1,11
chiang mai,12/12/2015, ,49,44,26,1,11
chiang mai,12/13/2015, ,47,45,22,1,10
chiang mai,12/14/2015, ,48,39,24,1,11
chiang mai,12/15/2015, ,51,42,21,1,12
chiang mai,12/16/2015, ,54,40,16,1,11
chiang mai,12/17/2015, ,50,18,18,1,12
chiang mai,12/18/2015, ,41, ,21,1,11
chiang mai,12/19/2015, ,44,48,21,1,12
chiang mai,12/20/2015, ,46,50,27,1,14
chiang mai,12/21/2015, ,53,55,24,1,12
chiang mai,12/22/2015, ,49,45,20,1,11
chiang mai,12/23/2015, ,36,38,22,1,12
chiang mai,12/24/2015, ,39,41,18, ,10
chiang mai,12/25/2015, ,42,43,19,1,10
chiang mai,12/26/2015, ,41,36,17,1,10
chiang mai,12/27/2015, ,33,37,21,1,13
chiang mai,12/28/2015, ,50,38,18,1,12
chiang mai,12/29/2015, ,48,42,21,1,15
chiang mai,12/30/2015, ,49, , , , 
chiang mai,1/3/2016, ,41, , , , 
chiang mai,7/1/2015, ,32,19,9,1,5
chiang mai,7/2/2015, ,36,20,11,1,6
chiang mai,7/3/2015, ,33,29,11,1,5
chiang mai,7/4/2015, ,34,27,7,1,4
chiang mai,7/5/2015, ,20,28,10,1,5
chiang mai,7/6/2015, ,26,25,8,1,5
chiang mai,7/7/2015, ,27,19,9,1,5
chiang mai,7/8/2015, ,27,10,13,1,8
chiang mai,7/9/2015, ,23,21,13,1,7
chiang mai,7/10/2015, ,36,26,10,1,5
chiang mai,7/11/2015, ,27,15,10,1,6
chiang mai,7/12/2015, ,26,20,10,1,7
chiang mai,7/13/2015, ,30,23,10,1,7
chiang mai,7/14/2015, ,28,18,10,1,6
chiang mai,7/15/2015, ,27,19,9,1,6
chiang mai,7/16/2015, ,23,16,5, ,3
chiang mai,7/17/2015, ,14,16,3,1,2
chiang mai,7/18/2015, ,14,21,8,1,5
chiang mai,7/19/2015, ,20,17,12,1,7
chiang mai,7/20/2015, ,31, ,9,1,6
chiang mai,7/21/2015, ,24, ,10,1,7
chiang mai,7/22/2015, ,22, ,11,1,7
chiang mai,7/23/2015, ,28, ,10,1,7
chiang mai,7/24/2015, ,21, ,11,1,7
chiang mai,7/25/2015, ,29, ,8,1,6
chiang mai,7/26/2015, ,26, ,9,1,6
chiang mai,7/27/2015, ,22, ,11,1,8
chiang mai,7/28/2015, ,21, ,10,1,8
chiang mai,7/29/2015, ,26, ,8,1,5
chiang mai,7/30/2015, ,22, ,7,1,5
chiang mai,7/31/2015, ,20, ,8,1,5
chiang mai,8/1/2015, ,26, ,11,1,7
chiang mai,8/2/2015, ,28, ,13,1,9
chiang mai,8/3/2015, ,32, ,12,1,8
chiang mai,8/4/2015, ,33, ,9,1,6
chiang mai,8/5/2015, ,24, ,15,1,7
chiang mai,8/6/2015, ,32, ,13,1,7
chiang mai,8/7/2015, ,43, ,11,1,7
chiang mai,8/8/2015, ,35, ,10,1,6
chiang mai,8/9/2015, ,22, ,9,1,6
chiang mai,8/10/2015, ,22, ,8,1,6
chiang mai,8/11/2015, ,23, ,7,1,5
chiang mai,8/12/2015, ,22, ,9,1,6
chiang mai,8/13/2015, ,19, ,8,1,7
chiang mai,8/14/2015, ,17, ,9,1,7
chiang mai,8/15/2015, ,22, ,8,1,6
chiang mai,8/16/2015, ,19, ,10,1,8
chiang mai,8/17/2015, ,23, ,12,1,10
chiang mai,8/18/2015, ,29, ,12,1,11
chiang mai,8/19/2015, ,31, ,10,1,8
chiang mai,8/20/2015, ,31, ,8,1,7
chiang mai,8/21/2015, ,22, ,8,1,6
chiang mai,8/22/2015, ,19, ,8,1,6
chiang mai,8/23/2015, ,18, ,9,1,7
chiang mai,8/24/2015, ,20, ,10,1,7
chiang mai,8/25/2015, ,23, ,10,1,7
chiang mai,8/26/2015, ,24, ,10,1,7
chiang mai,8/27/2015, ,21, ,13,1,7
chiang mai,8/28/2015, ,26, ,7,1,6
chiang mai,8/29/2015, ,25, ,10,1,8
chiang mai,8/30/2015, ,27, ,11,1,8
chiang mai,8/31/2015, ,23, ,12,1,9
chiang mai,9/1/2015, ,31, ,10,1,7
chiang mai,9/2/2015, ,28, ,8,1,7
chiang mai,9/3/2015, ,22, ,11,1,9
chiang mai,9/4/2015, ,22, ,10,1,9
chiang mai,9/5/2015, ,26, ,8,1,8
chiang mai,9/6/2015, ,21, ,11,1,10
chiang mai,9/7/2015, ,26, ,10,1,9
chiang mai,9/8/2015, ,23, ,11,1,9
chiang mai,9/9/2015, ,24, ,10,1,8
chiang mai,9/10/2015, ,27, ,9,1,9
chiang mai,9/11/2015, ,28, ,9,1,8
chiang mai,9/12/2015, ,24, ,9,1,9
chiang mai,9/13/2015, ,23, ,11,1,10
chiang mai,9/14/2015, ,27, ,8,1,9
chiang mai,9/15/2015, ,27, ,10,1,10
chiang mai,9/16/2015, ,34, ,10,1,10
chiang mai,9/17/2015, ,32, ,10,1,10
chiang mai,9/18/2015, ,16, ,9,1,9
chiang mai,9/19/2015, ,18, ,10,1,10
chiang mai,9/20/2015, ,26, ,12,1,11
chiang mai,9/21/2015, ,39, ,11,1,11
chiang mai,9/22/2015, ,34, ,13,1,11
chiang mai,9/23/2015, ,33, ,9,1,9
chiang mai,9/24/2015, ,26,4,11,1,10
chiang mai,9/25/2015, ,27, ,11,1,10
chiang mai,9/26/2015, ,29,27,9,1,9
chiang mai,9/27/2015, ,29,30,11,1,9
chiang mai,9/28/2015, ,31,40,15, ,9
chiang mai,9/29/2015, ,38,39,12, ,8
chiang mai,9/30/2015, ,36,14,8, ,6
chiang mai,4/1/2015, ,45,48,14,14,9
chiang mai,4/2/2015, ,67,47,12,14,8
chiang mai,4/3/2015, ,75,62,17,13,9
chiang mai,4/4/2015, ,73,56,13,11,8
chiang mai,4/5/2015, ,83,56,13,11,10
chiang mai,4/6/2015, ,78,47,17,3,8
chiang mai,4/7/2015, ,81,40,13,14,7
chiang mai,4/8/2015, ,75,30, ,4,6
chiang mai,4/9/2015, ,57,37,17,4,5
chiang mai,4/10/2015, ,51,40,11,3,4
chiang mai,4/11/2015, ,54,35,8,2,3
chiang mai,4/12/2015, ,48,26,7,2,4
chiang mai,4/13/2015, ,24,39,15,3,7
chiang mai,4/14/2015, ,29,47,22,4,12
chiang mai,4/15/2015, ,47,46,21,3,13
chiang mai,4/16/2015, ,54,40,16,2,12
chiang mai,4/17/2015, ,55,40,20,4,13
chiang mai,4/18/2015, ,58,40,19,3,12
chiang mai,4/19/2015, ,57,49,23,4,12
chiang mai,4/20/2015, ,58,42,19,2,10
chiang mai,4/21/2015, ,63,34,13,1,9
chiang mai,4/22/2015, ,63,39,12,2,9
chiang mai,4/23/2015, ,48,31,12,2,8
chiang mai,4/24/2015, ,32,36,11,1,9
chiang mai,4/25/2015, ,28,23,10, ,9
chiang mai,4/26/2015, ,25,35,11,2,8
chiang mai,4/27/2015, ,17,28,10, ,8
chiang mai,4/28/2015, ,20,29,10,1,7
chiang mai,4/29/2015, ,24,33,16,1,9
chiang mai,4/30/2015, ,29,39,17,1,9
chiang mai,5/1/2015, ,48,39,18,3,10
chiang mai,5/2/2015, ,51,39,18,3,11
chiang mai,5/3/2015, ,59,36,13,6,8
chiang mai,5/4/2015, ,55,39,12,3,8
chiang mai,5/5/2015, ,54,33,13,3,8
chiang mai,5/6/2015, ,50,36,15,2,8
chiang mai,5/7/2015, ,48,38,14,2,6
chiang mai,5/8/2015, ,65,32,11,2,5
chiang mai,5/9/2015, ,62,34,12,1,6
chiang mai,5/10/2015, ,66,32,15,2,8
chiang mai,5/11/2015, ,72,37,19,1,8
chiang mai,5/12/2015, ,59,35,16,1,9
chiang mai,5/13/2015, ,62,29,16,30,11
chiang mai,5/14/2015, ,63,33,12,6,7
chiang mai,5/15/2015, ,42,25,13,1,7
chiang mai,5/16/2015, ,34,17,11,1,7
chiang mai,5/17/2015, ,28,17,12,1,6
chiang mai,5/18/2015, ,20,15,11,1,5
chiang mai,5/19/2015, ,17,18,11,1,7
chiang mai,5/20/2015, ,18,15,14, ,8
chiang mai,5/21/2015, ,22,14,12, ,7
chiang mai,5/22/2015, ,23,13,12, ,7
chiang mai,5/23/2015, ,21,21,9,1,6
chiang mai,5/24/2015, ,24,21,10,1,6
chiang mai,5/25/2015, ,38,24,10,1,6
chiang mai,5/26/2015, ,39,25,10, ,5
chiang mai,5/27/2015, ,33,20,11,2,6
chiang mai,5/28/2015, ,37,23,12,1,6
chiang mai,5/29/2015, ,39,24,12,1,6
chiang mai,5/30/2015, ,33,16,12,1,6
chiang mai,5/31/2015, ,27,14,10,1,7
chiang mai,6/1/2015, ,24,19,12,3,6
chiang mai,6/2/2015, ,24,20,11,2,6
chiang mai,6/3/2015, ,30,20,11,5,6
chiang mai,6/4/2015, ,26,21,11,2,7
chiang mai,6/5/2015, ,24,13,10,1,4
chiang mai,6/6/2015, ,19,17,10,1,6
chiang mai,6/7/2015, ,19,23,11,1,6
chiang mai,6/8/2015, ,27,18,10,4,6
chiang mai,6/9/2015, ,17,21,9,2,6
chiang mai,6/10/2015, ,15,15,10,1,6
chiang mai,6/11/2015, ,18,20,10,4,6
chiang mai,6/12/2015, ,18,17,11,1,7
chiang mai,6/13/2015, ,18,20,9,1,5
chiang mai,6/14/2015, ,19,22,10,1,6
chiang mai,6/15/2015, ,20,24,10,3,6
chiang mai,6/16/2015, ,16, ,12,1,5
chiang mai,6/17/2015, ,20, ,20,24,46
chiang mai,6/18/2015, ,18,19,12,24,26
chiang mai,6/19/2015, ,14,30,9,1,5
chiang mai,6/20/2015, ,19,23,8,1,4
chiang mai,6/21/2015, ,19,20,9,1,5
chiang mai,6/22/2015, ,23,18,11,1,6
chiang mai,6/23/2015, ,30,18,11,1,6
chiang mai,6/24/2015, ,33,16,11,1,6
chiang mai,6/25/2015, ,26,17,9,1,5
chiang mai,6/26/2015, ,19,18,11,1,6
chiang mai,6/27/2015, ,23,26,11,1,6
chiang mai,6/28/2015, ,23,22,12,1,6
chiang mai,6/29/2015, ,28,24,12,1,6
chiang mai,6/30/2015, ,32,26,12,1,5
chiang mai,1/1/2015, ,39,37,15,9,10
chiang mai,1/2/2015, ,35,52,16,9,6
chiang mai,1/3/2015, ,52,58,18,6,9
chiang mai,1/4/2015, ,51,47,17,6,9
chiang mai,1/5/2015, ,55,34,15,9,7
chiang mai,1/6/2015, ,52,40,15,13,6
chiang mai,1/7/2015, ,43,26,16,6,8
chiang mai,1/8/2015, ,54,21,15,6,11
chiang mai,1/9/2015, ,35,25,10,11,7
chiang mai,1/10/2015, ,6,21,8,7,12
chiang mai,1/11/2015, ,8,25,7,6,8
chiang mai,1/12/2015, ,11,27,11,9,6
chiang mai,1/13/2015, ,17,30,11,7,9
chiang mai,1/14/2015, ,27,27,14,8,10
chiang mai,1/15/2015, ,35,39,14,9,6
chiang mai,1/16/2015, ,37,43,12,9,6
chiang mai,1/17/2015, ,40,53,14,6,8
chiang mai,1/18/2015, ,48,33,14,12,12
chiang mai,1/19/2015, ,55,41,15,11,6
chiang mai,1/20/2015, ,59,25,15,6,9
chiang mai,1/21/2015, ,54,29,13,4,8
chiang mai,1/22/2015, ,43,32,12,8,5
chiang mai,1/23/2015, ,40,36,12,7,9
chiang mai,1/24/2015, ,38,38,11,6,7
chiang mai,1/25/2015, ,32,39,14,9,6
chiang mai,1/26/2015, ,42,41,13,11,5
chiang mai,1/27/2015, ,48,43,14,3,8
chiang mai,1/28/2015, ,48,46,15,7,9
chiang mai,1/29/2015, ,49,42,19,8,5
chiang mai,1/30/2015, ,54,43,12,2,6
chiang mai,1/31/2015, ,56,42,11,3,7
chiang mai,2/1/2015, ,65,44,14,7,6
chiang mai,2/2/2015, ,63,40,16,5,5
chiang mai,2/3/2015, ,60,39,15,2,6
chiang mai,2/4/2015, ,55,42,14,7,6
chiang mai,2/5/2015, ,54,44,12,5,5
chiang mai,2/6/2015, ,56,45,16,3,6
chiang mai,2/7/2015, ,58,52,9,4,7
chiang mai,2/8/2015, ,56,52,12,7,7
chiang mai,2/9/2015, ,64,55,15,4,7
chiang mai,2/10/2015, ,66,31,16,6,10
chiang mai,2/11/2015, ,63,40,14,8,5
chiang mai,2/12/2015, ,60,36,15,6,3
chiang mai,2/13/2015, ,58,40,17,3,3
chiang mai,2/14/2015, ,49,48,16,3,5
chiang mai,2/15/2015, ,55,45,17,5,4
chiang mai,2/16/2015, ,65,41,18,4,3
chiang mai,2/17/2015, ,63,39,17,3,4
chiang mai,2/18/2015, ,57,40,17,6,6
chiang mai,2/19/2015, ,57,37,17,4,2
chiang mai,2/20/2015, ,54,45,17,3,4
chiang mai,2/21/2015, ,52,49,19,3,6
chiang mai,2/22/2015, ,57,41,17,5,3
chiang mai,2/23/2015, ,67,34,18,3,7
chiang mai,2/24/2015, ,60,33,22,2,6
chiang mai,2/25/2015, ,60,35,23,6,6
chiang mai,2/26/2015, ,67,34,22,5,4
chiang mai,2/27/2015, ,65,42,18,2,9
chiang mai,2/28/2015, ,69,56,22,3,11
chiang mai,3/1/2015, ,80,61,24,5,10
chiang mai,3/2/2015, ,101,64,26,2,13
chiang mai,3/3/2015, ,95,43,15,2,7
chiang mai,3/4/2015, ,79,42,19,3,6
chiang mai,3/5/2015, ,60,53,22,3,7
chiang mai,3/6/2015, ,69,52,20,1,9
chiang mai,3/7/2015, ,78,67,20,3,9
chiang mai,3/8/2015, ,74,69,30,6,14
chiang mai,3/9/2015, ,102,52,29,6,16
chiang mai,3/10/2015, ,141,58,28,5,12
chiang mai,3/11/2015, ,124,57,30,5,11
chiang mai,3/12/2015, ,97,60,20,4,8
chiang mai,3/13/2015, ,87, , , , 
chiang mai,3/16/2015, ,131,58,31,6,16
chiang mai,3/17/2015, ,162,60,28,4,11
chiang mai,3/18/2015, ,129,80,30,5,11
chiang mai,3/19/2015, ,105,64,35,7,12
chiang mai,3/20/2015, ,108,69,28,6,11
chiang mai,3/21/2015, ,116,48,12,4,6
chiang mai,3/22/2015, ,88,35,14,5,6
chiang mai,3/23/2015, ,55,39,14,7,5
chiang mai,3/24/2015, ,55,31,9,10,9
chiang mai,3/25/2015, ,42,26,8,8,9
chiang mai,3/26/2015, ,27,29,9,9,7
chiang mai,3/27/2015, ,21,38,8,8,8
chiang mai,3/28/2015, ,26,33,9,11,7
chiang mai,3/29/2015, ,27,45,12,11,7
chiang mai,3/30/2015, ,39,35,11,12,7
chiang mai,3/31/2015, ,50,40,12,8,5
chiang mai,10/1/2014, ,21,27,8,7,2
chiang mai,10/2/2014, ,23,27,8,2,3
chiang mai,10/3/2014, ,25,26,6,2,2
chiang mai,10/4/2014, ,24,15,4,2,1
chiang mai,10/5/2014, ,19,28,7,8,6
chiang mai,10/6/2014, ,16,27,9,5,3
chiang mai,10/7/2014, ,25,32,8,3,2
chiang mai,10/8/2014, ,45,35,8,5,3
chiang mai,10/9/2014, ,50,36,9,3,3
chiang mai,10/10/2014, ,47,34,9,4,3
chiang mai,10/11/2014, ,36,16,8,4,3
chiang mai,10/12/2014, ,27,32,9,1,3
chiang mai,10/13/2014, ,28,31,10,2,3
chiang mai,10/14/2014, ,46,26,11,3,4
chiang mai,10/15/2014, ,52,43,10,3,3
chiang mai,10/16/2014, ,54,39,11,4,3
chiang mai,10/17/2014, ,54,72,7,38,16
chiang mai,10/18/2014, ,46,38, ,8,4
chiang mai,10/19/2014, ,35,37,10,8,7
chiang mai,10/20/2014, ,41,23,12,5,5
chiang mai,10/21/2014, ,35,8,9,6,5
chiang mai,10/22/2014, ,26,19,6,4,7
chiang mai,10/23/2014, ,15,16,8,5,8
chiang mai,10/24/2014, ,12,19,11,6,8
chiang mai,10/25/2014, ,19,28,8,6,8
chiang mai,10/26/2014, ,20,27,9,7,8
chiang mai,10/27/2014, ,23,19,11,4,8
chiang mai,10/28/2014, ,28,24,9,5,8
chiang mai,10/29/2014, ,27,22,7,1,6
chiang mai,10/30/2014, ,22,36,9,6,5
chiang mai,10/31/2014, ,30,34,8,4,5
chiang mai,11/1/2014, ,30,28,7,8,4
chiang mai,11/2/2014, ,24,27,8,5,3
chiang mai,11/3/2014, ,25,28,7,5,3
chiang mai,11/4/2014, ,26,12,11,5,6
chiang mai,11/5/2014, ,27,9,11,7,5
chiang mai,11/6/2014, ,15,19,9,5,3
chiang mai,11/7/2014, ,15,13,4,1,3
chiang mai,11/8/2014, ,15,31,8,7,4
chiang mai,11/9/2014, ,21,30,8,7,3
chiang mai,11/10/2014, ,24,31,9,5,4
chiang mai,11/11/2014, ,28,33,12,4,9
chiang mai,11/12/2014, ,33,42,12,5,2
chiang mai,11/13/2014, ,35,32,7,4,3
chiang mai,11/14/2014, ,39,35,6,5,2
chiang mai,11/15/2014, ,28,34,7,5,3
chiang mai,11/16/2014, ,25,28,11,4,4
chiang mai,11/17/2014, ,33,38,9,4,3
chiang mai,11/18/2014, ,38,48,9,6,3
chiang mai,11/19/2014, ,40,34,8,4,4
chiang mai,11/20/2014, ,37,38,9,4,3
chiang mai,11/21/2014, ,34,37,8,4,4
chiang mai,11/22/2014, ,36,35,9,4,2
chiang mai,11/23/2014, ,31,39,12,4,4
chiang mai,11/24/2014, ,37,39,13,10,6
chiang mai,11/25/2014, ,41,43,11,3,2
chiang mai,11/26/2014, ,41,41,12,3,3
chiang mai,11/27/2014, ,39,41,13,4,6
chiang mai,11/28/2014, ,36,46,8,6,2
chiang mai,11/29/2014, ,28, , , , 
chiang mai,12/1/2014, ,40,42,12,3,3
chiang mai,12/2/2014, ,35,42,10,1,3
chiang mai,12/3/2014, ,36,34,12,4,3
chiang mai,12/4/2014, ,32,36,11,3,2
chiang mai,12/5/2014, ,29,20,8,42,5
chiang mai,12/6/2014, ,31,31, ,6,5
chiang mai,12/9/2014, ,50,34,10,5,4
chiang mai,12/10/2014, ,43,40,13,7,7
chiang mai,12/11/2014, ,43,43,14,6,3
chiang mai,12/12/2014, ,47,34,14,5,5
chiang mai,12/13/2014, ,43,47,10,6,6
chiang mai,12/14/2014, ,40,57,16,6,4
chiang mai,12/15/2014, ,47,31,11,6,5
chiang mai,12/16/2014, ,49,16,9,4,9
chiang mai,12/17/2014, ,40,18,13,5,6
chiang mai,12/18/2014, ,42,25,12,4,3
chiang mai,12/19/2014, ,49,27,12,5,5
chiang mai,12/20/2014, ,38,36,10,10,4
chiang mai,12/21/2014, ,33,27,8,9,6
chiang mai,12/22/2014, ,37,38,13,7,4
chiang mai,12/23/2014, ,50,33,16,5,4
chiang mai,12/24/2014, ,52,36,17,9,3
chiang mai,12/25/2014, ,52,38,16,5,5
chiang mai,12/26/2014, ,50,39,16,8,4
chiang mai,12/27/2014, ,45,30,15,9,2
chiang mai,12/28/2014, ,33, , , , 
chiang mai,7/1/2014, ,26,30,8,3,2
chiang mai,7/2/2014, ,27,20,8,3,2
chiang mai,7/3/2014, ,20,23,11,2,4
chiang mai,7/4/2014, ,21,26,8,2,2
chiang mai,7/5/2014, ,26,22,14,2,2
chiang mai,7/6/2014, ,29,6,18,2,2
chiang mai,7/7/2014, ,32,7,12,5,5
chiang mai,7/8/2014, ,26,7,9,2,3
chiang mai,7/9/2014, ,23,13,7,2,2
chiang mai,7/10/2014, ,18,26,7,2,4
chiang mai,7/11/2014, ,15,19,7,6,4
chiang mai,7/12/2014, ,15,11,7,4,2
chiang mai,7/13/2014, ,14,17,9,5,3
chiang mai,7/14/2014, ,15,13,10,3,3
chiang mai,7/15/2014, ,19,19,8,4,3
chiang mai,7/16/2014, ,19,20,8,4,4
chiang mai,7/17/2014, ,20,16,7,10,3
chiang mai,7/18/2014, ,20,14,6,3,2
chiang mai,7/19/2014, ,17,16,4,4,1
chiang mai,7/20/2014, ,15,23,6,6,2
chiang mai,7/21/2014, ,16,20,8,4,1
chiang mai,7/22/2014, ,21,13,9,3,2
chiang mai,7/23/2014, ,25,29,8,5,2
chiang mai,7/24/2014, ,30,19,7,4,2
chiang mai,7/25/2014, ,22,20,6,4,2
chiang mai,7/26/2014, ,19,15,7,3,1
chiang mai,7/27/2014, ,15,17,9,3,3
chiang mai,7/28/2014, ,19,16,10,3,2
chiang mai,7/29/2014, ,26,22,7,2,2
chiang mai,7/30/2014, ,21,18,8,8,2
chiang mai,7/31/2014, ,21,18,8,3,2
chiang mai,8/1/2014, ,21,18,7,3,2
chiang mai,8/2/2014, ,18,13,5,3,1
chiang mai,8/3/2014, ,14,19,8,2,3
chiang mai,8/4/2014, ,18,21,9,2,3
chiang mai,8/5/2014, ,23,12,8,3,2
chiang mai,8/6/2014, ,19,14,8,2,1
chiang mai,8/7/2014, ,18,16,7,3,2
chiang mai,8/8/2014, ,14,16,6,2,2
chiang mai,8/9/2014, ,17,17,5,3,1
chiang mai,8/10/2014, ,13,19,8,1,3
chiang mai,8/11/2014, ,15,20,6,3,1
chiang mai,8/12/2014, ,18,14,9,3,2
chiang mai,8/13/2014, ,21,7,11,2,4
chiang mai,8/14/2014, ,19,15,8,3,1
chiang mai,8/15/2014, ,18,14,6,2,2
chiang mai,8/16/2014, ,17,1,5,1,2
chiang mai,8/17/2014, ,17,16,10,8,2
chiang mai,8/18/2014, ,25,18,8,5,3
chiang mai,8/19/2014, ,24,15,6,5,2
chiang mai,8/20/2014, ,18,15,4,4,2
chiang mai,8/21/2014, ,18,20,6,9,3
chiang mai,8/22/2014, ,18,19,9,2,2
chiang mai,8/23/2014, ,23,20,9,2,1
chiang mai,8/24/2014, ,21,9,7,3,1
chiang mai,8/25/2014, ,21,10,6,14,2
chiang mai,8/26/2014, ,26,13,5,3,1
chiang mai,8/27/2014, ,23,14,6,7,2
chiang mai,8/28/2014, ,13,8,6,6,2
chiang mai,8/29/2014, ,19,7,6,4,2
chiang mai,8/30/2014, ,15,12,5,5,2
chiang mai,8/31/2014, ,10,5,5,5,2
chiang mai,9/1/2014, ,15,6,7,6,1
chiang mai,9/2/2014, ,17,8,4,4,2
chiang mai,9/3/2014, ,10,7,7,5,2
chiang mai,9/4/2014, ,10,11,5,5,1
chiang mai,9/5/2014, ,13,10,5,6,1
chiang mai,9/6/2014, ,16,14,4,2,1
chiang mai,9/7/2014, ,16,15,6,5,2
chiang mai,9/8/2014, ,20,9,6,11,2
chiang mai,9/9/2014, ,26,18,6,4,2
chiang mai,9/10/2014, ,26,15,7,3,2
chiang mai,9/11/2014, ,26,18,7,5,2
chiang mai,9/12/2014, ,30,10,5,2,1
chiang mai,9/13/2014, ,26,15,4,5,1
chiang mai,9/14/2014, ,19,12,5,2,1
chiang mai,9/15/2014, ,19,22,7,17,10
chiang mai,9/16/2014, ,19,11,6,14,1
chiang mai,9/17/2014, ,18,13,7,1,2
chiang mai,9/18/2014, ,13,15,7,14,2
chiang mai,9/19/2014, ,16,22,7,7,1
chiang mai,9/20/2014, ,21,16,6,14, 
chiang mai,9/21/2014, ,18,14,9,6,4
chiang mai,9/22/2014, ,20,21,10,5,4
chiang mai,9/23/2014, ,28,17,7,7,3
chiang mai,9/24/2014, ,26,18,8,7,3
chiang mai,9/25/2014, ,17,12,8,7,3
chiang mai,9/26/2014, ,10,21,7,4,3
chiang mai,9/27/2014, ,15,1,4,2,2
chiang mai,9/28/2014, ,20,13,8,5,2
chiang mai,9/30/2014, ,20,20,8,6,3
chiang mai,4/1/2014, ,89,12,33,28,15
chiang mai,4/2/2014, ,92,4,26,26,16
chiang mai,4/3/2014, ,85,8,21,26,13
chiang mai,4/4/2014, ,76,20,15,28,10
chiang mai,4/5/2014, ,45,10,17,27,12
chiang mai,4/6/2014, ,44,12,15,25,10
chiang mai,4/7/2014, ,46,27,16,26,10
chiang mai,4/8/2014, ,54,55,15,22,8
chiang mai,4/9/2014, ,60,58,16,18,4
chiang mai,4/10/2014, ,66,42,17,13,5
chiang mai,4/11/2014, ,63,57,15,19,5
chiang mai,4/12/2014, ,64,50,17,17,7
chiang mai,4/13/2014, ,55,52,14,1,4
chiang mai,4/14/2014, ,45,50,11,1,3
chiang mai,4/15/2014, ,41,61,9,2,3
chiang mai,4/16/2014, ,36,55,13,1,4
chiang mai,4/17/2014, ,47,65,12,1,5
chiang mai,4/18/2014, ,43, ,13, ,45
chiang mai,4/19/2014, ,33, ,12, ,41
chiang mai,4/20/2014, ,36,37,13,20,16
chiang mai,4/21/2014, ,30,38,12,6,10
chiang mai,4/22/2014, ,56,36,14,3,11
chiang mai,4/23/2014, ,60,44,13,4,11
chiang mai,4/24/2014, ,69,35,11,23,9
chiang mai,4/25/2014, ,68,39,8,11,12
chiang mai,4/26/2014, ,59,40,8,4,8
chiang mai,4/27/2014, ,51,28,15,2,9
chiang mai,4/28/2014, ,55,28,10,2,4
chiang mai,4/29/2014, ,51,30,11,1,5
chiang mai,4/30/2014, ,35,34,11,1,4
chiang mai,5/1/2014, ,41,35,13,1,4
chiang mai,5/2/2014, ,44,23,9,1,2
chiang mai,5/3/2014, ,47,26,10,1,2
chiang mai,5/5/2014, ,47,26,9,1,2
chiang mai,5/6/2014, ,37,30,10,1,2
chiang mai,5/7/2014, ,41,21,12,2,4
chiang mai,5/8/2014, ,40,14,6,2,2
chiang mai,5/9/2014, ,51,14,10,2,4
chiang mai,5/10/2014, ,37,21,11,2,5
chiang mai,5/11/2014, ,38,24,10,2,4
chiang mai,5/12/2014, ,37,17,7,2,4
chiang mai,5/13/2014, ,24,27,10,1,3
chiang mai,5/14/2014, ,37,24,7,2,2
chiang mai,5/15/2014, ,34,25,10,2,3
chiang mai,5/16/2014, ,35,25,10,1,3
chiang mai,5/17/2014, ,37,20,9,1,3
chiang mai,5/18/2014, ,37,17,7,1,3
chiang mai,5/19/2014, ,21,18,8,1,3
chiang mai,5/20/2014, ,26,15,8,1,3
chiang mai,5/21/2014, ,22,19,7,1,2
chiang mai,5/22/2014, ,22,21,8,1,3
chiang mai,5/23/2014, ,22,23,8,1,4
chiang mai,5/24/2014, ,26,22,8,1,2
chiang mai,5/25/2014, ,29,22,13,23,18
chiang mai,5/26/2014, ,30,25,14,6,6
chiang mai,5/27/2014, ,38,29,10,4,5
chiang mai,5/28/2014, ,32,18,9,3,5
chiang mai,5/29/2014, ,26,30,10,3,6
chiang mai,5/30/2014, ,22,21,10,3,5
chiang mai,5/31/2014, ,27,17,6,3,2
chiang mai,6/1/2014, ,20,25,9,2,3
chiang mai,6/2/2014, ,17,24,9,3,3
chiang mai,6/3/2014, ,23,26,11,2,4
chiang mai,6/4/2014, ,30,24,10,3,4
chiang mai,6/5/2014, ,32,20,9,2,2
chiang mai,6/6/2014, ,21,20,7,2,4
chiang mai,6/7/2014, ,20,13,4,2,3
chiang mai,6/8/2014, ,14,11,8,2,4
chiang mai,6/9/2014, ,15,15,10,14,14
chiang mai,6/10/2014, ,19,37,8,15,21
chiang mai,6/11/2014, ,21,20,7,1,3
chiang mai,6/12/2014, ,18,13,10,2,4
chiang mai,6/13/2014, ,19,12,9,1,2
chiang mai,6/14/2014, ,18,23,7,2,2
chiang mai,6/15/2014, ,21,15,8,2,3
chiang mai,6/16/2014, ,21,17,9,2,3
chiang mai,6/17/2014, ,20,18,8,1,3
chiang mai,6/18/2014, ,23,16,7,1,2
chiang mai,6/19/2014, ,20,14,6,1,3
chiang mai,6/20/2014, ,26,16,6,1,3
chiang mai,6/21/2014, ,33,19,7,1,3
chiang mai,6/22/2014, ,33,17,8,1,2
chiang mai,6/23/2014, ,29,16,7,1,3
chiang mai,6/24/2014, ,29,15,8,4,3
chiang mai,6/25/2014, ,22,21,5,2,1
chiang mai,6/26/2014, ,23,8,11,2,4
chiang mai,6/27/2014, ,25,23,10,1,4
chiang mai,6/28/2014, ,34,18,8,1,1
chiang mai,6/29/2014, ,37,21,9,5,1
chiang mai,6/30/2014, ,29,24,8,3,2
chiang mai,1/1/2014, ,56,43,20,3,9
chiang mai,1/2/2014, ,49,33,19,1,6
chiang mai,1/3/2014, ,49,34,15,1,5
chiang mai,1/4/2014, ,39,37,19,2,8
chiang mai,1/5/2014, ,46,41,16,1,5
chiang mai,1/6/2014, ,49,37,18,1,5
chiang mai,1/7/2014, ,41,45,15, ,5
chiang mai,1/8/2014, ,39,41,19,1,6
chiang mai,1/9/2014, ,41,39,18,2,6
chiang mai,1/10/2014, ,48,39,18,1,6
chiang mai,1/11/2014, ,53,42,18,1,6
chiang mai,1/12/2014, ,48,38,21,1,8
chiang mai,1/13/2014, ,42,41,19,1,9
chiang mai,1/14/2014, ,43,40,18,6,8
chiang mai,1/15/2014, ,45,35,20,3,7
chiang mai,1/16/2014, ,41,44,24,2,6
chiang mai,1/17/2014, ,46,28,13,1,4
chiang mai,1/18/2014, ,44,31,13,10,4
chiang mai,1/19/2014, ,35,36,18,1,6
chiang mai,1/20/2014, ,46,32,11,1,3
chiang mai,1/21/2014, ,54,10,21,2,7
chiang mai,1/22/2014, ,55,38,27,3,7
chiang mai,1/23/2014, ,53,58,25,1,8
chiang mai,1/24/2014, ,50,4,18, ,6
chiang mai,1/25/2014, ,52, , , , 
chiang mai,1/27/2014, ,57,50,25,1,8
chiang mai,1/28/2014, ,55,48,20,2,7
chiang mai,1/29/2014, ,47,45,23,1,8
chiang mai,1/30/2014, ,41,48,22,2,7
chiang mai,1/31/2014, ,42,35,17,2,5
chiang mai,2/1/2014, ,35,32,13,2,4
chiang mai,2/2/2014, ,23,32,18,2,4
chiang mai,2/3/2014, ,21,40,19,1,6
chiang mai,2/4/2014, ,25,40,23,2,7
chiang mai,2/5/2014, ,28,40,20,3,5
chiang mai,2/6/2014, ,27,37,21,2,5
chiang mai,2/7/2014, ,31,38,26,3,6
chiang mai,2/8/2014, ,33,39,25,1,5
chiang mai,2/9/2014, ,27,45,31,1,8
chiang mai,2/10/2014, ,32,53,28,1,7
chiang mai,2/11/2014, ,41,37,27,1,7
chiang mai,2/12/2014, ,46,43,26,1,5
chiang mai,2/13/2014, ,34,43,22,1,5
chiang mai,2/14/2014, ,30,7,25,1,7
chiang mai,2/15/2014, ,25,37,17,1,3
chiang mai,2/16/2014, ,23,34,20,2,6
chiang mai,2/17/2014, ,24,29,13,3,3
chiang mai,2/18/2014, ,21,36,18,1,7
chiang mai,2/19/2014, ,20,48,14, ,5
chiang mai,2/20/2014, ,25,48,18,1,9
chiang mai,2/21/2014, ,41,48,20,5,5
chiang mai,2/22/2014, ,59,43,18,1,4
chiang mai,2/23/2014, ,49,56,25,1,6
chiang mai,2/24/2014, ,50,54,22,2,6
chiang mai,2/25/2014, ,53,65,14,1,7
chiang mai,2/26/2014, ,53,62,24,1,8
chiang mai,2/27/2014, ,57,70,24,1,7
chiang mai,2/28/2014, ,63,82,11,1,6
chiang mai,3/1/2014, ,63,68, ,2,7
chiang mai,3/2/2014, ,61,66,31,1,8
chiang mai,3/3/2014, ,62,61,22,1,6
chiang mai,3/4/2014, ,58,61,22,2,8
chiang mai,3/5/2014, ,77,57,34,1,9
chiang mai,3/6/2014, ,72,65,38,1,7
chiang mai,3/7/2014, ,66,68,33,2,10
chiang mai,3/8/2014, ,72,69,30,1,12
chiang mai,3/9/2014, ,69,56,35,1,11
chiang mai,3/10/2014, ,76,60,27,2,7
chiang mai,3/11/2014, ,84,79,36,3,10
chiang mai,3/12/2014, ,82,83,32,3,11
chiang mai,3/13/2014, ,82,75,37,1,11
chiang mai,3/14/2014, ,86,69,33,1,15
chiang mai,3/15/2014, ,98,7, ,1,11
chiang mai,3/16/2014, ,101,94,43,1,12
chiang mai,3/17/2014, ,86,76,32,1,15
chiang mai,3/18/2014, ,105,71,21,1,9
chiang mai,3/19/2014, ,104,90,36,2,16
chiang mai,3/20/2014, ,90,74,41,2,27
chiang mai,3/21/2014, ,128,20,23,4,21
chiang mai,3/22/2014, ,146,47,12, ,6
chiang mai,3/23/2014, ,36,44,19,1,9
chiang mai,3/24/2014, ,43,57,19,13,10
chiang mai,3/25/2014, ,28,66,27,3,13
chiang mai,3/26/2014, ,78,77,33,22,16
chiang mai,3/27/2014, ,96,62,32,26,13
chiang mai,3/28/2014, ,104,66,32,27,15
chiang mai,3/29/2014, ,94,55,21,28,11
chiang mai,3/30/2014, ,98,66,32,28,15
chiang mai,3/31/2014, ,89,53,39,28,19
chiang mai,12/12/2020, , ,12,14, , 
chiang mai,12/13/2020, , ,18,10, , 
chiang mai,12/14/2020, , ,20,10, , 
chiang mai,12/15/2020, , ,18,8, , 
chiang mai,12/16/2020, , ,18,4, , 
chiang mai,10/4/2015, , ,36,12, ,7
chiang mai,10/10/2015, , ,20,1, ,2
chiang mai,11/7/2015, , ,27,14, ,12
chiang mai,1/2/2016, , ,47,19,1,11
chiang mai,12/31/2014, , ,28,12,5,6
chiang mai,3/15/2015, , ,62,36,4,19
chiang mai,11/30/2014, , ,29,15,3,7
chiang mai,12/7/2014, , ,34,9,10,4
chiang mai,12/8/2014, , ,35,12,6,4
chiang mai,9/29/2014, , ,21,7,5,3
chiang mai,5/4/2014, , ,31,9,1,1
chiang mai,12/31/2013, , ,38,17,1,7
chiang mai,1/26/2014, , ,61,31,3,13
